name,last_match_date,current_elo,peak_elo,selo_Clay,selo_Grass,selo_Hard,wr_Clay,wr_Grass,wr_Hard,overall_wr,form10_wr,form5_wr,streak,avg_rest_days,matches_28d,last5
Jannik Sinner,2026-05-16,2157.1153292266126,2157.1153292266126,1779.929580292999,1613.6431331156105,2030.08938068451,0.98256715255015,0.7874199626902033,0.9637929084553294,0.9752260141518212,0.9945861279927444,0.999522976458714,29.0,2.5784658009428627,11.674488416424133,"[{""result"": ""W""}, {""result"": ""W""}, {""result"": ""W""}, {""result"": ""W""}, {""result"": ""W""}]"
Carlos Alcaraz,2026-04-16,2041.9870439452968,2074.7287635480147,1804.5813348696183,1669.3237882066308,1932.9132177001436,0.8298260265909021,0.9381792162575956,0.7615708860602146,0.8461813256588935,0.8215738703687385,0.8120704199908262,2.0,3.792057806893437,9.082955955593,"[{""result"": ""W""}, {""result"": ""W""}, {""result"": ""L""}, {""result"": ""W""}, {""result"": ""W""}]"
Novak Djokovic,2026-05-08,1953.4358160687864,2054.189089544887,1753.9572437676836,1674.3652144355349,1891.00076771502,0.7544062889768528,0.7966326342700689,0.7070172166407295,0.7359671567932982,0.6446921861321631,0.5333121628539141,-2.0,13.564025806052278,1.534659047864329,"[{""result"": ""L""}, {""result"": ""W""}, {""result"": ""W""}, {""result"": ""L""}, {""result"": ""L""}]"
Alexander Zverev,2026-05-12,1883.862179555978,1905.0111538881097,1754.4344289243943,1575.0718279377631,1807.9169179061005,0.690129491026414,0.6693081463643837,0.7067428938650894,0.7325636372640738,0.7064979850608961,0.6533032097812081,-1.0,2.8235432178924964,11.058730884315892,"[{""result"": ""W""}, {""result"": ""L""}, {""result"": ""W""}, {""result"": ""W""}, {""result"": ""L""}]"
Taylor Fritz,2026-03-24,1794.157734706636,1877.6220124836373,1616.4582102523448,1592.7499362464057,1742.7771946574435,0.6212961955959494,0.7426771010089757,0.6053869990820147,0.6475262488443928,0.6172680865873708,0.5837362422262576,-1.0,6.451222725342514,5.643155418931127,"[{""result"": ""W""}, {""result"": ""L""}, {""result"": ""W""}, {""result"": ""W""}, {""result"": ""L""}]"
Arthur Fils,2026-05-09,1780.8730973062902,1804.3368215215655,1612.813235985352,1516.1939689260469,1661.0004825262536,0.6542581083739395,0.5756671748194164,0.7013294695607294,0.7176491306283174,0.7006429952105835,0.6137226048899113,-2.0,4.375064864824078,8.335029584797429,"[{""result"": ""W""}, {""result"": ""W""}, {""result"": ""W""}, {""result"": ""L""}, {""result"": ""L""}]"
Daniil Medvedev,2026-05-15,1775.8232966741205,1924.10989234316,1615.5218138669718,1621.361378812999,1758.7633317338398,0.5818758986428154,0.7084777708818872,0.7136246893229832,0.6385183748277851,0.6129686081786645,0.5773548275152551,-1.0,4.498541407264779,7.69253824100447,"[{""result"": ""L""}, {""result"": ""W""}, {""result"": ""W""}, {""result"": ""W""}, {""result"": ""L""}]"
Ben Shelton,2026-05-09,1771.7510306155907,1824.1726062998512,1487.7528086653087,1497.443106559374,1753.7533962219989,0.3702956074396375,0.5110810991707794,0.829710685134116,0.6687261661825203,0.6260965307229902,0.5504691987670817,-2.0,7.182829076615896,4.565404439017115,"[{""result"": ""W""}, {""result"": ""W""}, {""result"": ""W""}, {""result"": ""L""}, {""result"": ""L""}]"
Alex De Minaur,2026-05-08,1754.2561791587157,1866.394961207324,1565.1844384164071,1613.6234243647634,1757.7051049917657,0.4185001530615518,0.70693287608567,0.5516056589712234,0.5587875396223829,0.4413461030666682,0.3230161871731662,-3.0,6.822607103529063,4.362230368519867,"[{""result"": ""L""}, {""result"": ""W""}, {""result"": ""L""}, {""result"": ""L""}, {""result"": ""L""}]"
Felix Auger Aliassime,2026-05-09,1742.8556568002834,1806.5747957692372,1603.422082559898,1517.3533705363734,1698.3102626087982,0.4686876257877254,0.2841064989810188,0.5909560877362795,0.5895736413162083,0.5122467990570793,0.4211831540053932,-2.0,6.565872377178166,4.517267536149841,"[{""result"": ""W""}, {""result"": ""L""}, {""result"": ""W""}, {""result"": ""L""}, {""result"": ""L""}]"
Nick Kyrgios,2023-06-12,1739.421483935275,1779.8734522983857,1518.106986691486,1571.2380572989057,1639.26821009215,0.588996875,0.6121600479816475,0.6726192777355879,0.6907245190193,0.6166016979084904,0.5114025281621902,-2.0,10.336462379805104,1.745753120816495,
Holger Rune,2025-10-08,1731.23527513647,1827.5225289727653,1640.3041413942478,1535.603298558039,1674.592625076845,0.6176939922240222,0.6043991470933344,0.6399413931620657,0.6586252845835188,0.6475719321663554,0.62541154274934,-1.0,5.725810759500954,6.832334221830208,"[{""result"": ""L""}, {""result"": ""W""}, {""result"": ""W""}, {""result"": ""W""}, {""result"": ""L""}]"
Casper Ruud,2026-05-16,1724.1328809758324,1846.4253946945876,1767.1819462482724,1490.2731583483344,1596.8362662683755,0.7245658785545787,0.4341198713133958,0.447341133554003,0.6404046973968657,0.6892952189460225,0.6938470392893104,-1.0,5.023583106236538,8.616913698897493,"[{""result"": ""W""}, {""result"": ""W""}, {""result"": ""W""}, {""result"": ""W""}, {""result"": ""L""}]"
Jack Draper,2026-04-13,1723.6667253497349,1780.0987490585155,1493.0208805626817,1568.915734084895,1665.7105077646872,0.3150281409491863,0.6507311535177335,0.5460328713231993,0.5767828285802057,0.500447978269658,0.4107835418624447,-2.0,12.269749091581769,2.9678328268226144,"[{""result"": ""W""}, {""result"": ""L""}, {""result"": ""W""}, {""result"": ""L""}, {""result"": ""L""}]"
Rafael Nadal,2024-11-19,1719.821591394527,1884.699101867268,1668.9594864343771,1538.0770620350263,1620.0115665014762,0.5994986203217731,0.6614252421875,0.407483991277102,0.5658819551094653,0.5069728827395409,0.44099007390412,-2.0,14.328161470275589,1.635272197411675,
Lorenzo Musetti,2026-05-12,1717.7618750708266,1750.5333097488149,1639.38467793509,1582.4726596230466,1609.8928597808133,0.6088484129412505,0.7272822365680689,0.5206622023332049,0.5884523013489287,0.5764046168682284,0.563349408428123,-1.0,7.430667088279964,6.12710270875644,"[{""result"": ""W""}, {""result"": ""L""}, {""result"": ""W""}, {""result"": ""W""}, {""result"": ""L""}]"
Jiri Lehecka,2026-05-10,1713.258812559473,1726.9121085749173,1563.846829702453,1507.4169641490596,1643.604345482064,0.5934250677978075,0.5410733122875488,0.6424402849387971,0.6255692928140778,0.6159531269951019,0.5721569540795125,-1.0,5.2882382345722805,6.967095975313418,"[{""result"": ""W""}, {""result"": ""W""}, {""result"": ""L""}, {""result"": ""W""}, {""result"": ""L""}]"
Andrey Rublev,2026-05-14,1703.6704198437565,1832.8449121577887,1661.6742723991244,1560.4391328990364,1661.8373317115916,0.6171976138800614,0.5030974550531457,0.4740617484218992,0.6051026535147072,0.6044194151126937,0.5911287590454689,-1.0,4.9903964324600665,7.285263552864829,"[{""result"": ""L""}, {""result"": ""W""}, {""result"": ""W""}, {""result"": ""W""}, {""result"": ""L""}]"
Frances Tiafoe,2026-05-11,1695.9261272169913,1738.3458139157458,1527.4289889911922,1545.0538074359592,1659.7170767157336,0.4557925836754631,0.5466711416358678,0.6497108032472755,0.6126046555040143,0.6086790006429307,0.5690908953973131,-1.0,8.678283506876197,3.4319540088694174,"[{""result"": ""W""}, {""result"": ""W""}, {""result"": ""L""}, {""result"": ""W""}, {""result"": ""L""}]"
Tommy Paul,2026-05-10,1691.702976648085,1790.4622658561766,1524.1152302862968,1602.157177754707,1661.4587798374423,0.5152078820569167,0.7572252373281203,0.6102447950947332,0.5818735391534368,0.5254144796806341,0.4671863748785781,-1.0,10.087762018300053,3.593044645295139,"[{""result"": ""W""}, {""result"": ""L""}, {""result"": ""L""}, {""result"": ""W""}, {""result"": ""L""}]"
Flavio Cobolli,2026-05-11,1690.4648528224027,1707.1973765856344,1544.9509824589986,1494.7395339632758,1631.966697053589,0.5484222605565265,0.4582082316406249,0.6492800279601364,0.6209869243624462,0.617572328576709,0.5762901495245082,-1.0,4.915100304489289,7.844821230482031,"[{""result"": ""W""}, {""result"": ""W""}, {""result"": ""L""}, {""result"": ""W""}, {""result"": ""L""}]"
Sebastian Korda,2026-03-24,1683.4465770907143,1789.9027466315033,1526.6036560067414,1557.005347390151,1638.8511629778418,0.4849841098962641,0.5562243295416305,0.4961021888740213,0.5307291565571286,0.498835405556134,0.4993743156310511,-1.0,10.646088876244669,4.661477887446894,"[{""result"": ""W""}, {""result"": ""L""}, {""result"": ""W""}, {""result"": ""W""}, {""result"": ""L""}]"
Grigor Dimitrov,2026-04-23,1680.999497017013,1865.4789783486767,1580.5027877414627,1540.0020465893608,1681.7119299979984,0.473604524632686,0.6140833322024594,0.3417347007331461,0.4477420037863382,0.2981157211375707,0.1830912160185459,-4.0,14.906686791168095,2.399429122336209,"[{""result"": ""W""}, {""result"": ""L""}, {""result"": ""L""}, {""result"": ""L""}, {""result"": ""L""}]"
Learner Tien,2026-05-12,1680.9881510812509,1695.5393251417147,1518.348590977526,1500.0,1621.9500480373908,0.588996875,0.5,0.5529127153183857,0.6216417860447985,0.6231738931326023,0.603404010038977,-1.0,9.910723875039237,4.0456898547248645,"[{""result"": ""L""}, {""result"": ""W""}, {""result"": ""W""}, {""result"": ""W""}, {""result"": ""L""}]"
Francisco Cerundolo,2026-05-10,1680.464405608931,1699.5671042172378,1629.0898085307465,1494.7782760298826,1610.7909190125226,0.5613458065139768,0.3790130243481637,0.6175217441949075,0.5866073511121541,0.5710522707865434,0.5299115788737936,-1.0,5.691316267188277,6.749086866657395,"[{""result"": ""W""}, {""result"": ""W""}, {""result"": ""L""}, {""result"": ""W""}, {""result"": ""L""}]"
Valentin Vacherot,2026-04-24,1673.2331926096683,1695.7002348114038,1502.5459009770516,1500.0,1614.3736258258266,0.4610090217340309,0.5,0.600613442403429,0.6155882631428373,0.5930983225261677,0.5272762142133173,-2.0,7.556551049953613,5.656395780893045,"[{""result"": ""W""}, {""result"": ""W""}, {""result"": ""W""}, {""result"": ""L""}, {""result"": ""L""}]"
Joao Fonseca,2026-05-09,1673.126167938723,1704.7093172625357,1518.2643325360432,1490.9907426341113,1628.1044836371743,0.4565747292391942,0.425,0.6058449669034913,0.5883237916006478,0.5261001649098933,0.4370567894379772,-2.0,6.98631202994574,5.704367302900536,"[{""result"": ""W""}, {""result"": ""L""}, {""result"": ""W""}, {""result"": ""L""}, {""result"": ""L""}]"
Matteo Berrettini,2026-05-07,1670.9930400400467,1764.0700985288772,1653.5430202623218,1640.7403423437468,1600.379097654983,0.5322741589624369,0.6051823126832566,0.5356404634788725,0.5341669123832765,0.4519115059876027,0.3633856593319378,-3.0,10.18704755796665,3.5678188054563837,"[{""result"": ""W""}, {""result"": ""W""}, {""result"": ""L""}, {""result"": ""L""}, {""result"": ""L""}]"
Tomas Machac,2026-05-09,1656.0561750890372,1708.8903021446915,1582.597248036364,1484.4196991903232,1574.65453601312,0.602286815514039,0.3885031249999999,0.3933185452001717,0.5225750203083679,0.5573272636063336,0.6158282959524921,2.0,7.979768970366095,5.75968720232996,"[{""result"": ""L""}, {""result"": ""W""}, {""result"": ""L""}, {""result"": ""W""}, {""result"": ""W""}]"
Cameron Norrie,2026-05-09,1648.8507863406344,1778.244862450891,1607.4491802165453,1547.6330446715615,1615.5833156022868,0.4660080906312871,0.4989689770848582,0.4986555123289921,0.5252254524663235,0.4980154952811413,0.4463261523788311,-2.0,6.551125863806655,5.595703957676768,"[{""result"": ""L""}, {""result"": ""W""}, {""result"": ""W""}, {""result"": ""L""}, {""result"": ""L""}]"
Jakub Mensik,2026-05-09,1647.1761056982184,1671.1736066806748,1528.5628339268835,1484.3214217346792,1610.142628190338,0.4816091531862573,0.3589944453124999,0.5510118636665137,0.5528021003879688,0.5138185191518891,0.4435925063331992,-2.0,8.262634895319927,4.039172338429532,"[{""result"": ""L""}, {""result"": ""W""}, {""result"": ""W""}, {""result"": ""L""}, {""result"": ""L""}]"
Karen Khachanov,2026-05-13,1646.778478046486,1783.65112194606,1597.6277504474303,1515.788932858105,1641.5167043930544,0.5534207450543902,0.44419423734364,0.4488492866043159,0.5314660608816295,0.5130917882286552,0.5261092168104112,-1.0,6.333407119354908,6.202435653427539,"[{""result"": ""L""}, {""result"": ""W""}, {""result"": ""W""}, {""result"": ""W""}, {""result"": ""L""}]"
Hubert Hurkacz,2026-05-06,1641.1877700004768,1807.3724058069915,1595.4962641932457,1582.6132923560497,1615.0440500694808,0.5094147445328017,0.6256581280973444,0.2358201993839264,0.459380145983367,0.3661608454662877,0.3204115145916364,-2.0,10.96617644517519,3.767489083930264,"[{""result"": ""W""}, {""result"": ""L""}, {""result"": ""W""}, {""result"": ""L""}, {""result"": ""L""}]"
Ugo Humbert,2026-05-10,1640.881279193996,1762.7755014984186,1434.1520351553213,1522.8493699677256,1640.7080195278886,0.3410729659541384,0.5158753654880934,0.4823629902810464,0.4787355836517147,0.4359344083323371,0.3965051378765342,-1.0,8.582150906695459,4.116247473822234,"[{""result"": ""W""}, {""result"": ""L""}, {""result"": ""L""}, {""result"": ""W""}, {""result"": ""L""}]"
Arthur Rinderknech,2026-04-26,1640.6542968098065,1697.116624360679,1497.1478733093231,1466.505898472449,1603.2906559641435,0.4435563100974375,0.3844146984407214,0.4174489173222684,0.4978853702918052,0.4520467776225543,0.4216263256258454,-1.0,7.453904456179439,5.357907989424003,"[{""result"": ""L""}, {""result"": ""W""}, {""result"": ""L""}, {""result"": ""W""}, {""result"": ""L""}]"
Jordan Thompson,2026-01-20,1638.0209849074652,1680.2930963188378,1430.516887113184,1547.5412712700347,1600.214708817423,0.2179791533087252,0.5408563852216404,0.4744196119857199,0.5389430158928846,0.4952608453595425,0.4436814074649167,-1.0,14.778548230456062,2.30497002165528,"[{""result"": ""L""}, {""result"": ""W""}, {""result"": ""L""}, {""result"": ""W""}, {""result"": ""L""}]"
Jan-Lennard Struff,2026-05-08,1637.3800786957245,1721.486902393641,1618.0875377821517,1529.1745683630552,1513.8263387911109,0.6125638214628543,0.5877404634651563,0.3774719317222604,0.4864906855610073,0.4348674033045364,0.4062044750667768,-1.0,12.3838404523658,3.9667768026417054,"[{""result"": ""L""}, {""result"": ""W""}, {""result"": ""L""}, {""result"": ""W""}, {""result"": ""L""}]"
Stefanos Tsitsipas,2026-05-07,1636.6846736839211,1832.4446490922735,1730.5135612047918,1530.0641157946957,1601.505823160947,0.5347854258420253,0.5158015959236235,0.3944170312390738,0.478526373673303,0.4395948138265224,0.4078216267255929,-2.0,7.18404832092407,5.506252910324725,"[{""result"": ""W""}, {""result"": ""W""}, {""result"": ""W""}, {""result"": ""L""}, {""result"": ""L""}]"
Alexander Bublik,2026-05-10,1629.7973678450255,1691.9772381988985,1485.032335374717,1585.948815699081,1575.7652696155976,0.4263685083386097,0.5557899930298043,0.3955678767253494,0.4749813936940178,0.4252803684519783,0.3650799106255007,-1.0,7.338603732280919,4.663968794836198,"[{""result"": ""L""}, {""result"": ""L""}, {""result"": ""L""}, {""result"": ""W""}, {""result"": ""L""}]"
Alejandro Davidovich Fokina,2026-05-11,1627.3737148485168,1661.509207866921,1553.3796669060887,1477.0154338276209,1600.27891519966,0.4231648156483789,0.3623055204269965,0.497229494886083,0.5392977737950465,0.5011697250111388,0.4473513152202599,-1.0,8.823110294001374,3.9024854937746194,"[{""result"": ""L""}, {""result"": ""W""}, {""result"": ""L""}, {""result"": ""W""}, {""result"": ""L""}]"
Tomas Martin Etcheverry,2026-05-09,1625.265394889032,1649.5455224675318,1609.0295719946375,1465.3277893261738,1511.625328661437,0.5407885415381033,0.3303010593945312,0.4727458273969877,0.5546781750125898,0.5278231871978326,0.4553745885562196,-2.0,6.853504276839115,5.640888250052093,"[{""result"": ""L""}, {""result"": ""W""}, {""result"": ""W""}, {""result"": ""L""}, {""result"": ""L""}]"
Rafael Jodar,2026-05-13,1621.129925654201,1635.0824244027883,1568.60268601893,1500.0,1497.742352327141,0.6765037737746463,0.5,0.4591128487724608,0.6245894896112124,0.6681892581383695,0.661230743375184,-1.0,5.685702880432018,8.648893323509764,"[{""result"": ""L""}, {""result"": ""W""}, {""result"": ""W""}, {""result"": ""W""}, {""result"": ""L""}]"
Alexei Popyrin,2026-05-11,1613.5915579715177,1689.4604389192946,1516.116608696923,1456.9019424935807,1574.2263377429038,0.4121150831523689,0.3841455008974402,0.2597450839140353,0.3958987031241708,0.3524527666917174,0.3602529927963505,-1.0,11.329512832300358,4.13397676062888,"[{""result"": ""L""}, {""result"": ""L""}, {""result"": ""W""}, {""result"": ""W""}, {""result"": ""L""}]"
Marin Cilic,2026-05-09,1607.940653330582,1701.1099020446873,1524.3265273375905,1568.3820776602663,1571.6177377784074,0.4648466926458069,0.6799353897071866,0.4634171796560251,0.493427704736782,0.4661599511549373,0.4268590690958384,-1.0,8.457355405735967,4.930938161319728,"[{""result"": ""L""}, {""result"": ""W""}, {""result"": ""L""}, {""result"": ""W""}, {""result"": ""L""}]"
Gael Monfils,2026-04-23,1606.9977970438629,1688.339477424565,1455.8136488140124,1512.5757250921267,1599.8575180442883,0.2835345030689681,0.5618493623194164,0.4124218696408709,0.4437223132929381,0.3822337753716856,0.3273649215796057,-2.0,16.22549736859131,2.720247216584442,"[{""result"": ""W""}, {""result"": ""L""}, {""result"": ""W""}, {""result"": ""L""}, {""result"": ""L""}]"
Kei Nishikori,2024-10-21,1602.782266163574,1626.8499378445752,1524.017875726469,1489.8066910837224,1569.385729098037,0.4877501529856524,0.4085285937499999,0.4614283606051649,0.5190854024975504,0.4641598781677989,0.4026117295590409,-2.0,10.894181287945932,4.109684358632757,
Hamad Medjedovic,2026-05-12,1600.5537820551644,1615.9255465465324,1524.681869115974,1493.181152626678,1537.5269956164864,0.5983333918252995,0.4345624999999999,0.3716214195469619,0.5422775195368669,0.5795416326338086,0.6070657504358178,-1.0,12.83752195108207,5.388757098298383,"[{""result"": ""L""}, {""result"": ""W""}, {""result"": ""W""}, {""result"": ""W""}, {""result"": ""L""}]"
Alex Michelsen,2026-05-07,1595.4450373465602,1629.0489450587577,1475.8020159996986,1520.1191323673472,1567.158538048547,0.3321552634379444,0.5497673082923319,0.4845818042884015,0.4571256375057132,0.4238206452914703,0.3696868290860731,-2.0,9.568044905276825,4.0592575995248605,"[{""result"": ""L""}, {""result"": ""L""}, {""result"": ""W""}, {""result"": ""L""}, {""result"": ""L""}]"
Thanasi Kokkinakis,2024-11-23,1594.8844766398224,1603.2395861922814,1494.666832174973,1501.7758233634188,1552.7750278757223,0.4200104290620076,0.4806218749999999,0.5107034036361291,0.4914051209656982,0.5099816152815398,0.4975772907889983,-1.0,13.07849453496386,2.398737574690646,
Alexander Blockx,2026-05-10,1593.4321883532564,1596.9769060411516,1572.5927423099863,1500.0,1466.486140268755,0.6520178294894335,0.5,0.2877885441406249,0.5591960196505315,0.6078902771582412,0.6168018795087531,-1.0,10.643865657642102,8.37576290435075,"[{""result"": ""W""}, {""result"": ""L""}, {""result"": ""W""}, {""result"": ""W""}, {""result"": ""L""}]"
Botic van de Zandschulp,2026-05-10,1590.7350004392956,1666.2466412582387,1526.9723627268663,1492.1648245484307,1555.4197147258983,0.4750555128625801,0.3884493118173253,0.5221878466204698,0.5112141223263519,0.5498651261221986,0.5563844823859019,-1.0,12.63364137788046,4.043431045559666,"[{""result"": ""W""}, {""result"": ""L""}, {""result"": ""W""}, {""result"": ""W""}, {""result"": ""L""}]"
Tallon Griekspoor,2026-05-08,1590.3734378438155,1684.5140277645928,1489.1534937139463,1545.877400659398,1575.4037175897445,0.3422842800793381,0.5229604231633234,0.5053832087191936,0.4214406251062174,0.3925654485113872,0.3316278674211725,-2.0,10.255691835182432,3.554787801240552,"[{""result"": ""L""}, {""result"": ""L""}, {""result"": ""W""}, {""result"": ""L""}, {""result"": ""L""}]"
Luciano Darderi,2026-05-15,1584.1735023870615,1608.892947767162,1580.5383396276195,1491.6777533304098,1481.433220152266,0.5720474061041587,0.4414714062499999,0.4471752698659652,0.5051549152917753,0.56013471705835,0.5950573145762056,-1.0,8.259964832786306,6.572637245987896,"[{""result"": ""W""}, {""result"": ""W""}, {""result"": ""W""}, {""result"": ""W""}, {""result"": ""L""}]"
Alejandro Tabilo,2026-05-08,1582.4488061204077,1670.0773675614314,1557.9303147620271,1522.9605378260987,1503.782663724385,0.502052934354194,0.6512124858911599,0.3568370009516255,0.4660221765532987,0.4591265037533042,0.4294602046438509,-1.0,7.781868290486016,5.217631999874611,"[{""result"": ""L""}, {""result"": ""W""}, {""result"": ""L""}, {""result"": ""W""}, {""result"": ""L""}]"
Terence Atmane,2026-05-09,1582.4250528061884,1590.8104966341173,1510.695804792284,1500.0,1525.344192845267,0.4717597765148241,0.5,0.5047097598073207,0.4788136393311188,0.4868051714454989,0.4736825170427572,-1.0,8.292029955208683,5.85058062579868,"[{""result"": ""W""}, {""result"": ""W""}, {""result"": ""L""}, {""result"": ""W""}, {""result"": ""L""}]"
David Goffin,2025-10-20,1580.1573576795042,1612.1529257398654,1510.5283307137977,1495.8427119736805,1532.258460223893,0.3329674596351547,0.3841062788745089,0.4328686219397476,0.4981573595096227,0.4603975490538542,0.3882374279008195,-2.0,12.798653460140857,3.2798786578088426,"[{""result"": ""L""}, {""result"": ""W""}, {""result"": ""W""}, {""result"": ""L""}, {""result"": ""L""}]"
Brandon Nakashima,2026-05-11,1576.9850857520894,1677.3783037406893,1494.536548956087,1519.6117876085225,1566.6534100359793,0.3898268375947875,0.5182650354145043,0.4285262340942383,0.4511208013156386,0.4110676252411066,0.3733722998362639,-1.0,9.345516000270935,4.02957753494686,"[{""result"": ""W""}, {""result"": ""L""}, {""result"": ""L""}, {""result"": ""W""}, {""result"": ""L""}]"
Kamil Majchrzak,2026-03-22,1576.5548888533244,1590.5830900895944,1483.3381817943966,1491.3020442085308,1554.6930953864996,0.3963769582699706,0.4154374999999999,0.4743313632665027,0.5043122336331749,0.4813033801841068,0.466797112196164,-1.0,12.585352696891798,4.842849710383894,"[{""result"": ""W""}, {""result"": ""L""}, {""result"": ""W""}, {""result"": ""W""}, {""result"": ""L""}]"
Emil Ruusuvuori,2025-08-24,1576.1216719975298,1660.555520682202,1455.0692225721332,1497.7077601947833,1587.5433634367755,0.2776110080010617,0.4652337070575319,0.376157814369378,0.4494355401528259,0.3996578188521972,0.3594622380004549,-1.0,13.981490925945996,1.477200893442761,"[{""result"": ""L""}]"
Milos Raonic,2024-07-29,1576.005601230219,1596.490270703435,1490.410246464255,1515.1928481125535,1547.1404628438388,0.425,0.5111741667412109,0.5009990019478763,0.5048929706054995,0.4637957850998931,0.4022248542536862,-2.0,17.588865941464803,2.041451102240265,
Zizou Bergs,2026-05-07,1575.3249551417985,1609.8022236925317,1481.8379893562635,1485.7684840403638,1527.11203575503,0.3106991584073948,0.3693781249999999,0.4265062978761291,0.4343316145547314,0.3761480093327233,0.3032210620029719,-3.0,8.362775965733533,4.3308462468900455,"[{""result"": ""L""}, {""result"": ""W""}, {""result"": ""L""}, {""result"": ""L""}, {""result"": ""L""}]"
Nicolas Jarry,2025-08-24,1575.135947321573,1682.2269312239127,1579.0677976367956,1502.2122869413197,1537.4018419385336,0.4353097705825258,0.4413980031054687,0.4237116113755747,0.42050689604603,0.4089905006533876,0.409629274103247,-2.0,13.830489796876725,1.7426676175236055,"[{""result"": ""W""}, {""result"": ""W""}, {""result"": ""W""}, {""result"": ""L""}, {""result"": ""L""}]"
Alex Molcan,2024-02-26,1573.3585468702868,1622.6058164226083,1577.4760033631608,1491.6681524002054,1492.126792075691,0.4648298717775546,0.4273380910156249,0.5565181245467148,0.4971714172158945,0.51020800001438,0.526302123010268,-1.0,15.52784572219512,1.598249052234929,
Thiago Agustin Tirante,2026-05-12,1572.9959569056043,1579.0587683221345,1544.8939703860167,1500.0,1501.104471640621,0.6138473280709986,0.5,0.4364797214843749,0.5517003054772628,0.5792065263043392,0.5873710577342935,-1.0,15.801338412814692,4.182398525981747,"[{""result"": ""L""}, {""result"": ""W""}, {""result"": ""W""}, {""result"": ""W""}, {""result"": ""L""}]"
Yannick Hanfmann,2026-05-08,1570.3171273966905,1615.4017408248392,1536.8640238060786,1480.9806474654513,1505.6191178972333,0.4816798345426292,0.3262750399731637,0.417308979674333,0.4885004621648812,0.4509078034323314,0.3991233810127442,-1.0,12.618382823815008,3.880238496691137,"[{""result"": ""L""}, {""result"": ""W""}, {""result"": ""L""}, {""result"": ""W""}, {""result"": ""L""}]"
Jenson Brooksby,2026-05-06,1568.8671485047644,1663.4313415304105,1466.0137295569618,1515.3672632035243,1581.9463727211494,0.2606652075166015,0.4938170738147263,0.3802147033769451,0.408756745965717,0.3120042416976802,0.2228091871631867,-4.0,12.432035261266751,2.3863204947567587,"[{""result"": ""W""}, {""result"": ""L""}, {""result"": ""L""}, {""result"": ""L""}, {""result"": ""L""}]"
Darian King,2024-09-14,1568.867011564271,1568.867011564271,1500.0,1500.0,1555.235215158166,0.5,0.5,0.7296524406551929,0.6469899587753969,0.7125681273558632,0.7471303270400003,2.0,26.455618062,2.2520549648495782,
Denis Shapovalov,2026-05-07,1564.3855871155988,1658.4241214419085,1495.084179081914,1533.7535511042531,1572.830528910124,0.2949861756650471,0.5510989270219165,0.4691771541321383,0.4250948682036157,0.3443477714789668,0.2710751323406862,-3.0,7.971107653405829,4.38169358802693,"[{""result"": ""W""}, {""result"": ""W""}, {""result"": ""L""}, {""result"": ""L""}, {""result"": ""L""}]"
Nuno Borges,2026-05-08,1563.3920173148576,1616.2936218288296,1528.3243116335489,1451.327208937633,1532.0568220564553,0.4787371097354963,0.1885747578124999,0.3618016846497502,0.4370021603809313,0.3999529285237263,0.3751279170561983,-1.0,9.459033293022776,4.661821773091875,"[{""result"": ""W""}, {""result"": ""L""}, {""result"": ""L""}, {""result"": ""W""}, {""result"": ""L""}]"
Yoshihito Nishioka,2025-10-03,1562.423952814192,1619.4943885255077,1505.7450255496997,1476.4526513450846,1533.5177170592722,0.3941665841875476,0.4163338512872875,0.4102773888025915,0.4661474347401862,0.4278133066712916,0.3993535731825582,-1.0,13.214479265629096,3.8950428654784495,"[{""result"": ""L""}, {""result"": ""L""}, {""result"": ""W""}, {""result"": ""W""}, {""result"": ""L""}]"
Pablo Carreno Busta,2026-05-06,1561.2653155870755,1689.77106103551,1564.0162206768314,1483.027810762223,1561.7743248926229,0.3775709825569395,0.3189100572437011,0.3321443908404203,0.3990671980302101,0.3311390196556995,0.2842658466969058,-2.0,18.27956860477943,2.5486672751598576,"[{""result"": ""W""}, {""result"": ""L""}, {""result"": ""W""}, {""result"": ""L""}, {""result"": ""L""}]"
Marcelo Arevalo,2024-09-14,1561.230236942545,1576.169562646941,1508.2643125109232,1500.0,1543.1799683692243,0.5429375,0.5,0.783139028515625,0.6363127548188332,0.702772106175835,0.7194693632000002,-1.0,28.79513118,2.134735798755328,
Benjamin Bonzi,2026-04-24,1560.779749469034,1587.3059784907168,1457.9445060760136,1506.3157298998487,1532.008166750173,0.2937246022036773,0.4083850452434295,0.4328139263762751,0.4652028665206065,0.4524419464923844,0.4145215390997261,-1.0,19.22530437285807,2.3208559057284384,"[{""result"": ""L""}, {""result"": ""W""}, {""result"": ""L""}, {""result"": ""W""}, {""result"": ""L""}]"
Roger Federer,2021-06-28,1556.9070208232874,1568.4397641577175,1510.7305731263684,1527.9602092962043,1500.7106255260965,0.5498464062499999,0.6231556589843749,0.4887499999999999,0.5878623965956966,0.6288329851202602,0.6396069629132802,-1.0,9.117302449338,7.960064132897648,
Jaume Munar,2026-05-06,1554.6898093295938,1581.7747019721455,1487.3907111855,1471.3839887716006,1505.5662804493677,0.2393308564871434,0.3608105670141112,0.5668372678781914,0.4582269703376141,0.4292841642357237,0.3624009310050148,-2.0,13.164356717675748,2.9536121102831885,"[{""result"": ""L""}, {""result"": ""L""}, {""result"": ""W""}, {""result"": ""L""}, {""result"": ""L""}]"
Aleksander Vukic,2026-05-08,1553.8328182103924,1581.383061303131,1470.1438566708007,1523.6272456908644,1498.9379296976954,0.3601959497330601,0.5677174723141676,0.3901927517148025,0.4638947545713388,0.4283076157630907,0.3921262157904874,-1.0,18.45287195687072,2.085671176788192,"[{""result"": ""W""}, {""result"": ""L""}, {""result"": ""L""}, {""result"": ""W""}, {""result"": ""L""}]"
Michael Mmoh,2024-04-01,1553.6257520878307,1566.3849572458284,1485.875101476411,1501.1863883679498,1532.8990621735877,0.4202068257617187,0.4887499999999999,0.4706522807545865,0.5253117175829994,0.5299852828366001,0.5046990165916949,-1.0,11.188361837765736,3.957128199398949,
Matteo Arnaldi,2026-05-10,1553.3884000138137,1656.704350608162,1540.1555804865518,1483.5550215987407,1522.3548645615656,0.4663872761745088,0.3693781249999999,0.2464163033604675,0.3930137875873252,0.3618342343458133,0.3731796723779248,-1.0,17.469594059532696,3.355179731141779,"[{""result"": ""L""}, {""result"": ""L""}, {""result"": ""W""}, {""result"": ""W""}, {""result"": ""L""}]"
Roman Safiullin,2025-08-29,1552.306547602432,1641.5556908262993,1492.7650842717694,1512.6156747109933,1519.330613650338,0.3759075672055979,0.5017043446205927,0.3335743557934715,0.3947046944444838,0.3538872384890821,0.3072882296929984,-1.0,12.472926141727717,2.9255450189722376,"[{""result"": ""L""}, {""result"": ""L""}, {""result"": ""L""}, {""result"": ""W""}, {""result"": ""L""}]"
Roberto Bautista Agut,2026-05-09,1550.541294767697,1685.0614145227182,1499.8037313836526,1567.2839930597083,1533.6670374514883,0.3410384056097085,0.6241607412243333,0.3714123034767466,0.4096479736383741,0.3421995171010393,0.3052704098405204,-1.0,13.853170428948186,3.363043829774584,"[{""result"": ""L""}, {""result"": ""L""}, {""result"": ""L""}, {""result"": ""W""}, {""result"": ""L""}]"
Borna Gojo,2024-09-13,1550.3951212980962,1572.27292903402,1490.5418655584206,1481.3740244552,1545.9191321363353,0.4154374999999999,0.3612499999999999,0.4983422328378345,0.4984389969070962,0.4877723320974774,0.4736814761269178,1.0,20.508032178172577,1.264664690156844,
Vit Kopriva,2026-05-08,1549.9477027638245,1558.9142260720114,1514.9895673321196,1494.6283460892446,1501.5924668136,0.5384549102753527,0.425,0.4549424113774506,0.5102015810337518,0.5509081124838957,0.5475936854521182,-1.0,11.045513689014264,6.281152974763125,"[{""result"": ""W""}, {""result"": ""W""}, {""result"": ""L""}, {""result"": ""W""}, {""result"": ""L""}]"
Gabriel Diallo,2026-04-24,1549.5289943941382,1576.427430617504,1475.0368223931252,1483.7169421429742,1543.5662222793349,0.3070624999999999,0.3612499999999999,0.4459720475114025,0.4047537329108923,0.3582456881098605,0.3069449997866171,-2.0,11.14257551087754,4.143804988128082,"[{""result"": ""L""}, {""result"": ""L""}, {""result"": ""W""}, {""result"": ""L""}, {""result"": ""L""}]"
Fabian Marozsan,2026-05-06,1547.5492901182777,1630.1154851015294,1497.4867424784209,1468.099557918959,1542.8987375068011,0.3529768723472276,0.2806935078124999,0.3337731194522078,0.3844675411486563,0.3492751235855975,0.3115719144910768,-2.0,9.42422673445748,4.497138515126755,"[{""result"": ""W""}, {""result"": ""L""}, {""result"": ""W""}, {""result"": ""L""}, {""result"": ""L""}]"
Nam Hoang Ly,2024-02-02,1545.2071576258195,1545.2071576258195,1500.0,1500.0,1534.6517438549004,0.5,0.5,0.738996875,0.60962552,0.7001523199999999,0.7952000000000001,4.0,19.98,2.234638332188501,
Dominik Koepfer,2024-10-14,1544.696377590217,1572.658362236652,1493.839763257025,1463.2596324431308,1525.306266340283,0.4491034934505081,0.3443451993764619,0.3984467932105731,0.4101991987131066,0.3596380464494335,0.2956141493761323,-3.0,13.042241058271136,1.4967119400491815,
Reilly Opelka,2026-04-23,1544.1873058763313,1647.183663706201,1506.5589870694664,1488.886442203845,1544.7231744552653,0.3216310174979104,0.4929867490453612,0.4860979915200434,0.4138809801391495,0.3707335369280276,0.315826257581945,-3.0,13.528744254114535,3.031715341095252,"[{""result"": ""W""}, {""result"": ""W""}, {""result"": ""L""}, {""result"": ""L""}, {""result"": ""L""}]"
Mikael Ymer,2023-07-03,1542.703404521592,1599.1224589183155,1484.8371865690176,1495.946589559136,1532.3591220303797,0.3352046879318327,0.5010285096537956,0.3543005447237189,0.4655649475674082,0.462265272112251,0.4829991203650199,-1.0,6.445868674331136,7.279987725972228,
Rinky Hijikata,2026-03-10,1542.2937582555417,1552.516194215041,1469.7782805113122,1496.3704173687793,1527.3612323440557,0.2551305546874999,0.3659479250854024,0.5081766000680458,0.465630786810197,0.493610987238793,0.5137372586224008,-1.0,14.128685580726655,4.636547027619791,"[{""result"": ""L""}, {""result"": ""W""}, {""result"": ""W""}, {""result"": ""W""}, {""result"": ""L""}]"
Quentin Halys,2026-03-24,1542.2881351849223,1559.8281992457687,1527.0632949505705,1510.452116604771,1479.507060029411,0.5817349962826059,0.547232461404475,0.4763206880204954,0.4549709825313925,0.470243058838388,0.4952092177565028,-1.0,10.989427341355883,5.724504171245937,"[{""result"": ""L""}, {""result"": ""W""}, {""result"": ""W""}, {""result"": ""W""}, {""result"": ""L""}]"
Dusan Lajovic,2026-04-24,1540.7965080852932,1611.4987130691684,1541.6590154261148,1466.5284275698853,1458.275197851245,0.4566742087553301,0.2849364398632812,0.2593816876734711,0.4161215784137458,0.3818121268931363,0.3674216661105904,-1.0,21.653260485299665,2.157297466120714,"[{""result"": ""L""}, {""result"": ""W""}, {""result"": ""L""}, {""result"": ""W""}, {""result"": ""L""}]"
Lorenzo Sonego,2026-05-07,1540.621239652686,1615.784086536976,1494.8513293907563,1513.515980637893,1531.7619315949617,0.3280978504178742,0.4236234649826733,0.4095898136953664,0.3876823606566722,0.3300139073936327,0.2695512626894167,-3.0,15.1814479200892,2.6226791163135146,"[{""result"": ""L""}, {""result"": ""W""}, {""result"": ""L""}, {""result"": ""L""}, {""result"": ""L""}]"
Alexander Molcan,2026-04-18,1538.3875059433242,1542.7935526793667,1500.0,1500.0,1525.6666879467905,0.5,0.5,0.588996875,0.54962552,0.5801523199999999,0.5952000000000002,-1.0,14.932,3.762856623826574,"[{""result"": ""W""}, {""result"": ""W""}, {""result"": ""W""}, {""result"": ""L""}]"
Jerome Kym,2025-08-30,1538.1926239793668,1541.661050618416,1500.0,1500.0,1526.9795049719391,0.5,0.5,0.5693064921875,0.5452300694719998,0.566021316608,0.5665280000000001,-1.0,23.926600000000004,2.8939563182116044,"[{""result"": ""W""}, {""result"": ""W""}, {""result"": ""L""}]"
Alex Knaff,2024-09-14,1537.385839696675,1537.385839696675,1499.794345860593,1500.0,1533.5798004018943,0.4806218749999999,0.5,0.738996875,0.5953545931294593,0.6552912943972352,0.7061939200000003,2.0,22.882878,2.265395417618244,
Elmer Moller,2026-04-26,1536.1699141413471,1536.9028842847028,1521.3608057452702,1500.0,1499.0460738039912,0.588996875,0.5,0.4273380910156249,0.5212798756172379,0.5271432272580713,0.5177010585600001,-1.0,32.27093946200001,2.9163900604854023,"[{""result"": ""L""}, {""result"": ""L""}, {""result"": ""W""}, {""result"": ""W""}, {""result"": ""L""}]"
Zsombor Piros,2025-08-24,1536.0594023824212,1551.8978589231283,1518.6786916732972,1500.0,1508.346103555704,0.6306218749999999,0.5,0.5026883026396485,0.5587416781138899,0.5784158952818681,0.5767378272256002,-1.0,35.583873089829,1.2504212734696265,"[{""result"": ""L""}]"
Miomir Kecmanovic,2026-05-09,1535.8474832687928,1623.8414527149612,1516.011518894426,1483.6107536828945,1515.2414190305817,0.373885842715179,0.4794209876471058,0.3707619739614218,0.3814524996267135,0.3393272066399593,0.2956840224774782,-1.0,9.599394282520413,4.020115868872059,"[{""result"": ""L""}, {""result"": ""L""}, {""result"": ""L""}, {""result"": ""W""}, {""result"": ""L""}]"
Andrea Pellegrino,2026-05-12,1535.5902264203849,1536.2702196277658,1517.064320860574,1500.0,1500.0,0.5498464062499999,0.5,0.5,0.5262030512,0.5441705984,0.5542400000000001,-1.0,17.938000000000002,3.797910868012642,"[{""result"": ""W""}, {""result"": ""W""}, {""result"": ""W""}, {""result"": ""L""}]"
Alex de Minaur,2025-08-04,1534.5187060595458,1540.358304537438,1500.0,1500.0,1524.6228764206492,0.5,0.5,0.588996875,0.54962552,0.5801523199999999,0.5952000000000002,-1.0,15.121999999999998,3.605058426459594,"[{""result"": ""W""}, {""result"": ""W""}, {""result"": ""W""}, {""result"": ""L""}]"
Dominic Stricker,2024-10-21,1533.823092075832,1592.4566464658533,1482.8343258338425,1498.2044168901589,1526.6027240791152,0.3489841197437012,0.4275801906054686,0.4390378615832976,0.428988933345686,0.409019092635635,0.4165630617272209,-1.0,12.275798107405338,4.742675767334485,
Timofey Skatov,2024-10-14,1533.7388898999432,1559.3024086053497,1537.5701702213853,1500.0,1478.043114012347,0.6571823101367187,0.5,0.2764505757617187,0.4932145140821959,0.4669726535662545,0.4039931689172994,-3.0,30.10949451410638,1.3000368715290704,
Altug Celikbilek,2024-02-02,1533.6127741512998,1533.6127741512998,1491.0,1491.0,1543.0899106967436,0.425,0.425,0.7251242729705248,0.5751247975561664,0.62966999637574,0.6850143625216001,2.0,32.97677790210001,1.15241624019072,
Ricardas Berankis,2024-02-03,1533.4022500788155,1533.4022500788155,1456.3978019762412,1491.7093815053715,1546.8350267544313,0.2037108100373499,0.4390832316406249,0.7293304001201891,0.5303965444594622,0.5721525105760223,0.614120437104862,2.0,26.47380024698363,2.1332737515313505,
Blaise Bicknell,2024-02-03,1532.989444573244,1532.989444573244,1490.539864680946,1500.0,1535.2534578589878,0.4154374999999999,0.5,0.738996875,0.5787109615596799,0.63940637179904,0.7016064,2.0,24.82542,2.148076251523993,
Mohamed Safwat,2024-09-13,1531.2716902564182,1543.39686015267,1532.652119762236,1500.0,1492.47045391584,0.6614252421875,0.5,0.46397140625,0.5691075613223431,0.6049831330046549,0.6176106905600002,-1.0,30.344813136000003,2.1347384061922083,
Juncheng Shang,2026-02-23,1530.6952749046875,1643.3310692225232,1467.8036091304557,1509.6732848716483,1510.10663988185,0.2969497578124999,0.5197723437499999,0.2700993199235947,0.377792167938242,0.2943768732166288,0.2414909561030548,-3.0,15.425569981558706,2.4802174322522315,"[{""result"": ""L""}, {""result"": ""W""}, {""result"": ""L""}, {""result"": ""L""}, {""result"": ""L""}]"
Christopher O'Connell,2024-11-04,1528.1588865371298,1570.86832460523,1453.5084689371015,1488.3343046224884,1512.9274930713034,0.1642949783274256,0.4035899427562987,0.4217812157704412,0.4117341163861057,0.4054170112018928,0.4055039236379238,-1.0,7.119619137191922,5.8862257166897045,"[{""result"": ""W""}, {""result"": ""W""}, {""result"": ""L""}, {""result"": ""W""}, {""result"": ""L""}]"
John Isner,2023-08-28,1527.1091650373191,1659.4122675329882,1529.258928027774,1518.9969462780184,1507.7263373373578,0.4160868454278032,0.5680473217476124,0.3375590486053941,0.4279229004622609,0.3827357664498115,0.3605724190064689,-1.0,9.95805016317252,4.71151923433072,
Jack Pinnington Jones,2026-02-13,1526.959265395118,1535.8730058869278,1500.0,1500.0,1515.3036861299497,0.5,0.5,0.5360285937499999,0.5232129487999999,0.5343574016,0.53376,-1.0,18.5078,2.9943324527769737,"[{""result"": ""W""}, {""result"": ""L""}, {""result"": ""W""}, {""result"": ""W""}, {""result"": ""L""}]"
Tim Van Rijthoven,2024-06-10,1526.7282885469644,1608.3415370901712,1500.0,1539.6344331511586,1477.9660203622004,0.5,0.5304533781551928,0.3763008018974609,0.4651078199822391,0.3797586080220501,0.2997184148129658,-2.0,21.484818009140163,1.2631751843983838,
Stan Wawrinka,2026-04-13,1526.502976857712,1630.3645308887735,1475.7826277862237,1502.0213068860314,1527.762896642442,0.2574410599597641,0.4822515132617186,0.4683167454657226,0.3993155358980852,0.3636189697298965,0.2970849260760468,-3.0,14.363000527467468,2.505527256497321,"[{""result"": ""L""}, {""result"": ""W""}, {""result"": ""L""}, {""result"": ""L""}, {""result"": ""L""}]"
Martin Landaluce,2026-05-14,1526.215252940561,1530.9766184894188,1477.0798638062718,1500.0,1525.2925792831147,0.4264309521703612,0.5,0.5701897238837891,0.4794597652580903,0.5056060090622674,0.5284584879015594,-1.0,14.936290858207798,5.251381307770249,"[{""result"": ""L""}, {""result"": ""W""}, {""result"": ""W""}, {""result"": ""W""}, {""result"": ""L""}]"
Bu Yunchaokete,2025-10-02,1524.9868989839667,1579.362739444692,1490.759607200046,1500.0,1514.6963371772597,0.425,0.5,0.3388906496182285,0.4329562925311598,0.3651614250498548,0.3020261288575381,-1.0,15.80121266312988,3.0957630285322155,"[{""result"": ""L""}, {""result"": ""L""}, {""result"": ""L""}, {""result"": ""W""}, {""result"": ""L""}]"
Pablo Llamas Ruiz,2026-05-11,1524.9618954765,1535.0468907569891,1510.7871434181006,1500.0,1495.888438805942,0.5156852761162107,0.5,0.4154374999999999,0.4924345804907143,0.4785202487753677,0.4607549931520001,-1.0,22.4623262558,2.929959331522934,"[{""result"": ""L""}, {""result"": ""W""}, {""result"": ""W""}, {""result"": ""L""}]"
Thiago Tirante,2026-04-26,1524.806002773698,1532.641473183195,1512.413449380774,1500.0,1500.0,0.5429375,0.5,0.5,0.524708,0.539264,0.5440000000000002,-1.0,16.58,2.7979406794542045,"[{""result"": ""W""}, {""result"": ""W""}, {""result"": ""L""}]"
Thiago Seyboth Wild,2024-10-21,1524.7401111600936,1538.4023236209732,1483.2438504429967,1501.2082888834946,1494.8280781082958,0.3817928432630645,0.4806218749999999,0.3781369240849691,0.4257662011340094,0.388130388914612,0.3348748410195233,-2.0,7.889078614731576,4.313836839479045,
Oliver Ojakaar,2024-03-15,1523.9563645602843,1523.9563645602843,1517.9936981996316,1500.0,1500.0,0.6387499999999999,0.5,0.5,0.5582,0.6128,0.6800000000000002,2.0,18.0,2.0,
Cristian Garin,2026-05-09,1523.7404857511303,1610.9775208196008,1529.7144379607664,1520.3871514875418,1472.3039854690503,0.400277561678063,0.505846552090117,0.375817816513174,0.4148119897566549,0.3682113737295125,0.3370065526031485,-1.0,19.07155104160056,3.1777738814086205,"[{""result"": ""W""}, {""result"": ""L""}, {""result"": ""L""}, {""result"": ""W""}, {""result"": ""L""}]"
Olaf Pieczkowski,2022-09-16,1523.585699413623,1523.585699413623,1500.0,1500.0,1517.7669153919285,0.5,0.5,0.6387499999999999,0.5582,0.6128,0.6800000000000002,2.0,18.0,2.0,
Ignacio Buse,2026-05-09,1523.241551243739,1546.420511401623,1519.0458555835935,1500.0,1477.913755729113,0.4983310634546387,0.5,0.3001535937499999,0.4658167166432972,0.4338549505335409,0.4021244129443841,-1.0,18.016236371129608,3.851759339562999,"[{""result"": ""L""}, {""result"": ""W""}, {""result"": ""L""}, {""result"": ""W""}, {""result"": ""L""}]"
Cezar Cretu,2024-09-13,1522.7938829611371,1522.7938829611371,1500.0,1500.0,1517.0130614065497,0.5,0.5,0.6387499999999999,0.5582,0.6128,0.6800000000000002,2.0,18.0,2.0,
Aleksandre Bakshi,2024-09-14,1522.29336316501,1522.29336316501,1500.0,1500.0,1516.7859050997208,0.5,0.5,0.646878125,0.55979048,0.61837568,0.6928000000000001,3.0,24.840000000000003,2.131082952827301,
Giovanni Mpetshi Perricard,2026-05-08,1522.0303762960727,1609.9495292679703,1528.6897402127838,1504.5133769834729,1475.4305156929515,0.584942948102539,0.5307948093945312,0.191891693919837,0.3398927186483023,0.2772910511855717,0.2616458644548405,-1.0,15.568978081247325,2.468383484514696,"[{""result"": ""L""}, {""result"": ""L""}, {""result"": ""L""}, {""result"": ""W""}, {""result"": ""L""}]"
Sebastian Ofner,2026-05-09,1522.002059984157,1578.1836201309457,1479.5776496620967,1486.7636540333228,1520.5546326011274,0.3733901467078931,0.4460025235941944,0.3396225938250273,0.3850662171061323,0.3625475033968202,0.3524800206620741,-1.0,16.073940130091902,3.537608928575306,"[{""result"": ""L""}, {""result"": ""W""}, {""result"": ""L""}, {""result"": ""W""}, {""result"": ""L""}]"
Franco Agamenone,2022-07-25,1521.885535699717,1526.7297031910896,1513.6150259073513,1500.0,1500.0,0.5498464062499999,0.5,0.5,0.5262030512,0.5441705984,0.5542400000000001,-1.0,17.496000000000002,4.1173191660942505,
Daniel Vallejo,2024-02-03,1521.4909127526985,1535.5587132342207,1499.3067350853246,1500.0,1517.5755964101818,0.4887499999999999,0.5,0.6387499999999999,0.54962552,0.5801523199999999,0.5952000000000002,-1.0,19.98,2.234638332188501,
Thomas Yaka Kofi Setodji,2024-09-14,1521.21901564297,1521.21901564297,1500.0,1500.0,1516.4297899336923,0.5,0.5,0.6306218749999999,0.55660952,0.60722432,0.6672,2.0,19.98,2.234638332188501,
Matteo Bellucci,2025-10-02,1521.2017357086204,1529.6707612405878,1500.0,1500.0,1513.8750572470642,0.5,0.5,0.5197723437499999,0.5200319887999999,0.5232060416000001,0.5081600000000002,-1.0,18.9298,2.281651597878265,"[{""result"": ""W""}, {""result"": ""W""}, {""result"": ""L""}, {""result"": ""W""}, {""result"": ""L""}]"
Genaro Alberto Olivieri,2023-05-29,1520.4513747552603,1524.277346522833,1511.9215599616855,1500.0,1500.0,0.5429375,0.5,0.5,0.524708,0.539264,0.5440000000000002,-1.0,16.2,3.0,
Dino Prizmic,2026-05-12,1520.1615059044302,1528.146476257565,1523.065737899376,1500.0,1464.6526646817592,0.5758484235952119,0.5,0.2740237654125487,0.4613717076519493,0.5064666817514678,0.5570957322402909,-1.0,17.093465328037357,5.432080535863633,"[{""result"": ""L""}, {""result"": ""W""}, {""result"": ""W""}, {""result"": ""W""}, {""result"": ""L""}]"
Yibing Wu,2026-03-18,1519.956143243688,1588.4078838707292,1481.2848983189288,1476.9845352774637,1536.0073187844964,0.3428005879853515,0.3001535937499999,0.4229104514902044,0.4142125754162323,0.3933589400419139,0.3777249422909205,-2.0,18.768795115796195,2.690343162299928,"[{""result"": ""L""}, {""result"": ""W""}, {""result"": ""W""}, {""result"": ""L""}, {""result"": ""L""}]"
Matheus Pucinelli De Almeida,2023-02-03,1519.8029384169456,1521.188743913566,1507.1838918256906,1500.0,1509.0,0.5429375,0.5,0.575,0.5532255199999999,0.59455232,0.6352000000000002,1.0,25.44,1.248402118921552,
Corentin Moutet,2026-05-09,1519.4493932131222,1564.4510791100568,1487.809612472836,1484.61656391421,1499.939958587072,0.3235469048308394,0.4373691195724962,0.390747725558933,0.3718971748306608,0.3303416609328042,0.2663220159272075,-3.0,10.597741793750735,3.61918102215532,"[{""result"": ""L""}, {""result"": ""W""}, {""result"": ""L""}, {""result"": ""L""}, {""result"": ""L""}]"
Antoine Bellier,2023-02-06,1518.2814139974805,1539.6952993060595,1500.0,1518.0176830008031,1492.542293031372,0.5,0.588996875,0.4154374999999999,0.50952616290368,0.4882855618150399,0.4327424000000001,-2.0,21.488820000000004,1.289693479120703,
Martin Damm,2026-04-25,1517.4822921481846,1532.4250818152211,1500.523528975029,1500.0,1504.6641189006768,0.4887499999999999,0.5,0.3988244120146484,0.4649893942555719,0.4303556639491195,0.3956110950400001,-1.0,21.03977070200001,2.6658243332160594,"[{""result"": ""L""}, {""result"": ""W""}, {""result"": ""L""}, {""result"": ""W""}, {""result"": ""L""}]"
Mackenzie McDonald,2024-09-13,1516.472527835762,1634.856333489952,1432.7526689928534,1499.9668012594943,1542.073305981943,0.1243938752020551,0.4773874269336599,0.3249932620165844,0.3773572762449727,0.3529937290424154,0.3661747340796089,-1.0,10.974866462400897,2.808288657506518,"[{""result"": ""L""}, {""result"": ""L""}, {""result"": ""L""}, {""result"": ""W""}, {""result"": ""L""}]"
Arthur Cazaux,2026-03-20,1515.9413989478774,1524.113752629699,1465.6785268179854,1492.885248585692,1520.632730815874,0.2551305546874999,0.4345624999999999,0.4521041779498576,0.4294346349760682,0.4416193687761474,0.4515780228401025,-1.0,18.5335573470234,2.3103051323495194,"[{""result"": ""L""}, {""result"": ""L""}, {""result"": ""W""}, {""result"": ""W""}, {""result"": ""L""}]"
August Holmgren,2025-10-01,1515.8269725116545,1528.0814253479004,1500.2383617526114,1500.0,1508.625553635029,0.51125,0.5,0.4528480103687011,0.4943851756317728,0.4806613113145616,0.4508704440320001,-2.0,29.9574630708,1.3431720951179635,"[{""result"": ""W""}, {""result"": ""W""}, {""result"": ""L""}, {""result"": ""L""}]"
Lukas Pokorny,2024-02-02,1514.604799975685,1514.604799975685,1510.8450434769734,1500.0,1500.0,0.575,0.5,0.5,0.53,0.56,0.6000000000000001,1.0,20.0,1.0,
Demetris Azoides,2024-09-14,1514.094985587084,1514.094985587084,1500.0,1500.0,1508.2980398178252,0.5,0.5,0.575,0.53,0.56,0.6000000000000001,1.0,20.0,1.0,
Guy Den Ouden,2026-02-09,1513.6930192938034,1513.6930192938034,1500.0,1500.0,1508.8830210931455,0.5,0.5,0.575,0.53,0.56,0.6000000000000001,1.0,20.0,1.0,"[{""result"": ""W""}]"
Fitriadi M Rifqi,2024-02-03,1513.559099669707,1513.559099669707,1500.0,1500.0,1509.8907205682997,0.5,0.5,0.5914714062499999,0.5331870511999999,0.5712425984,0.6262400000000001,2.0,22.896,2.248402118921552,
Aziz Dougaz,2024-09-13,1513.481532001971,1535.1564364034652,1500.520228484131,1500.0,1511.4326702607923,0.4806218749999999,0.5,0.54227234375,0.5096074199416916,0.4935415358695669,0.4574351360000002,-1.0,33.8305302,2.1334816356459063,
Henrique Rocha,2024-09-13,1513.468244505929,1513.468244505929,1483.2744189803043,1500.0,1521.954994138537,0.3885031249999999,0.5,0.6387499999999999,0.5047958281279998,0.517093486592,0.5409920000000001,1.0,30.9075,1.250271916822163,
Roberto Carballes Baena,2026-02-16,1513.137415445359,1575.9498344497774,1534.29384542514,1464.2850173615968,1447.4879528910155,0.5141178090666204,0.3269199866885571,0.1507453050444717,0.3216986546372118,0.2003825987468354,0.0992444636460647,-5.0,18.063350433703256,1.2695383266680804,"[{""result"": ""L""}, {""result"": ""L""}, {""result"": ""L""}, {""result"": ""L""}, {""result"": ""L""}]"
Andy Murray,2024-06-17,1512.9211946126736,1651.5734693207278,1468.1148235782907,1520.7784143218669,1529.6159151485488,0.2409042531054687,0.4320836163887908,0.4545398645841062,0.3681609836612125,0.3369055316967497,0.3147772792914925,-1.0,10.706799815458686,3.89926871593397,
Ergi Kirkin,2023-02-03,1512.800030441454,1512.800030441454,1500.0,1500.0,1509.2270467661078,0.5,0.5,0.5845625,0.531692,0.566336,0.6160000000000001,2.0,27.6,1.1310829528273012,
Matej Dodig,2024-09-13,1512.7861212046637,1512.7861212046637,1501.9863083165992,1500.0,1508.8096069438573,0.4887499999999999,0.5,0.575,0.528308,0.553664,0.5840000000000001,1.0,21.5,1.3012815822592574,
Alibek Kachmazov,2024-09-18,1512.740623162059,1517.9385656758525,1500.0,1500.0,1502.757265200588,0.5,0.5,0.5307948093945312,0.5080697506145406,0.5234497324187649,0.5398220800000001,-1.0,17.423829,4.344284543523109,
Jack Loutit,2024-09-14,1512.6185769238427,1512.6185769238427,1500.0,1500.0,1509.4427298211892,0.5,0.5,0.575,0.53,0.56,0.6000000000000001,1.0,20.0,1.0,
Adrian Mannarino,2026-05-06,1512.6070584386334,1708.458088183345,1363.4277280459307,1526.530564074121,1551.1699048574362,0.052750652252889,0.358284873202281,0.3610347339507901,0.3269611814083488,0.2293097361198792,0.135565582645283,-5.0,11.325514081107446,3.056403718734775,"[{""result"": ""L""}, {""result"": ""L""}, {""result"": ""L""}, {""result"": ""L""}, {""result"": ""L""}]"
Iliyan Radulov,2024-09-14,1512.414300586377,1512.414300586377,1509.0,1500.0,1500.0,0.575,0.5,0.5,0.53,0.56,0.6000000000000001,1.0,20.0,1.0,
Gijs Brouwer,2024-06-24,1512.350954251729,1575.5874701485036,1506.1937241587857,1487.8982825551657,1506.0879556797056,0.4417440995146484,0.4032948093945312,0.4245146721987792,0.4341543844078173,0.3758656781151817,0.3321520086800672,-2.0,20.71435108182664,2.90286827498221,
Arklon Huertas Del Pino,2023-02-03,1512.0275974674084,1512.0275974674084,1500.0,1500.0,1509.01175498536,0.5,0.5,0.575,0.53,0.56,0.6000000000000001,1.0,20.0,1.0,
Orlando Luz,2021-09-18,1512.0,1512.0,1509.0,1500.0,1500.0,0.575,0.5,0.5,0.53,0.56,0.6000000000000001,1.0,20.0,1.0,
Mustapha El Natour,2023-09-15,1512.0,1512.0,1509.0,1500.0,1500.0,0.575,0.5,0.5,0.53,0.56,0.6000000000000001,1.0,20.0,1.0,
Christopher Rungkat,2023-02-04,1512.0,1512.0,1500.0,1500.0,1509.0,0.5,0.5,0.575,0.53,0.56,0.6000000000000001,1.0,20.0,1.0,
Digvijaypratap Singh,2023-09-16,1512.0,1512.0,1500.0,1500.0,1509.0,0.5,0.5,0.575,0.53,0.56,0.6000000000000001,1.0,20.0,1.0,
Freddy Murray,2023-09-16,1512.0,1512.0,1509.0,1500.0,1500.0,0.575,0.5,0.5,0.53,0.56,0.6000000000000001,1.0,20.0,1.0,
Ainius Sabaliauskas,2022-09-17,1512.0,1512.0,1500.0,1500.0,1509.0,0.5,0.5,0.575,0.53,0.56,0.6000000000000001,1.0,20.0,1.0,
Raphael Calzi,2023-02-04,1512.0,1512.0,1500.0,1500.0,1509.0,0.5,0.5,0.575,0.53,0.56,0.6000000000000001,1.0,20.0,1.0,
Sylvestre Monnou,2022-03-04,1512.0,1512.0,1500.0,1500.0,1509.0,0.5,0.5,0.575,0.53,0.56,0.6000000000000001,1.0,20.0,1.0,
Conner Huertas Del Pino,2023-02-03,1512.0,1512.0,1500.0,1500.0,1509.0,0.5,0.5,0.575,0.53,0.56,0.6000000000000001,1.0,20.0,1.0,
Johannes Seeman,2023-02-04,1512.0,1512.0,1500.0,1500.0,1509.0,0.5,0.5,0.575,0.53,0.56,0.6000000000000001,1.0,20.0,1.0,
Ruan Roelofse,2021-09-18,1512.0,1512.0,1500.0,1500.0,1509.0,0.5,0.5,0.575,0.53,0.56,0.6000000000000001,1.0,20.0,1.0,
Tom Kocevar Desman,2021-09-17,1512.0,1512.0,1509.0,1500.0,1500.0,0.575,0.5,0.5,0.53,0.56,0.6000000000000001,1.0,20.0,1.0,
Luis Carlos Alvarez Valdes,2022-09-16,1512.0,1512.0,1509.0,1500.0,1500.0,0.575,0.5,0.5,0.53,0.56,0.6000000000000001,1.0,20.0,1.0,
Boris Arias,2024-02-03,1512.0,1512.0,1509.0,1500.0,1500.0,0.575,0.5,0.5,0.53,0.56,0.6000000000000001,1.0,20.0,1.0,
Nicolas Mahut,2021-02-02,1512.0,1512.0,1500.0,1500.0,1509.0,0.5,0.5,0.575,0.53,0.56,0.6000000000000001,1.0,20.0,1.0,
Martyn Pawelski,2024-09-13,1512.0,1512.0,1500.0,1500.0,1509.0,0.5,0.5,0.575,0.53,0.56,0.6000000000000001,1.0,20.0,1.0,
Benedict Badza,2024-02-03,1512.0,1512.0,1500.0,1500.0,1509.0,0.5,0.5,0.575,0.53,0.56,0.6000000000000001,1.0,20.0,1.0,
Gonzalo Escobar,2024-09-14,1511.999487426929,1511.999487426929,1500.0,1500.0,1508.9998392739387,0.5,0.5,0.575,0.53,0.56,0.6000000000000001,1.0,20.0,1.0,
Christian Harrison,2022-06-27,1511.9358490889988,1535.6000088421538,1492.0890039462051,1500.3167000882938,1517.5576583957704,0.425,0.4887499999999999,0.588996875,0.51291016290368,0.5009575618150399,0.4647424000000001,-1.0,20.888820000000003,2.1723743130264523,
Andrea Vavassori,2024-07-29,1511.7042373101483,1527.9083006736903,1504.9391667194022,1483.1849712287228,1505.0775709484078,0.4041821607816313,0.3612499999999999,0.4806218749999999,0.432905104673801,0.3899020875556679,0.3487923604413807,-1.0,21.6078533084945,2.2326901095923444,
Diego Fernandez Flores,2022-03-04,1511.585699413623,1511.585699413623,1508.7669153919285,1500.0,1500.0,0.575,0.5,0.5,0.53,0.56,0.6000000000000001,1.0,20.0,1.0,
Borna Coric,2025-08-24,1511.4811259232094,1671.6018643185494,1512.3522835543893,1476.2650161512086,1532.5506373805842,0.3454750402951377,0.3493526562499999,0.3064980208126024,0.3627260315648185,0.3106595739295106,0.2705664635015006,-1.0,15.23662133848722,1.3893916805040305,"[{""result"": ""L""}]"
Romain Arneodo,2024-09-14,1511.3899857675217,1511.3899857675217,1508.3269937074876,1500.0,1500.0,0.575,0.5,0.5,0.53,0.56,0.6000000000000001,1.0,20.0,1.0,
Matwe Middelkoop,2023-02-04,1511.2511882476635,1511.2511882476635,1500.0,1500.0,1508.5842592389356,0.5,0.5,0.575,0.53,0.56,0.6000000000000001,1.0,20.0,1.0,
Lucas Miedler,2024-02-03,1511.2332114382823,1511.2332114382823,1500.0,1500.0,1508.546064559017,0.5,0.5,0.575,0.53,0.56,0.6000000000000001,1.0,20.0,1.0,
Niki Kaliyanda Poonacha,2024-02-03,1511.2196688942963,1511.2196688942963,1500.0,1508.9882330982798,1500.0,0.5,0.575,0.5,0.53,0.56,0.6000000000000001,1.0,20.0,1.0,
Liova Ayite Ajavon,2024-09-14,1511.158126714433,1511.158126714433,1500.0,1500.0,1508.528115711456,0.5,0.5,0.575,0.53,0.56,0.6000000000000001,1.0,20.0,1.0,
Andres Andrade,2024-09-14,1510.7398405474005,1523.185691787672,1509.0,1500.0,1500.1616212565498,0.575,0.5,0.4887499999999999,0.524708,0.539264,0.5440000000000002,-1.0,21.6,2.1173191660942505,
Yuttana Charoenphon,2023-02-03,1510.674491236903,1523.5694842377552,1500.0,1500.0,1508.318552981159,0.5,0.5,0.5429375,0.524708,0.539264,0.5440000000000002,-1.0,21.6,2.1173191660942505,
Filip Cristian Jianu,2023-02-03,1510.503567582448,1510.503567582448,1500.0,1500.0,1509.8923755718386,0.5,0.5,0.5845625,0.531692,0.566336,0.6160000000000001,2.0,21.6,2.1173191660942505,
Ioannis Xilas,2024-09-14,1510.381230062899,1512.0,1500.0,1500.0,1507.0330934956182,0.5,0.5,0.4887499999999999,0.4982,0.4928,0.4800000000000001,-1.0,24.0,1.1173191660942507,
Yu Hsiou Hsu,2024-02-03,1509.6654787521877,1528.6545167156148,1500.0,1500.0,1501.5034422842075,0.5,0.5,0.4273380910156249,0.4711240784403199,0.44237026820096,0.4007936000000001,-2.0,22.723260000000003,1.4231258969040124,
Marton Fucsovics,2026-05-06,1509.4842414475386,1643.6193711685398,1497.5068921971292,1531.138679500232,1494.434629210613,0.2476739779469508,0.4905822652712606,0.3739693354870285,0.324857097627451,0.254584769912617,0.1909018976036253,-4.0,12.88141977683341,2.8888753436691488,"[{""result"": ""W""}, {""result"": ""L""}, {""result"": ""L""}, {""result"": ""L""}, {""result"": ""L""}]"
Oliver Tarvet,2025-07-03,1509.3547919840198,1511.288087847719,1500.0,1500.0,1506.0209625408618,0.5,0.5,0.4887499999999999,0.4982,0.4928,0.4800000000000001,-1.0,18.2,1.9310627797040227,"[{""result"": ""W""}, {""result"": ""L""}]"
Leandro Riedi,2025-08-31,1508.4292710299237,1512.766215337013,1487.1254815472666,1500.0,1505.0058558813575,0.3885031249999999,0.5,0.4807885424652781,0.449846414348399,0.4666326431615625,0.5014520971132929,-1.0,25.25880227951405,3.81790314416364,"[{""result"": ""L""}, {""result"": ""W""}, {""result"": ""W""}, {""result"": ""W""}, {""result"": ""L""}]"
Franco Roncadelli,2024-09-13,1507.4596849411455,1507.4596849411455,1507.4450381039435,1500.0,1500.0,0.5914714062499999,0.5,0.5,0.5331870511999999,0.5712425984,0.6262400000000001,2.0,22.896,2.248402118921552,
Eliot Spizzirri,2026-02-11,1507.4344409496348,1519.2697738868128,1500.0,1491.2221136199305,1509.4432148724125,0.5,0.4345624999999999,0.4907373773632812,0.4820009562216796,0.4755864088776808,0.46654201856,-1.0,20.855229716000004,3.3993974681721504,"[{""result"": ""W""}, {""result"": ""W""}, {""result"": ""L""}, {""result"": ""W""}, {""result"": ""L""}]"
Nicolai Budkov Kjaer,2026-04-27,1506.839536181846,1510.835822868239,1496.153548266013,1500.0,1499.3582502841596,0.4577276562499999,0.5,0.461496875,0.4813398293216682,0.475823511344513,0.4730736640000001,-1.0,26.121330200000003,2.952222997056074,"[{""result"": ""L""}, {""result"": ""L""}, {""result"": ""W""}, {""result"": ""W""}, {""result"": ""L""}]"
Billy Harris,2025-08-24,1506.716698520079,1555.0906076087422,1500.0,1512.7854036900717,1484.583180335304,0.5,0.5029824845874511,0.3710077632617187,0.4640868224503822,0.4040588946646624,0.3336054073332859,-2.0,21.26977951503791,1.3336566238839551,"[{""result"": ""W""}, {""result"": ""L""}, {""result"": ""L""}]"
Alexander Shevchenko,2026-05-08,1506.38781093996,1574.5612276757238,1475.8048388509976,1482.3618474708649,1507.4440887020985,0.3017612391506687,0.3693781249999999,0.436038824070487,0.3796109147691562,0.3602116177975827,0.3432292039322183,-1.0,13.780504312637884,3.668330282145052,"[{""result"": ""L""}, {""result"": ""L""}, {""result"": ""L""}, {""result"": ""W""}, {""result"": ""L""}]"
Beibit Zhukayev,2025-07-01,1506.1955119501818,1521.81717935579,1500.0,1500.0,1498.2201203177324,0.5,0.5,0.4135733122875488,0.455101494043008,0.4263240295850914,0.3915661312,-1.0,24.79971444000001,1.4786144964389258,"[{""result"": ""L""}]"
Aristotelis Thanos,2024-09-14,1506.1352184115483,1517.1634041163727,1509.2330846080715,1500.0,1494.0766948940172,0.575,0.5,0.4345624999999999,0.49979048,0.4983756799999999,0.4928000000000001,-1.0,30.840000000000003,1.1326977088091217,
Christopher O'Connell,2026-03-18,1505.9645152610217,1517.244170420885,1500.0,1500.0,1498.216130335644,0.5,0.5,0.4629145399613819,0.4654466575043789,0.4607882097963591,0.4676976148480001,-1.0,18.628849275880007,2.64575573758283,"[{""result"": ""W""}, {""result"": ""W""}, {""result"": ""L""}, {""result"": ""W""}, {""result"": ""L""}]"
Arthur Gea,2026-01-20,1505.8283051880264,1517.397804095968,1500.0,1500.0,1502.9756152320747,0.5,0.5,0.4887499999999999,0.4982,0.4928,0.4800000000000001,-1.0,18.2,1.9310627797040227,"[{""result"": ""W""}, {""result"": ""L""}]"
Tung Lin Wu,2024-09-14,1505.2577944648815,1505.2577944648815,1500.0,1500.0,1501.4311018490316,0.5,0.5,0.5284327013428539,0.4918768331886259,0.512301087185191,0.5603671449600001,2.0,26.980334523000007,2.15333255601605,
Coleman Wong,2026-02-24,1505.1187813672236,1534.5596662474152,1500.0,1491.4002261962837,1507.7735320879542,0.5,0.425,0.3898206266827924,0.4516491879679598,0.3994168257876783,0.3456170435085862,-2.0,24.838906359141674,1.412936789174423,"[{""result"": ""L""}, {""result"": ""W""}, {""result"": ""W""}, {""result"": ""L""}, {""result"": ""L""}]"
Jacopo Berrettini,2023-02-27,1505.0617457523188,1510.9158908048878,1500.0,1500.0,1501.419082826148,0.5,0.5,0.4887499999999999,0.4982,0.4928,0.4800000000000001,-1.0,18.0,2.0,
Justin Engel,2024-10-14,1504.416258494613,1512.6261112043592,1500.0,1500.0,1500.8753673932565,0.5,0.5,0.4887499999999999,0.4982,0.4928,0.4800000000000001,-1.0,18.0,2.0,
Giles Hussey,2024-06-24,1504.3772157058545,1514.387088078836,1500.0,1499.391086500081,1500.0,0.5,0.4887499999999999,0.5,0.4982,0.4928,0.4800000000000001,-1.0,18.0,2.0,
Yanaki Milev,2024-09-14,1504.2406976757022,1504.2406976757022,1507.8468522291091,1500.0,1489.8704778873237,0.5845625,0.5,0.425,0.5067744799999999,0.52544768,0.5648000000000001,2.0,24.840000000000003,2.131082952827301,
Mats Moraing,2021-05-24,1503.9791403735203,1511.6964050627096,1500.5639758709797,1500.0,1500.0,0.4887499999999999,0.5,0.5,0.4982,0.4928,0.4800000000000001,-1.0,18.0,2.0,
Aslan Karatsev,2024-10-14,1503.3756588245674,1643.371174108486,1492.5320288719265,1473.0483461376114,1494.1964908552525,0.3457014069534518,0.3192397252387156,0.3593957870528211,0.3702262087740741,0.3049579947246386,0.274475889643702,-1.0,16.47656627744482,2.602838231150033,
Ilya Ivashka,2023-08-28,1503.1062071184972,1649.647685649574,1480.011761499671,1498.575452389355,1532.5063099763736,0.3451437602313067,0.4012880427184616,0.3508899579448615,0.3684965829089949,0.3201241212362974,0.2794113553811334,-3.0,9.083831048431229,3.518849952209881,
Raphael Collignon,2026-03-22,1502.5665288306866,1508.0928399859572,1500.0,1500.0,1491.5027120813877,0.5,0.5,0.4116548691540234,0.4276769999220448,0.4111331398893109,0.4167315783680001,-1.0,21.79132078484,3.4842523039149644,"[{""result"": ""L""}, {""result"": ""L""}, {""result"": ""W""}, {""result"": ""W""}, {""result"": ""L""}]"
Daniil Ostapenkov,2021-09-18,1502.1575572278705,1515.0379685656108,1501.4894907343153,1500.0,1500.0,0.4887499999999999,0.5,0.5,0.4982,0.4928,0.4800000000000001,-1.0,18.0,2.0,
Matija Pecotic,2023-02-13,1501.912048068999,1512.214899357083,1500.0,1500.0,1500.4208433318074,0.5,0.5,0.4887499999999999,0.4982,0.4928,0.4800000000000001,-1.0,18.0,2.0,
Filip Misolic,2026-01-18,1501.850450019617,1554.9391484577286,1514.855277579608,1500.0,1479.0753666256185,0.3993971389170774,0.5,0.3203176898632812,0.4066937356619708,0.327769350896673,0.2790181041289212,-1.0,30.54535342131205,1.2505281852207153,"[{""result"": ""L""}, {""result"": ""L""}, {""result"": ""W""}, {""result"": ""L""}]"
Alexander Erler,2021-07-26,1501.7875709114842,1514.2231270453924,1501.1382212196695,1500.0,1500.0,0.4887499999999999,0.5,0.5,0.4982,0.4928,0.4800000000000001,-1.0,18.0,2.0,
Pavel Kotov,2024-11-04,1501.621461041792,1591.978607286784,1522.813926342615,1500.200202422257,1462.2538833958838,0.3912168038825859,0.461496875,0.2184214046600283,0.3620991046208632,0.2586680381092634,0.1730130368494497,-4.0,9.382819167415724,2.8647954814793666,
Remy Bertola,2025-10-20,1501.3339841332393,1511.9074590075586,1500.0,1500.0,1499.3193017323065,0.5,0.5,0.4887499999999999,0.4982,0.4928,0.4800000000000001,-1.0,24.0,1.1173191660942507,"[{""result"": ""L""}]"
Alexandros Skorilas,2023-09-16,1501.3005796840073,1512.0,1500.0,1500.0,1498.9402073284027,0.5,0.5,0.4887499999999999,0.4982,0.4928,0.4800000000000001,-1.0,24.0,1.1173191660942507,
Hady Habib,2026-02-16,1501.283480878228,1512.484413009032,1497.9014521542938,1500.0,1498.5206487914058,0.46397140625,0.5,0.461496875,0.4700431812292266,0.4405721960929035,0.403400704,-1.0,38.4226656,1.1421300618943118,"[{""result"": ""L""}]"
Moez Echargui,2026-02-23,1501.102737337477,1534.738708755077,1489.2581379033934,1500.0,1509.7792650900228,0.425,0.5,0.50064734375,0.4856491094719999,0.4492699566079999,0.3809280000000001,-2.0,27.1438,1.8834034358268408,"[{""result"": ""L""}, {""result"": ""L""}]"
Fabio Fognini,2025-07-01,1501.0688252945904,1571.7684811164067,1521.132120094335,1510.2687581998318,1430.3710177378553,0.5111667932772932,0.5163388619939623,0.1828206902046752,0.365585531708654,0.2585445879534501,0.1523580785596885,-1.0,15.749038190526989,1.3870364010239715,"[{""result"": ""L""}]"
Petr Nesterov,2024-09-14,1501.0479458912523,1511.168016866225,1491.2330846080715,1500.0,1509.0,0.425,0.5,0.575,0.4982,0.4928,0.4800000000000001,-1.0,24.0,1.1173191660942507,
Rio Noguchi,2022-10-03,1501.023479760343,1510.158205658087,1500.0,1500.0,1500.3550814512814,0.5,0.5,0.4887499999999999,0.4982,0.4928,0.4800000000000001,-1.0,18.0,2.0,
Hugo Nys,2024-09-14,1500.7891022836734,1500.7891022836734,1509.0,1500.0,1491.2330846080715,0.575,0.5,0.425,0.5018,0.5072,0.52,1.0,24.0,1.1173191660942507,
Mousa Alkotop,2023-02-03,1500.7831003757728,1512.0,1500.0,1500.0,1500.453964774421,0.5,0.5,0.4887499999999999,0.4982,0.4928,0.4800000000000001,-1.0,18.0,2.0,
Daniel Cukierman,2024-09-13,1500.782545033761,1500.782545033761,1500.0,1500.0,1501.6123574447815,0.5,0.5,0.5650399500195312,0.5144804468705406,0.5464853456027647,0.5962060800000001,1.0,32.071524000000004,1.1482879185061854,
Blaz Rola,2023-09-15,1500.7729525120312,1500.7729525120312,1508.5938957651213,1500.0,1490.7608817045066,0.5845625,0.5,0.425,0.5067744799999999,0.52544768,0.5648000000000001,2.0,24.840000000000003,2.131082952827301,
Benjamin Balleret,2024-09-14,1500.7581834663558,1500.7581834663558,1499.9917072967824,1500.0,1500.0,0.51125,0.5,0.5,0.5018,0.5072,0.52,1.0,24.0,1.1173191660942507,
Colin Sinclair,2023-02-03,1500.7396135030417,1511.1733679181373,1500.0,1500.0,1500.428816569313,0.5,0.5,0.4887499999999999,0.4982,0.4928,0.4800000000000001,-1.0,18.0,2.0,
Aqeel Khan,2024-09-14,1500.4325072676452,1500.8001564407266,1500.0,1499.7719193924802,1499.5992200188705,0.5,0.5027506953124999,0.51125,0.5090276961339006,0.5302503928168448,0.5667148800000001,1.0,32.46518400000001,1.1468626043495975,
Stylianos Christodoulou,2024-02-03,1500.414300586377,1500.414300586377,1491.0,1500.0,1509.0,0.425,0.5,0.575,0.5018,0.5072,0.52,1.0,24.0,1.1173191660942507,
Roberto Cid,2021-09-17,1500.414300586377,1500.414300586377,1500.0,1500.0,1500.2330846080715,0.5,0.5,0.51125,0.5018,0.5072,0.52,1.0,18.0,2.0,
Karim Mohamed Maamoun,2023-09-16,1500.414300586377,1500.414300586377,1500.2330846080715,1500.0,1500.0,0.51125,0.5,0.5,0.5018,0.5072,0.52,1.0,24.0,1.1173191660942507,
Peter Bertran,2022-09-16,1500.4121637541934,1500.4121637541934,1500.0,1500.0,1500.238888884444,0.5,0.5,0.51125,0.5018,0.5072,0.52,1.0,18.0,2.0,
David Jorda Sanchis,2024-04-01,1500.395047749227,1512.0,1500.0021047580587,1500.0,1500.0,0.4887499999999999,0.5,0.5,0.4982,0.4928,0.4800000000000001,-1.0,18.0,2.0,
Ryan Peniston,2023-07-03,1500.2462311859697,1547.3918442099978,1500.0,1496.73213373232,1490.5491377064425,0.5,0.3733882146456833,0.425,0.4447967105960481,0.3688242295369418,0.2736383328256001,-3.0,15.93239377192,3.114410990989969,
Sebastian Baez,2026-05-08,1500.1112611111844,1669.753247736787,1600.6669599502118,1465.168126247913,1429.0740743524668,0.3836661062371911,0.2478221042300293,0.3156136472135493,0.3179498414048551,0.3060695245964183,0.3063143632665447,-1.0,11.600288014158888,4.156660659087899,"[{""result"": ""L""}, {""result"": ""L""}, {""result"": ""L""}, {""result"": ""W""}, {""result"": ""L""}]"
Aziz Ouakaa,2021-11-26,1500.0142917836072,1500.0142917836072,1509.0,1500.0,1490.7669153919285,0.575,0.5,0.425,0.5018,0.5072,0.52,1.0,24.0,1.1173191660942507,
Tristan Lamasine,2021-01-05,1500.0,1512.0,1500.0,1500.0,1500.0,0.5,0.5,0.4887499999999999,0.4982,0.4928,0.4800000000000001,-1.0,18.0,2.0,
Justin Barki,2021-09-17,1500.0,1512.0,1500.0,1500.0,1500.0,0.5,0.5,0.4887499999999999,0.4982,0.4928,0.4800000000000001,-1.0,18.0,2.0,
Harry Bourchier,2021-02-01,1500.0,1512.0,1500.0,1500.0,1500.0,0.5,0.5,0.4887499999999999,0.4982,0.4928,0.4800000000000001,-1.0,18.0,2.0,
Alvaro Guillen Meza,2024-02-02,1499.8945189325736,1511.5432691396882,1500.1951012105596,1500.0,1500.0,0.4887499999999999,0.5,0.5,0.4982,0.4928,0.4800000000000001,-1.0,24.0,1.1173191660942507,
Khumoun Sultanov,2024-09-13,1499.798210993658,1499.798210993658,1500.0,1500.0,1496.6189091290914,0.5,0.5,0.4993526562499999,0.4833520111999999,0.4894659584,0.5238400000000001,2.0,27.756000000000004,2.132697708809122,
Ruben Bemelmans,2021-09-18,1499.658081862896,1499.658081862896,1500.2613741281543,1500.0,1500.0,0.51125,0.5,0.5,0.5018,0.5072,0.52,1.0,18.0,2.0,
Ugo Blanchet,2025-10-01,1499.6458652762035,1519.5348418372391,1500.3890794256329,1500.0,1495.8792758313066,0.4887499999999999,0.5,0.42234640625,0.4711240784403199,0.44237026820096,0.4007936000000001,-2.0,22.24076,1.9479572199893105,"[{""result"": ""W""}, {""result"": ""W""}, {""result"": ""L""}, {""result"": ""L""}]"
Juan Carlos Fuentes Vasquez,2024-09-14,1499.585699413623,1512.0,1491.0,1500.0,1509.0,0.425,0.5,0.575,0.4982,0.4928,0.4800000000000001,-1.0,24.0,1.1173191660942507,
Andrew Harris,2021-02-01,1499.585699413623,1512.0,1500.0,1500.0,1499.7669153919285,0.5,0.5,0.4887499999999999,0.4982,0.4928,0.4800000000000001,-1.0,18.0,2.0,
Hernando Jose Escurra Isnardi,2023-02-03,1499.5798796723177,1512.0,1509.0,1500.0,1490.776189625558,0.575,0.5,0.425,0.4982,0.4928,0.4800000000000001,-1.0,24.0,1.1173191660942507,
Mattia Bellucci,2026-05-11,1499.4028887546062,1525.2771147756755,1494.4028193856766,1490.327403987659,1493.8204371866118,0.4577276562499999,0.425,0.308186124819282,0.4109889455421515,0.3949446438617907,0.3983602437386497,-1.0,14.067427609982795,3.809349003045603,"[{""result"": ""L""}, {""result"": ""L""}, {""result"": ""W""}, {""result"": ""W""}, {""result"": ""L""}]"
Michael Zheng,2026-02-09,1499.3745610211122,1517.772960020516,1500.0,1500.0,1496.79696138042,0.5,0.5,0.4154374999999999,0.4683079999999999,0.433664,0.3840000000000001,-2.0,18.38,1.9453356778849704,"[{""result"": ""W""}, {""result"": ""L""}, {""result"": ""L""}]"
Bernard Tomic,2021-02-08,1499.271634564417,1511.9856905714691,1500.0,1500.0,1499.5763021242556,0.5,0.5,0.4887499999999999,0.4982,0.4928,0.4800000000000001,-1.0,18.0,2.0,
Komlavi Loglo,2024-02-03,1499.227110466765,1499.227110466765,1500.0,1500.0,1499.5575021948184,0.5,0.5,0.51125,0.5018,0.5072,0.52,1.0,18.0,2.0,
Marcos Giron,2026-05-07,1499.204022539595,1607.3768291009685,1444.305800378447,1533.546620189346,1489.484632200525,0.1796852384894739,0.7185827942898521,0.2185240151855215,0.302019596860242,0.1933366820270734,0.121783540320039,-4.0,18.15088545927837,2.0603583649644857,"[{""result"": ""W""}, {""result"": ""L""}, {""result"": ""L""}, {""result"": ""L""}, {""result"": ""L""}]"
Yuta Shimizu,2022-10-03,1499.1007833554547,1512.0,1500.0,1509.0,1490.7659384054994,0.5,0.575,0.425,0.4982,0.4928,0.4800000000000001,-1.0,24.0,1.1173191660942507,
Paul Jubb,2024-07-01,1499.077312249119,1522.347122687982,1500.0,1492.2884085336386,1500.0,0.5,0.4390832316406249,0.5,0.4739347746963198,0.45100588138496,0.4171776,-2.0,16.092106,4.261989040767498,
Lukas Neumayer,2024-09-13,1499.0411271772757,1500.5797193669855,1499.3601669593124,1500.0,1500.0,0.5193781249999999,0.5,0.5,0.50339048,0.5127756800000001,0.5328,1.0,24.74,1.3189546342543637,
Pedja Krstin,2021-05-24,1499.028291194431,1511.8213077663822,1500.2203474968303,1500.0,1500.0,0.4887499999999999,0.5,0.5,0.4982,0.4928,0.4800000000000001,-1.0,18.0,2.0,
Jozef Kovalik,2024-09-15,1498.830232951529,1523.5718836268345,1511.1370994167494,1500.0,1470.7114572266069,0.4427560770529363,0.5,0.3343318257617187,0.4283364409309829,0.4071305975555345,0.4020484458687512,1.0,22.600954527858487,2.9420627985046464,
Sina Moghimi,2024-03-15,1498.7802544923816,1510.736619052666,1499.7630273494096,1500.0,1500.0,0.4887499999999999,0.5,0.5,0.4982,0.4928,0.4800000000000001,-1.0,18.0,2.0,
Soon Woo Kwon,2024-09-13,1498.6655965623709,1596.3949220960576,1483.8270947178908,1499.2361598855282,1495.4263897107098,0.3302119310859641,0.401045437712451,0.3415767290835525,0.3595428369492379,0.3183549309211209,0.3283945679166876,1.0,21.684230527977444,1.7606589876617822,
Juan Pablo Ficovich,2025-07-29,1498.6084020139265,1511.4041887078224,1501.6621512864258,1500.0,1495.5123973821794,0.4887499999999999,0.5,0.425,0.4683079999999999,0.433664,0.3840000000000001,-1.0,22.2,1.2346383321885015,"[{""result"": ""L""}]"
Laurynas Grigelis,2022-03-04,1498.4011719979094,1511.201328438636,1500.0,1490.7669153919285,1508.5463349150905,0.5,0.425,0.575,0.4982,0.4928,0.4800000000000001,-1.0,24.0,1.1173191660942507,
Lukas Lacko,2021-06-14,1498.1934049727342,1509.6542364091747,1500.0,1499.7670717966837,1500.0,0.5,0.4887499999999999,0.5,0.4982,0.4928,0.4800000000000001,-1.0,18.0,2.0,
N Sriram Balaji,2024-09-14,1497.963177211816,1512.026997462547,1500.0,1509.2332175875213,1490.8995010058427,0.5,0.575,0.425,0.4982,0.4928,0.4800000000000001,-1.0,24.0,1.1173191660942507,
Laslo Djere,2026-01-18,1497.946273815082,1637.3549797558928,1527.1786511935495,1474.506971482293,1499.4166328318129,0.3798806678137138,0.3417429507176998,0.3286921366841974,0.3823611778764618,0.3369630013308305,0.2766020457047415,-3.0,23.726429658814357,1.139611123653236,"[{""result"": ""L""}, {""result"": ""L""}, {""result"": ""L""}]"
Hong Kit Jack Wong,2024-02-03,1497.9404841891026,1512.0,1500.0,1500.0,1499.0978634737914,0.5,0.5,0.5031218749999999,0.5002095199999999,0.5016243200000001,0.5072000000000001,1.0,30.840000000000003,1.1326977088091217,
Jeremy Chardy,2023-07-03,1497.909189273528,1576.85900688937,1467.1560929968216,1475.9396616884546,1544.0355522847235,0.2573524078061961,0.3302276562499999,0.4889597105976849,0.384072606312836,0.2964698798971136,0.2151477615945489,-4.0,21.194860288425343,1.239597507290329,
Nerman Fatic,2024-02-03,1497.8009537348648,1499.908193695324,1490.9586752147748,1500.0,1508.8961098767495,0.4345624999999999,0.5,0.575,0.50339048,0.5127756800000001,0.5328,1.0,30.840000000000003,1.1326977088091217,
Yassine Dlimi,2024-09-14,1497.7033176545688,1511.154966221034,1491.0,1500.0,1508.5278316880083,0.425,0.5,0.5654374999999999,0.4966095199999999,0.48722432,0.4672,-1.0,25.98,1.1448467395603517,
Matthew Ebden,2024-07-29,1497.6732224573489,1547.5484699856354,1496.1795404984664,1491.0,1508.8811366005702,0.425,0.425,0.4391384088689624,0.4432694456898834,0.360270762195204,0.2494579081216,-5.0,23.820731113830004,1.1407368733731662,
Zhizhen Zhang,2026-04-22,1497.5066508197274,1628.1060439478003,1540.4430753047343,1490.0079823767535,1457.267717663939,0.4313230957557137,0.4349466436887426,0.1699433312554449,0.2921445452368015,0.180259974524882,0.1140364126275732,-4.0,17.623505986629617,1.6597463250969096,"[{""result"": ""W""}, {""result"": ""L""}, {""result"": ""L""}, {""result"": ""L""}, {""result"": ""L""}]"
Aisam Ul Haq Qureshi,2024-02-03,1497.4513011552338,1512.3999911578462,1500.0,1500.4482196861204,1500.0,0.5,0.4968781249999999,0.5,0.49979048,0.4983756799999999,0.4928000000000001,-1.0,30.840000000000003,1.1326977088091217,
Kasidit Samrej,2023-02-03,1497.440620853421,1523.5305588123042,1500.0,1500.0,1498.6216029775364,0.5,0.5,0.4673694453124999,0.4946308681279999,0.478870126592,0.443392,-2.0,21.5838,2.2621659056546024,
Robert Strombachs,2024-02-02,1497.3999810845503,1511.936203027307,1500.0,1500.0,1498.501683732272,0.5,0.5,0.5027506953124999,0.5011958281279999,0.502693486592,0.5009920000000001,-1.0,30.980400000000003,1.2502063167286055,
Mateus Alves,2023-02-20,1497.0430220938658,1500.0,1495.8626276565033,1500.0,1500.0,0.425,0.5,0.5,0.47,0.44,0.4,-1.0,20.0,1.0,
Karlis Ozolins,2023-02-04,1496.6545764879636,1511.984053787465,1500.0,1500.0,1498.153859897076,0.5,0.5,0.4806218749999999,0.4966095199999999,0.48722432,0.4672,-1.0,19.98,2.234638332188501,
Filip Horansky,2022-03-04,1496.3290271184808,1501.4480352942944,1490.7669153919285,1500.0,1504.3786791151265,0.425,0.5,0.4887499999999999,0.471692,0.446336,0.416,-1.0,21.6,2.1173191660942505,
Moise Kouame,2026-04-05,1495.8854359115223,1510.3000540932542,1489.2054943211594,1500.0,1501.3015924020106,0.425,0.5,0.4887499999999999,0.4683079999999999,0.433664,0.3840000000000001,-2.0,17.98,2.090506146433539,"[{""result"": ""W""}, {""result"": ""L""}, {""result"": ""L""}]"
Mario Vilella Martinez,2021-07-26,1495.5468382601214,1524.0,1494.9158681275055,1500.0,1499.534139401855,0.4276535937499999,0.5,0.461496875,0.4652251306783314,0.4279998486554869,0.3845263360000002,-1.0,22.272847200000005,2.1802366755994305,
Omar Jasika,2024-01-15,1495.4411168864913,1500.0,1500.0,1500.0,1495.6819606768772,0.5,0.5,0.425,0.47,0.44,0.4,-1.0,20.0,1.0,
Dane Sweeny,2026-01-20,1495.354958877456,1511.585699413623,1500.0,1500.0,1489.4804935925763,0.5,0.5,0.3901327632617187,0.446938062522099,0.4064217771671553,0.3677491200000001,-1.0,24.356198000000003,2.076231144339346,"[{""result"": ""W""}, {""result"": ""L""}]"
Jack Monday,2025-07-01,1495.293086380381,1500.0,1500.0,1500.0,1495.022214579048,0.5,0.5,0.425,0.47,0.44,0.4,-1.0,20.0,1.0,"[{""result"": ""L""}]"
Kaichi Uchida,2022-10-03,1495.0946925212322,1512.9619071259676,1500.0,1509.0,1486.3807257246438,0.5,0.575,0.3693781249999999,0.4668129487999999,0.4287574016,0.3737600000000001,-2.0,22.732000000000003,2.6753661398372524,
Chris Rodesch,2025-07-01,1494.951761598186,1520.4728726321391,1499.7946638084045,1500.0,1497.9384925185082,0.4968781249999999,0.5,0.461496875,0.4875883038660991,0.4570776071831552,0.40128512,-1.0,27.551184,1.2655848594434764,"[{""result"": ""L""}]"
Alejandro Moro Canas,2024-07-01,1494.894034341983,1513.4776110917855,1501.558445684139,1490.7727543945764,1500.0,0.4887499999999999,0.425,0.5,0.4683079999999999,0.433664,0.3840000000000001,-2.0,22.2,1.2346383321885015,
Zdenek Kolar,2022-06-27,1494.6365232322282,1509.6683283111238,1503.1906722205172,1491.461852159286,1500.0,0.4887499999999999,0.425,0.5,0.4683079999999999,0.433664,0.3840000000000001,-2.0,19.7,1.5730095937203803,
Nicolas Barrientos,2023-02-03,1494.4285651862929,1500.0167504999954,1502.3895924746964,1500.0,1490.7553336063472,0.4887499999999999,0.5,0.425,0.471692,0.446336,0.416,-1.0,26.43,1.1392156639233193,
Santiago Fa Rodriguez Taverna,2022-05-23,1494.3307277105712,1500.0,1491.3840588758233,1500.0,1500.0,0.425,0.5,0.5,0.47,0.44,0.4,-1.0,20.0,1.0,
Francisco Cabral,2024-07-29,1494.3289463211793,1500.0,1493.9682366702568,1500.0,1500.0,0.425,0.5,0.5,0.47,0.44,0.4,-1.0,20.0,1.0,
Marcelo Tomas Barrios Vera,2026-02-16,1494.1887609563726,1500.0,1495.3671602479676,1500.0,1500.0,0.425,0.5,0.5,0.47,0.44,0.4,-1.0,20.0,1.0,"[{""result"": ""L""}]"
Sanjar Fayziev,2022-03-04,1493.9304960509153,1505.7293125131985,1500.0,1500.0,1492.3764555530436,0.5,0.5,0.4345624999999999,0.471692,0.446336,0.416,-1.0,21.6,2.1173191660942505,
Guy Gen Ouden,2026-02-12,1493.842560520745,1500.0,1500.0,1500.0,1494.952561136381,0.5,0.5,0.425,0.47,0.44,0.4,-1.0,20.0,1.0,"[{""result"": ""L""}]"
Alastair Gray,2022-06-27,1493.7334664837135,1499.6466131775564,1500.0,1491.7311832999017,1500.0,0.5,0.4345624999999999,0.5,0.471692,0.446336,0.416,-1.0,21.6,2.1173191660942505,
Diego Vallejo,2026-04-27,1493.6879894765707,1506.5193843982072,1485.445393185289,1500.0,1500.0,0.3693781249999999,0.5,0.5,0.44339048,0.39277568,0.3328,-2.0,19.82,2.8996420717584312,"[{""result"": ""W""}, {""result"": ""L""}, {""result"": ""L""}]"
Juan Alejandro Hernandez Serrano,2022-08-01,1493.6242823025036,1500.4855719188724,1500.0,1500.0,1494.110166360702,0.5,0.5,0.4345624999999999,0.471692,0.446336,0.416,-1.0,21.6,2.1173191660942505,
Vladyslav Orlov,2024-02-01,1493.5845912720176,1501.071644938483,1500.0,1500.0,1494.9073374912746,0.5,0.5,0.4414714062499999,0.4731870511999999,0.4512425984000001,0.42624,-1.0,28.356000000000005,1.2500168749033724,
Philip Sekulic,2023-10-02,1493.5500844744413,1511.2209483794595,1500.0,1500.0,1492.1684907603635,0.5,0.5,0.4154374999999999,0.4683079999999999,0.433664,0.3840000000000001,-2.0,17.4,2.302878115062111,
Nicolas Alvarez Varona,2022-10-10,1493.479870742565,1500.961707358949,1491.0,1500.0,1502.3660923979717,0.425,0.5,0.4887499999999999,0.471692,0.446336,0.416,-1.0,21.6,2.1173191660942505,
Joaquin  Aguilar Cardozo,2024-09-13,1493.3308529459457,1512.008867342589,1497.0157696761228,1500.0,1500.0,0.4806218749999999,0.5,0.5,0.4966095199999999,0.48722432,0.4672,-1.0,25.44,1.248402118921552,
Hiroki Moriya,2022-10-03,1493.1089900605637,1498.8153326899542,1500.0,1500.0,1494.9533776858775,0.5,0.5,0.4345624999999999,0.471692,0.446336,0.416,-1.0,16.83,2.778800783071405,
Jan Zielinski,2022-01-03,1492.9248750043191,1500.0,1500.0,1500.0,1492.9940579483407,0.5,0.5,0.425,0.47,0.44,0.4,-1.0,20.0,1.0,
Nicolas Arseneault,2025-07-29,1492.9153891031167,1500.0,1500.0,1500.0,1493.476714946207,0.5,0.5,0.425,0.47,0.44,0.4,-1.0,20.0,1.0,"[{""result"": ""L""}]"
Alejandro Gonzalez,2022-03-04,1492.651641326084,1500.0,1500.0,1500.0,1493.5881571134046,0.5,0.5,0.425,0.47,0.44,0.4,-1.0,20.0,1.0,
Alexandre Muller,2026-05-06,1492.6331284853704,1548.5169687283876,1483.403095169198,1503.4401815750105,1476.1383857088465,0.257959228875312,0.4806218749999999,0.3115702566257947,0.3000653408563777,0.2213561779739369,0.1542021383342953,-5.0,18.947287155662234,2.164357908152966,"[{""result"": ""L""}, {""result"": ""L""}, {""result"": ""L""}, {""result"": ""L""}, {""result"": ""L""}]"
Dino Dedura,2026-04-14,1492.6095454110596,1500.0,1500.0,1500.0,1493.6397386385547,0.5,0.5,0.425,0.47,0.44,0.4,-1.0,20.0,1.0,"[{""result"": ""L""}]"
James Trotter,2025-10-01,1492.5011849129414,1500.0,1500.0,1500.0,1493.8446369955732,0.5,0.5,0.425,0.47,0.44,0.4,-1.0,20.0,1.0,"[{""result"": ""L""}]"
Yosuke Watanuki,2025-09-23,1492.3805252619145,1540.267166505843,1494.738809879827,1508.8278500735098,1483.1855805256391,0.3917917683593749,0.5197723437499999,0.2858331419120141,0.3634339977842086,0.2935621704024255,0.2401207685892368,-2.0,27.86900569532232,1.186068620733096,"[{""result"": ""L""}, {""result"": ""L""}]"
Adria Soriano Barrera,2024-09-14,1492.2300649053907,1501.8082718628589,1500.4725793253378,1500.0,1492.076632916141,0.51125,0.5,0.425,0.471692,0.446336,0.416,-1.0,22.2,1.2346383321885015,
Michael Agwi,2024-09-13,1492.140020983151,1492.140020983151,1518.013834397953,1500.0,1473.9153502371255,0.6387499999999999,0.5,0.3070624999999999,0.4833520111999999,0.4894659584,0.5238400000000001,2.0,22.896,2.248402118921552,
Max Purcell,2024-08-26,1492.0708275800553,1536.455049546494,1472.553675567818,1489.0743413632626,1459.9555526463196,0.3616625286310375,0.4272177621438993,0.3835934158586974,0.4224774722552539,0.4413790124752983,0.4277439211751108,-1.0,6.739322599453516,5.333117351251567,
Carlos Gimeno Valero,2022-05-02,1491.9843679548223,1500.0,1490.6030740096685,1500.0,1500.0,0.425,0.5,0.5,0.47,0.44,0.4,-1.0,20.0,1.0,
Thiago Monteiro,2026-02-16,1491.8982524148153,1572.156839081994,1504.9628290737758,1465.62400137772,1461.0453508159153,0.3761378080763957,0.2668756953125,0.3203287933604395,0.3608018954091326,0.2668639636691685,0.1825148184621815,-1.0,17.57783474382665,1.2543375586500547,"[{""result"": ""L""}]"
Facundo Diaz Acosta,2024-10-14,1491.8735375193503,1561.2485993372568,1540.8275920608237,1491.987774642423,1448.8083476800384,0.5394854426340797,0.425,0.2053215324959154,0.413430744529959,0.3424798533679087,0.2656508174757991,-3.0,12.269873624435874,2.342634971928028,
Ivan Gakhov,2024-04-15,1491.7875324694871,1503.6373131043604,1487.7991427519523,1500.0,1500.0,0.3693781249999999,0.5,0.5,0.44339048,0.39277568,0.3328,-2.0,25.44,1.248402118921552,
Daniel Merida,2026-05-07,1491.753127735759,1514.4728430196296,1503.8934393037157,1500.0,1491.5212164648726,0.461496875,0.5,0.425,0.4698030512,0.4385705983999999,0.3942400000000001,-2.0,18.045100000000005,3.0401863550482533,"[{""result"": ""L""}, {""result"": ""W""}, {""result"": ""W""}, {""result"": ""L""}, {""result"": ""L""}]"
Joao Lucas Reis da Silva,2026-02-16,1491.5825856434951,1500.0,1491.9696723379082,1500.0,1500.0,0.425,0.5,0.5,0.47,0.44,0.4,-1.0,20.0,1.0,"[{""result"": ""L""}]"
Nick Hardt,2024-07-15,1491.4199234689509,1511.5217929101798,1493.310022708779,1500.0,1499.9907475632606,0.4154374999999999,0.5,0.5031218749999999,0.4684820239596797,0.4347709285990401,0.3876864000000001,-2.0,25.42542,1.2653954176182436,
Michael Geerts,2022-10-17,1491.4164192523708,1511.2411833029842,1509.028109253038,1500.0,1483.4262233502025,0.575,0.5,0.3612499999999999,0.4683079999999999,0.433664,0.3840000000000001,-2.0,24.6,1.3827028815441191,
Miroslav Topo,2026-04-14,1491.3997807035012,1500.0,1500.0,1500.0,1491.6674046600813,0.5,0.5,0.425,0.47,0.44,0.4,-1.0,20.0,1.0,"[{""result"": ""L""}]"
Omni Kumar,2024-08-19,1491.3182511050643,1513.6414300458366,1500.0,1500.0,1495.0767405071863,0.5,0.5,0.42234640625,0.4698030512,0.4385705983999999,0.3942400000000001,-2.0,20.6529,1.407375148341144,
Ye Cong Mo,2023-09-20,1491.317571791201,1500.0,1500.0,1500.0,1493.102763819801,0.5,0.5,0.425,0.47,0.44,0.4,-1.0,20.0,1.0,
Chak Lam Coleman Wong,2024-01-01,1491.2256141213468,1500.0,1500.0,1500.0,1491.14277630076,0.5,0.5,0.425,0.47,0.44,0.4,-1.0,20.0,1.0,
Yunchaokete Bu,2026-01-18,1491.1217782225792,1500.0,1500.0,1500.0,1492.453388995703,0.5,0.5,0.425,0.47,0.44,0.4,-1.0,20.0,1.0,"[{""result"": ""L""}]"
Maxime Janvier,2024-07-01,1491.0981141466964,1500.0,1500.0,1490.7138163475577,1500.0,0.5,0.425,0.5,0.47,0.44,0.4,-1.0,20.0,1.0,
Andreja Petrovic,2023-02-03,1491.015532189825,1500.0,1500.0,1500.0,1492.2590848793427,0.5,0.5,0.425,0.47,0.44,0.4,-1.0,20.0,1.0,
Tristan Boyer,2025-08-29,1490.9547484816685,1495.9857681011106,1500.0,1500.0,1490.1439430414714,0.5,0.5,0.3885031249999999,0.4467744799999999,0.40544768,0.3648,-1.0,17.285000000000004,2.7316843338281918,"[{""result"": ""L""}, {""result"": ""L""}, {""result"": ""W""}, {""result"": ""L""}]"
Gabi Adrian Boitan,2024-09-13,1490.9288429729572,1503.7933713332754,1490.926682925896,1500.0,1499.5455786636678,0.425,0.5,0.4887499999999999,0.471692,0.446336,0.416,-1.0,21.6,2.1173191660942505,
Marc-Andrea Huesler,2026-04-13,1490.8940094745562,1500.0,1500.0,1500.0,1492.4311063018376,0.5,0.5,0.425,0.47,0.44,0.4,-1.0,20.0,1.0,"[{""result"": ""L""}]"
Henry Bernet,2025-10-20,1490.7843669425229,1500.0,1500.0,1500.0,1492.5561214716377,0.5,0.5,0.425,0.47,0.44,0.4,-1.0,20.0,1.0,"[{""result"": ""L""}]"
Brandon Perez,2021-09-18,1490.6792503716265,1500.0,1500.0,1500.0,1492.552512784425,0.5,0.5,0.425,0.47,0.44,0.4,-1.0,20.0,1.0,
Nikolas Sanchez Izquierdo,2024-05-20,1490.64346869552,1500.0,1492.473352345181,1500.0,1500.0,0.425,0.5,0.5,0.47,0.44,0.4,-1.0,20.0,1.0,
Louis Wessels,2023-06-19,1490.6186642395191,1500.0,1500.0,1490.5400092234986,1500.0,0.5,0.425,0.5,0.47,0.44,0.4,-1.0,20.0,1.0,
Alexander Zgirovsky,2021-09-18,1490.5467890074426,1500.0,1491.6687306040062,1500.0,1500.0,0.425,0.5,0.5,0.47,0.44,0.4,-1.0,20.0,1.0,
Oriol Roca Batalla,2023-05-22,1490.4460520521498,1500.0,1491.935461437218,1500.0,1500.0,0.425,0.5,0.5,0.47,0.44,0.4,-1.0,20.0,1.0,
Arthur Fery,2026-03-18,1490.4248324179343,1507.7226482508436,1500.0,1482.9178446889991,1496.692264523154,0.5,0.3612499999999999,0.4085285937499999,0.4240997346963198,0.36922924138496,0.3147776,-2.0,28.99416,1.2814580589883018,"[{""result"": ""W""}, {""result"": ""L""}, {""result"": ""W""}, {""result"": ""L""}, {""result"": ""L""}]"
Evan Furness,2022-09-19,1490.4029185686131,1500.0,1500.0,1500.0,1492.2343352869943,0.5,0.5,0.425,0.47,0.44,0.4,-1.0,20.0,1.0,
Yshai Oliel,2024-09-13,1490.2988036519623,1490.2988036519623,1500.0,1500.0,1492.3992682505907,0.5,0.5,0.5519830200166015,0.4967666824583082,0.528943660930433,0.5950448640000001,2.0,32.4073116,2.146675769961245,
Luka Pavlovic,2026-02-09,1490.2730015605478,1500.0,1500.0,1500.0,1492.07636315012,0.5,0.5,0.425,0.47,0.44,0.4,-1.0,20.0,1.0,"[{""result"": ""L""}]"
Adam Neff,2024-02-05,1490.032063025258,1500.0,1500.0,1500.0,1491.258101499368,0.5,0.5,0.425,0.47,0.44,0.4,-1.0,20.0,1.0,
Yousaf Khalil,2024-09-14,1490.0144442496842,1500.0,1500.0,1500.0,1492.221740144442,0.5,0.5,0.425,0.47,0.44,0.4,-1.0,20.0,1.0,
Nikolai Budov Kjaer,2025-10-20,1489.9412262738667,1500.0,1500.0,1500.0,1490.8823676385498,0.5,0.5,0.425,0.47,0.44,0.4,-1.0,20.0,1.0,"[{""result"": ""L""}]"
Heve Kelley,2024-02-02,1489.9164478644889,1500.0,1500.0,1500.0,1491.905787335129,0.5,0.5,0.425,0.47,0.44,0.4,-1.0,20.0,1.0,
Francisco Llanes,2021-09-18,1489.8833737652828,1500.0,1491.0089735067204,1500.0,1500.0,0.425,0.5,0.5,0.47,0.44,0.4,-1.0,20.0,1.0,
Alexis Galarneau,2026-03-05,1489.8246233999491,1504.009398290267,1491.2418195820346,1500.0,1491.1955774974565,0.425,0.5,0.3890685078124999,0.4270898370963198,0.37904243818496,0.3352576000000001,-2.0,32.448660000000004,1.1471791855902251,"[{""result"": ""L""}, {""result"": ""L""}]"
James McCabe,2025-07-01,1489.663630903638,1500.0,1500.0,1500.0,1492.3354502148309,0.5,0.5,0.425,0.47,0.44,0.4,-1.0,20.0,1.0,"[{""result"": ""L""}]"
Nicholas David Ionel,2024-02-03,1489.6198133279938,1509.6972413552044,1502.2581669149606,1500.0,1491.4916092696626,0.4887499999999999,0.5,0.4345624999999999,0.4701969487999998,0.4414294016000001,0.4057600000000001,-1.0,23.982,1.2621659056546024,
Joao Faria,2025-07-01,1489.5976530215066,1500.0,1500.0,1500.0,1491.4394448155635,0.5,0.5,0.425,0.47,0.44,0.4,-1.0,20.0,1.0,"[{""result"": ""L""}]"
Sebastian Fanselow,2024-05-20,1489.5068529489636,1500.0,1491.3692094626235,1500.0,1500.0,0.425,0.5,0.5,0.47,0.44,0.4,-1.0,20.0,1.0,
Isaac Becroft,2022-09-16,1489.426276756816,1500.0,1500.0,1500.0,1492.2900924054725,0.5,0.5,0.425,0.47,0.44,0.4,-1.0,20.0,1.0,
Matthew Forbes,2024-08-26,1489.4165619394507,1500.0,1500.0,1500.0,1491.407659859165,0.5,0.5,0.425,0.47,0.44,0.4,-1.0,20.0,1.0,
Viacheslav Bielinskyi,2024-02-01,1489.3337965946976,1500.4755551633657,1500.0,1500.0,1489.9244225293396,0.5,0.5,0.4345624999999999,0.471692,0.446336,0.416,-1.0,27.6,1.1310829528273012,
Thijs Boogaard,2026-02-09,1489.2850079322443,1500.0,1500.0,1500.0,1491.5090357301867,0.5,0.5,0.425,0.47,0.44,0.4,-1.0,20.0,1.0,"[{""result"": ""L""}]"
Gianluca Cadenasso,2026-05-07,1489.225769626749,1500.0,1491.6104223901937,1500.0,1500.0,0.425,0.5,0.5,0.47,0.44,0.4,-1.0,20.0,1.0,"[{""result"": ""L""}]"
Javier Barranco Cosano,2024-05-20,1489.215263747814,1500.0,1490.4338520350948,1500.0,1500.0,0.425,0.5,0.5,0.47,0.44,0.4,-1.0,20.0,1.0,
Patrick Kaukovalta,2023-11-21,1489.2025002360456,1500.0,1500.0,1500.0,1491.692449878423,0.5,0.5,0.425,0.47,0.44,0.4,-1.0,20.0,1.0,
Alex Rybakov,2023-02-06,1489.202232326808,1500.0,1500.0,1500.0,1491.4916144148035,0.5,0.5,0.425,0.47,0.44,0.4,-1.0,20.0,1.0,
William Blumberg,2022-07-11,1489.0070094918394,1500.0,1500.0,1491.4424545227105,1500.0,0.5,0.425,0.5,0.47,0.44,0.4,-1.0,20.0,1.0,
Theo Papamalamis,2024-11-04,1488.9172601400403,1500.0,1500.0,1500.0,1489.6387036000297,0.5,0.5,0.425,0.47,0.44,0.4,-1.0,20.0,1.0,
Illia Biloborodko,2022-09-15,1488.9115887760877,1500.0,1500.0,1500.0,1490.922354731823,0.5,0.5,0.425,0.47,0.44,0.4,-1.0,20.0,1.0,
Jiri Zhang,2026-04-14,1488.8163174555475,1500.0,1500.0,1500.0,1490.500688757487,0.5,0.5,0.425,0.47,0.44,0.4,-1.0,20.0,1.0,"[{""result"": ""L""}]"
Jesse Flores,2024-02-02,1488.8121751694011,1500.0,1500.0,1500.0,1491.4655913042338,0.5,0.5,0.425,0.47,0.44,0.4,-1.0,20.0,1.0,
Karam Hatamleh,2023-02-03,1488.8109872991158,1500.0,1500.0,1500.0,1491.4660046631104,0.5,0.5,0.425,0.47,0.44,0.4,-1.0,20.0,1.0,
Juan Carlos Prado Angelo,2024-02-03,1488.8106880224998,1488.8106880224998,1509.0,1500.0,1481.995751098991,0.575,0.5,0.3612499999999999,0.4752919999999999,0.460736,0.456,1.0,22.2,1.2346383321885015,
Trent Bryde,2021-07-26,1488.7820699307338,1500.0,1500.0,1500.0,1491.4945235618272,0.5,0.5,0.425,0.47,0.44,0.4,-1.0,20.0,1.0,
Manuel Guinard,2024-11-04,1488.7730311928049,1509.1038486606008,1493.7951363791872,1500.0,1492.8236284259565,0.42234640625,0.5,0.4085285937499999,0.4446512866114729,0.3963391457457549,0.3391045632000001,-2.0,19.870660968000003,1.45620968880122,
Simon Carr,2023-02-03,1488.771559218185,1512.0,1500.0,1500.0,1491.4420648674652,0.5,0.5,0.4154374999999999,0.4683079999999999,0.433664,0.3840000000000001,-2.0,22.2,1.2346383321885015,
Gonzalo Villanueva,2022-08-01,1488.745425625268,1500.0,1500.0,1500.0,1490.908297056828,0.5,0.5,0.425,0.47,0.44,0.4,-1.0,20.0,1.0,
Maxim Shin,2024-02-02,1488.7354129801447,1500.0,1500.0,1500.0,1491.6261681456465,0.5,0.5,0.425,0.47,0.44,0.4,-1.0,20.0,1.0,
Daniil Glinka,2021-09-17,1488.6794191240422,1500.0,1500.0,1500.0,1491.0124582422989,0.5,0.5,0.425,0.47,0.44,0.4,-1.0,20.0,1.0,
Evgenii Tiurnev,2021-10-25,1488.6793846148296,1500.0,1500.0,1500.0,1491.4973745557932,0.5,0.5,0.425,0.47,0.44,0.4,-1.0,20.0,1.0,
Kevin Krawietz,2024-02-02,1488.600191860442,1500.0,1500.0,1500.0,1491.2670035717322,0.5,0.5,0.425,0.47,0.44,0.4,-1.0,20.0,1.0,
Mees Rottgering,2026-02-09,1488.5816336078144,1500.0,1500.0,1500.0,1489.7695030186565,0.5,0.5,0.425,0.47,0.44,0.4,-1.0,20.0,1.0,"[{""result"": ""L""}]"
Rodrigo Crespo Piedra,2024-02-02,1488.5522516167075,1500.0,1500.0,1500.0,1491.0646907305186,0.5,0.5,0.425,0.47,0.44,0.4,-1.0,20.0,1.0,
Diego Duran,2024-02-02,1488.5184433292045,1488.5184433292045,1490.7669153919285,1500.0,1500.2330846080715,0.425,0.5,0.51125,0.4752919999999999,0.460736,0.456,1.0,27.6,1.1310829528273012,
Daniel Masur,2021-06-28,1488.4883512391275,1500.0,1500.0,1491.2400521591735,1500.0,0.5,0.425,0.5,0.47,0.44,0.4,-1.0,20.0,1.0,
Dustin Brown,2021-06-07,1488.4468488923987,1500.0,1500.0,1491.0,1500.0,0.5,0.425,0.5,0.47,0.44,0.4,-1.0,20.0,1.0,
Sam Riffice,2021-08-30,1488.4299747629198,1500.0,1500.0,1500.0,1491.6882763181673,0.5,0.5,0.425,0.47,0.44,0.4,-1.0,20.0,1.0,
Lucky Candra Kurniawan,2022-09-16,1488.414300586377,1500.0,1500.0,1500.0,1491.2330846080715,0.5,0.5,0.425,0.47,0.44,0.4,-1.0,20.0,1.0,
Jack Cheng,2024-09-14,1488.4000076259508,1500.0,1500.0,1500.0,1491.0,0.5,0.5,0.425,0.47,0.44,0.4,-1.0,20.0,1.0,
Vladimir Ivanov,2021-09-17,1488.3364098183729,1500.0,1500.0,1500.0,1491.0,0.5,0.5,0.425,0.47,0.44,0.4,-1.0,20.0,1.0,
Courtney John Lock,2024-02-03,1488.303944056125,1500.0,1500.0,1500.0,1491.1809936153848,0.5,0.5,0.425,0.47,0.44,0.4,-1.0,20.0,1.0,
Mattias Siimar,2021-09-17,1488.275135822193,1500.0,1500.0,1500.0,1490.7735021256092,0.5,0.5,0.425,0.47,0.44,0.4,-1.0,20.0,1.0,
Amr Elsayed Abdou Ahmed Mohamed,2024-09-13,1488.237332507534,1512.2514176306206,1499.3203319466882,1500.0,1491.794594357999,0.4806218749999999,0.5,0.4345624999999999,0.4688759215596799,0.43762973179904,0.3992064000000001,-1.0,34.36836000000001,1.134524131773135,
Raphael Collingnon,2025-10-20,1488.2130345698838,1500.0,1500.0,1500.0,1490.9852681298282,0.5,0.5,0.425,0.47,0.44,0.4,-1.0,20.0,1.0,"[{""result"": ""L""}]"
Aleksander Vukic,2026-03-20,1488.181901856043,1500.0,1500.0,1500.0,1490.9390491261945,0.5,0.5,0.425,0.47,0.44,0.4,-1.0,20.0,1.0,"[{""result"": ""W""}, {""result"": ""L""}, {""result"": ""L""}, {""result"": ""W""}, {""result"": ""L""}]"
Luca Darderi,2025-10-28,1488.0634957801794,1500.0,1500.0,1500.0,1491.2750339170443,0.5,0.5,0.425,0.47,0.44,0.4,-1.0,20.0,1.0,"[{""result"": ""L""}]"
Mariano Navone,2026-05-11,1488.051166931684,1595.3677670741513,1549.2914142964328,1475.5856228937423,1434.5815449815918,0.4525345891101923,0.3070624999999999,0.2359657738838178,0.3468672057182782,0.3732554901801906,0.4265801653554543,-1.0,13.828168719980184,4.732814168007367,"[{""result"": ""W""}, {""result"": ""L""}, {""result"": ""W""}, {""result"": ""W""}, {""result"": ""L""}]"
Igor Marcondes,2026-02-16,1488.0269336974218,1500.0,1491.227535743331,1500.0,1500.0,0.425,0.5,0.5,0.47,0.44,0.4,-1.0,20.0,1.0,"[{""result"": ""L""}]"
Federico Zeballos,2022-09-16,1488.0143094285309,1500.0,1500.0,1500.0,1491.0060378419637,0.5,0.5,0.425,0.47,0.44,0.4,-1.0,20.0,1.0,
Alan Fernando Rubio Fierros,2024-09-14,1488.0084254477645,1499.6269751896848,1490.7853280049342,1500.0,1500.196585772568,0.425,0.5,0.4887499999999999,0.471692,0.446336,0.416,-1.0,21.6,2.1173191660942505,
Blake Mott,2021-02-01,1488.0,1500.0,1500.0,1500.0,1491.0,0.5,0.5,0.425,0.47,0.44,0.4,-1.0,20.0,1.0,
Luis Patino,2021-03-05,1488.0,1500.0,1500.0,1500.0,1491.0,0.5,0.5,0.425,0.47,0.44,0.4,-1.0,20.0,1.0,
Kevin King,2021-01-04,1488.0,1500.0,1500.0,1500.0,1491.0,0.5,0.5,0.425,0.47,0.44,0.4,-1.0,20.0,1.0,
Ryan Harrison,2021-01-04,1488.0,1500.0,1500.0,1500.0,1491.0,0.5,0.5,0.425,0.47,0.44,0.4,-1.0,20.0,1.0,
Donald Young,2021-01-04,1488.0,1500.0,1500.0,1500.0,1491.0,0.5,0.5,0.425,0.47,0.44,0.4,-1.0,20.0,1.0,
Andrea Arnaboldi,2021-01-05,1488.0,1500.0,1500.0,1500.0,1491.0,0.5,0.5,0.425,0.47,0.44,0.4,-1.0,20.0,1.0,
Jc Aragone,2021-01-04,1488.0,1500.0,1500.0,1500.0,1491.0,0.5,0.5,0.425,0.47,0.44,0.4,-1.0,20.0,1.0,
Marsel Ilhan,2021-01-05,1488.0,1500.0,1500.0,1500.0,1491.0,0.5,0.5,0.425,0.47,0.44,0.4,-1.0,20.0,1.0,
Matthias Bachinger,2021-01-05,1488.0,1500.0,1500.0,1500.0,1491.0,0.5,0.5,0.425,0.47,0.44,0.4,-1.0,20.0,1.0,
Michael Vrbensky,2021-01-05,1488.0,1500.0,1500.0,1500.0,1491.0,0.5,0.5,0.425,0.47,0.44,0.4,-1.0,20.0,1.0,
Daniel Azar,2023-09-15,1488.0,1500.0,1491.0,1500.0,1500.0,0.425,0.5,0.5,0.47,0.44,0.4,-1.0,20.0,1.0,
Siim Troost,2021-09-17,1488.0,1500.0,1500.0,1500.0,1491.0,0.5,0.5,0.425,0.47,0.44,0.4,-1.0,20.0,1.0,
Oliver Crawford,2025-07-01,1488.0,1500.0,1500.0,1500.0,1491.0,0.5,0.5,0.425,0.47,0.44,0.4,-1.0,20.0,1.0,"[{""result"": ""L""}]"
Walid Ahouda,2023-09-16,1488.0,1500.0,1500.0,1500.0,1491.0,0.5,0.5,0.425,0.47,0.44,0.4,-1.0,20.0,1.0,
Devin Badenhorst,2023-02-04,1488.0,1500.0,1500.0,1500.0,1491.0,0.5,0.5,0.425,0.47,0.44,0.4,-1.0,20.0,1.0,
Jacob Bicknell,2023-02-04,1488.0,1500.0,1500.0,1500.0,1491.0,0.5,0.5,0.425,0.47,0.44,0.4,-1.0,20.0,1.0,
Matavao Fanguna,2024-02-02,1488.0,1500.0,1500.0,1500.0,1491.0,0.5,0.5,0.425,0.47,0.44,0.4,-1.0,20.0,1.0,
Raul Garcia,2023-02-02,1488.0,1500.0,1500.0,1500.0,1491.0,0.5,0.5,0.425,0.47,0.44,0.4,-1.0,20.0,1.0,
Luca Preda,2024-02-03,1488.0,1500.0,1500.0,1500.0,1491.0,0.5,0.5,0.425,0.47,0.44,0.4,-1.0,20.0,1.0,
Matthew Foster Estwick,2022-09-16,1488.0,1500.0,1500.0,1500.0,1491.0,0.5,0.5,0.425,0.47,0.44,0.4,-1.0,20.0,1.0,
Thanapet Chanta,2024-02-03,1488.0,1500.0,1491.0,1500.0,1500.0,0.425,0.5,0.5,0.47,0.44,0.4,-1.0,20.0,1.0,
Kwok Shun Dasson Chan,2024-02-03,1488.0,1500.0,1500.0,1500.0,1491.0,0.5,0.5,0.425,0.47,0.44,0.4,-1.0,20.0,1.0,
Daniel Dutra Da Silva,2022-07-25,1488.0,1500.0,1491.0,1500.0,1500.0,0.425,0.5,0.5,0.47,0.44,0.4,-1.0,20.0,1.0,
Hamid Reza Nadaf,2024-03-15,1488.0,1500.0,1491.0,1500.0,1500.0,0.425,0.5,0.5,0.47,0.44,0.4,-1.0,20.0,1.0,
Delmas Ntcha,2022-03-04,1488.0,1500.0,1500.0,1500.0,1491.0,0.5,0.5,0.425,0.47,0.44,0.4,-1.0,20.0,1.0,
Alexis Klegou,2022-03-04,1488.0,1500.0,1500.0,1500.0,1491.0,0.5,0.5,0.425,0.47,0.44,0.4,-1.0,20.0,1.0,
Dimitri Badra,2021-09-18,1488.0,1500.0,1500.0,1500.0,1491.0,0.5,0.5,0.425,0.47,0.44,0.4,-1.0,20.0,1.0,
Min Kyu Song,2024-09-13,1488.0,1500.0,1500.0,1500.0,1491.0,0.5,0.5,0.425,0.47,0.44,0.4,-1.0,20.0,1.0,
Ricardo Rodriguez,2021-09-18,1488.0,1500.0,1500.0,1500.0,1491.0,0.5,0.5,0.425,0.47,0.44,0.4,-1.0,20.0,1.0,
Gastao Elias,2021-09-18,1488.0,1500.0,1500.0,1500.0,1491.0,0.5,0.5,0.425,0.47,0.44,0.4,-1.0,20.0,1.0,
Jose  Flores,2023-09-16,1488.0,1500.0,1491.0,1500.0,1500.0,0.425,0.5,0.5,0.47,0.44,0.4,-1.0,20.0,1.0,
Roey Tabet,2021-09-18,1488.0,1500.0,1491.0,1500.0,1500.0,0.425,0.5,0.5,0.47,0.44,0.4,-1.0,20.0,1.0,
Dac Tien Nguyen,2023-02-04,1488.0,1500.0,1500.0,1500.0,1491.0,0.5,0.5,0.425,0.47,0.44,0.4,-1.0,20.0,1.0,
Thomas Fancutt,2021-02-01,1487.9856905714691,1500.0,1500.0,1500.0,1490.9939621580363,0.5,0.5,0.425,0.47,0.44,0.4,-1.0,20.0,1.0,
Ki Lung Ng,2024-09-14,1487.9856720626378,1499.9851594895667,1500.0,1500.0,1490.993956064593,0.5,0.5,0.4345624999999999,0.471692,0.446336,0.416,-1.0,27.6,1.1310829528273012,
Juan Borba,2023-02-03,1487.9770847185391,1500.0,1500.0,1500.0,1490.5607890902372,0.5,0.5,0.425,0.47,0.44,0.4,-1.0,20.0,1.0,
Lleyton Cronje,2022-09-16,1487.9697208730147,1500.0,1491.0,1500.0,1500.0,0.425,0.5,0.5,0.47,0.44,0.4,-1.0,20.0,1.0,
Alvaro Lopez San Martin,2023-05-22,1487.964964251225,1500.0,1491.8303175552844,1500.0,1500.0,0.425,0.5,0.5,0.47,0.44,0.4,-1.0,20.0,1.0,
Mischa Zverev,2021-03-22,1487.9613972242582,1500.0,1500.0,1500.0,1490.983267975193,0.5,0.5,0.425,0.47,0.44,0.4,-1.0,20.0,1.0,
Roberto Marcora,2021-10-04,1487.9487714817867,1512.0,1500.0,1500.0,1490.404116794122,0.5,0.5,0.4154374999999999,0.4683079999999999,0.433664,0.3840000000000001,-2.0,22.2,1.2346383321885015,
Kenneth Raisma,2023-02-04,1487.948345758927,1500.0,1500.0,1500.0,1491.0,0.5,0.5,0.425,0.47,0.44,0.4,-1.0,20.0,1.0,
Marcos Lee Chan Baratau,2024-09-14,1487.9381477882305,1500.0,1500.0,1500.0,1491.165917781204,0.5,0.5,0.425,0.47,0.44,0.4,-1.0,20.0,1.0,
Jan Engel,2026-04-14,1487.8009808858158,1500.0,1500.0,1500.0,1490.7354934060727,0.5,0.5,0.425,0.47,0.44,0.4,-1.0,20.0,1.0,"[{""result"": ""L""}]"
Pierre-Hugues Herbert,2026-02-16,1487.7722108395703,1500.0,1500.0,1500.0,1490.7148013096164,0.5,0.5,0.425,0.47,0.44,0.4,-1.0,20.0,1.0,"[{""result"": ""L""}]"
Orel Kimhi,2024-02-03,1487.7646079817812,1500.0,1500.0,1500.0,1490.8716657197567,0.5,0.5,0.425,0.47,0.44,0.4,-1.0,20.0,1.0,
Finn Reynolds,2021-09-17,1487.7643961064236,1500.0,1500.0,1491.2160555800667,1500.0,0.5,0.425,0.5,0.47,0.44,0.4,-1.0,20.0,1.0,
Zhe Li,2023-09-20,1487.6574637928466,1500.0,1500.0,1500.0,1490.739795953482,0.5,0.5,0.425,0.47,0.44,0.4,-1.0,20.0,1.0,
Tegar Abdi Satrio Wibowo,2022-09-16,1487.6394118989151,1500.0,1500.0,1500.0,1491.137445701728,0.5,0.5,0.425,0.47,0.44,0.4,-1.0,20.0,1.0,
Philip Hjorth,2024-09-14,1487.6187628508137,1500.0,1500.0,1500.0,1490.7336953804172,0.5,0.5,0.425,0.47,0.44,0.4,-1.0,20.0,1.0,
Ming Zheng,2026-03-05,1487.6126857195118,1500.0,1500.0,1500.0,1490.658685539365,0.5,0.5,0.425,0.47,0.44,0.4,-1.0,20.0,1.0,"[{""result"": ""L""}]"
Mahammad Abid,2023-02-03,1487.585699413623,1500.0,1500.0,1500.0,1490.7669153919285,0.5,0.5,0.425,0.47,0.44,0.4,-1.0,20.0,1.0,
Minhtuan Pham,2023-02-04,1487.585699413623,1500.0,1500.0,1500.0,1490.7669153919285,0.5,0.5,0.425,0.47,0.44,0.4,-1.0,20.0,1.0,
Hamza Karmoussi,2024-02-03,1487.585699413623,1500.0,1500.0,1500.0,1491.0,0.5,0.5,0.425,0.47,0.44,0.4,-1.0,20.0,1.0,
Edgars Manusis,2021-09-18,1487.585699413623,1500.0,1500.0,1500.0,1490.7669153919285,0.5,0.5,0.425,0.47,0.44,0.4,-1.0,20.0,1.0,
Lluis Miralles,2021-03-05,1487.573873849281,1500.0,1500.0,1500.0,1490.761662859656,0.5,0.5,0.425,0.47,0.44,0.4,-1.0,20.0,1.0,
Wojciech Marek,2021-03-05,1487.5714076300158,1500.0,1500.0,1500.0,1490.7608817045066,0.5,0.5,0.425,0.47,0.44,0.4,-1.0,20.0,1.0,
Thabo Ncube,2021-11-26,1487.5714076300158,1500.0,1491.0,1500.0,1500.0,0.425,0.5,0.5,0.47,0.44,0.4,-1.0,20.0,1.0,
Marcelo Demoliner,2023-09-15,1487.5528992640202,1500.0,1500.0,1500.0,1490.7525615922464,0.5,0.5,0.425,0.47,0.44,0.4,-1.0,20.0,1.0,
Roman Burruchaga,2026-05-07,1487.388545450797,1500.0,1490.556304303919,1500.0,1500.0,0.425,0.5,0.5,0.47,0.44,0.4,-1.0,20.0,1.0,"[{""result"": ""L""}]"
Johannes Ingildsen,2022-09-17,1487.37816849864,1487.37816849864,1500.0,1491.2330846080715,1500.006033687422,0.5,0.425,0.51125,0.4752919999999999,0.460736,0.456,1.0,27.6,1.1310829528273012,
Martin Cuevas,2022-09-16,1487.3183804563275,1499.898529556714,1491.0063224098617,1500.0,1500.0,0.4345624999999999,0.5,0.5,0.471692,0.446336,0.416,-1.0,21.6,2.1173191660942505,
Cayetano March,2022-03-04,1487.3103327114884,1500.0,1500.0,1500.0,1490.7490448229605,0.5,0.5,0.425,0.47,0.44,0.4,-1.0,20.0,1.0,
Hernan Casanova,2022-07-25,1487.3020315770095,1500.0,1491.0,1500.0,1500.0,0.425,0.5,0.5,0.47,0.44,0.4,-1.0,20.0,1.0,
Stefan Dostanic,2025-08-24,1487.276643294823,1500.0,1500.0,1500.0,1490.7920500284856,0.5,0.5,0.425,0.47,0.44,0.4,-1.0,20.0,1.0,"[{""result"": ""L""}]"
Zura Tkemaladze,2024-02-03,1487.2662492671932,1512.0,1500.0,1500.0,1491.3057939598564,0.5,0.5,0.4154374999999999,0.4683079999999999,0.433664,0.3840000000000001,-2.0,21.6,2.1173191660942505,
Nathan Anthony Barki,2022-09-16,1487.1983455875568,1500.0,1500.0,1500.0,1490.901779228658,0.5,0.5,0.425,0.47,0.44,0.4,-1.0,20.0,1.0,
Patrik Niklas Salminen,2021-09-17,1487.1979385095267,1500.0,1500.0,1500.0,1490.564989892716,0.5,0.5,0.425,0.47,0.44,0.4,-1.0,20.0,1.0,
Leonardo Mayer,2021-03-08,1487.1750531232926,1500.0,1490.7669153919285,1500.0,1500.0,0.425,0.5,0.5,0.47,0.44,0.4,-1.0,20.0,1.0,
Maximus Jones,2024-02-03,1487.1717827711186,1500.0,1491.0,1500.0,1500.0,0.425,0.5,0.5,0.47,0.44,0.4,-1.0,20.0,1.0,
Gillian Osmont,2024-02-02,1487.1613801235096,1500.0,1500.0,1500.0,1490.7669153919285,0.5,0.5,0.425,0.47,0.44,0.4,-1.0,20.0,1.0,
Mehluli Don Ayanda Sibanda,2021-11-26,1487.125145829283,1500.0,1491.0,1500.0,1500.0,0.425,0.5,0.5,0.47,0.44,0.4,-1.0,20.0,1.0,
Antoine Escoffier,2024-01-29,1487.0872426111816,1500.0,1500.0,1500.0,1490.175631936856,0.5,0.5,0.425,0.47,0.44,0.4,-1.0,20.0,1.0,
Luka Mikrut,2024-07-22,1487.0621737086865,1500.0,1490.4159548163302,1500.0,1500.0,0.425,0.5,0.5,0.47,0.44,0.4,-1.0,20.0,1.0,
Tao Mu,2023-09-20,1487.0538277092303,1500.0,1500.0,1500.0,1491.2693600057758,0.5,0.5,0.425,0.47,0.44,0.4,-1.0,20.0,1.0,
Luis Miguel,2026-02-16,1487.042579623056,1500.0,1490.830160388958,1500.0,1500.0,0.425,0.5,0.5,0.47,0.44,0.4,-1.0,20.0,1.0,"[{""result"": ""L""}]"
Petros Chrysochos,2024-02-03,1486.9805999667262,1512.0,1500.0,1500.0,1490.611337734602,0.4887499999999999,0.5,0.4154374999999999,0.4668129487999999,0.4287574016,0.3737600000000001,-2.0,23.982,1.2621659056546024,
Joris De Loore,2024-02-03,1486.9584082938356,1500.0,1500.0,1500.0,1490.8077305890515,0.5,0.5,0.425,0.47,0.44,0.4,-1.0,20.0,1.0,
Sandro Ehrat,2021-07-19,1486.8797111666474,1500.0,1491.0,1500.0,1500.0,0.425,0.5,0.5,0.47,0.44,0.4,-1.0,20.0,1.0,
Vasek Pospisil,2024-08-05,1486.8521850443046,1502.002204333015,1500.0,1491.874300221392,1477.0908864663247,0.5,0.4135202785156249,0.4413994764127565,0.4289022814921446,0.4383242058753019,0.443996422349022,-1.0,31.313432595767303,1.1352641277486628,
Johan Nikles,2022-05-16,1486.8496341757614,1500.101063145013,1490.862962856269,1500.0,1500.0,0.4345624999999999,0.5,0.5,0.471692,0.446336,0.416,-1.0,21.6,2.1173191660942505,
Trevor Svajda,2026-02-09,1486.8462529100943,1500.0,1500.0,1500.0,1490.0382544857996,0.5,0.5,0.425,0.47,0.44,0.4,-1.0,20.0,1.0,"[{""result"": ""L""}]"
Faris Zakaryia,2024-09-13,1486.8239445050424,1500.0,1490.7899168902154,1500.0,1500.0,0.425,0.5,0.5,0.47,0.44,0.4,-1.0,20.0,1.0,
Siddharth Vishwakarma,2024-09-14,1486.8204286036903,1500.0,1500.0,1500.0,1491.135226725795,0.5,0.5,0.425,0.47,0.44,0.4,-1.0,20.0,1.0,
Lukas Hellum Lilleengen,2022-09-16,1486.8089532577037,1500.0,1500.0,1500.0,1490.636327408963,0.5,0.5,0.425,0.47,0.44,0.4,-1.0,20.0,1.0,
Lorenzo Darderi,2026-03-20,1486.7481881851782,1500.0,1500.0,1500.0,1490.946537787141,0.5,0.5,0.425,0.47,0.44,0.4,-1.0,20.0,1.0,"[{""result"": ""L""}]"
Rei Sakamoto,2026-03-20,1486.7407788078633,1489.9451341093113,1500.0,1500.0,1488.4885193260116,0.5,0.5,0.3885031249999999,0.4467744799999999,0.40544768,0.3648,-1.0,24.95,2.0575468109224966,"[{""result"": ""L""}, {""result"": ""L""}, {""result"": ""W""}, {""result"": ""L""}]"
Yanki Erel,2024-09-13,1486.662369485544,1499.5670628930986,1482.039084352656,1500.0,1508.759574598229,0.3612499999999999,0.5,0.575,0.471692,0.446336,0.416,-1.0,27.6,1.1310829528273012,
Riccardo Bonadio,2023-04-03,1486.6380889475074,1511.260086147065,1490.5307884479714,1500.0,1500.0,0.4154374999999999,0.5,0.5,0.4683079999999999,0.433664,0.3840000000000001,-2.0,19.7,1.5730095937203803,
Zhang Zhizhen,2026-05-06,1486.5810586504765,1500.0,1489.4727436384426,1500.0,1500.0,0.425,0.5,0.5,0.47,0.44,0.4,-1.0,20.0,1.0,"[{""result"": ""L""}]"
James Ward,2021-06-21,1486.5431873004657,1500.0,1500.0,1490.7669153919285,1500.0,0.5,0.425,0.5,0.47,0.44,0.4,-1.0,20.0,1.0,
Juan Martin del Potro,2022-02-07,1486.366621638963,1500.0,1492.506464078709,1500.0,1500.0,0.425,0.5,0.5,0.47,0.44,0.4,-1.0,20.0,1.0,
Raul Brancaccio,2021-05-24,1486.3578260178383,1500.0,1490.392729253084,1500.0,1500.0,0.425,0.5,0.5,0.47,0.44,0.4,-1.0,20.0,1.0,
Danilo Petrovic,2021-04-19,1486.3452844773735,1500.0,1491.0289738186286,1500.0,1500.0,0.425,0.5,0.5,0.47,0.44,0.4,-1.0,20.0,1.0,
Prajnesh Gunneswaran,2023-02-03,1486.172957127063,1489.5453292901082,1500.0,1500.0,1488.3431676963305,0.5,0.5,0.4306935078124999,0.4547699305279998,0.433978683392,0.4334720000000001,1.0,31.087860000000006,1.134624801557764,
Alexander Sarkissian,2021-07-19,1486.1083657489355,1500.0,1500.0,1500.0,1490.5460169777164,0.5,0.5,0.425,0.47,0.44,0.4,-1.0,20.0,1.0,
Christian Sigsgaard,2022-09-17,1486.0999269117287,1512.0,1500.0,1491.0,1500.0001522484015,0.5,0.425,0.4887499999999999,0.4683079999999999,0.433664,0.3840000000000001,-2.0,27.6,1.1310829528273012,
Liam Krall,2023-02-06,1486.0196339427348,1500.0,1500.0,1500.0,1490.7794933438731,0.5,0.5,0.425,0.47,0.44,0.4,-1.0,20.0,1.0,
Caleb Chakravarthi,2022-02-07,1485.9712009339798,1500.0,1500.0,1500.0,1489.731340466347,0.5,0.5,0.425,0.47,0.44,0.4,-1.0,20.0,1.0,
Federico Agustin Gomez,2025-08-24,1485.9500793591806,1499.549477011131,1490.6533557780936,1500.0,1495.5434122605943,0.425,0.5,0.4154374999999999,0.44339048,0.39277568,0.3328,-1.0,25.44,1.248402118921552,"[{""result"": ""L""}]"
Clement Chidekh,2023-02-06,1485.7412304921668,1500.0,1500.0,1500.0,1489.7443555671607,0.5,0.5,0.425,0.47,0.44,0.4,-1.0,20.0,1.0,
Manas Dhamne,2023-01-02,1485.708081494112,1500.0,1500.0,1500.0,1490.0782527475733,0.5,0.5,0.425,0.47,0.44,0.4,-1.0,20.0,1.0,
Conor Gannon,2024-09-13,1485.686654236283,1511.143212796064,1490.5476561927308,1500.0,1500.0,0.4154374999999999,0.5,0.5,0.4683079999999999,0.433664,0.3840000000000001,-2.0,21.6,2.1173191660942505,
Alex Bolt,2025-07-01,1485.6854011900214,1525.1332853576814,1500.0,1485.1044783613977,1483.3852857019515,0.5,0.4202068257617187,0.315241916190337,0.396211273737027,0.3579046416525096,0.3377905956313069,-1.0,25.58223637676467,1.4419188597506467,"[{""result"": ""L""}]"
Branko Djuric,2024-11-04,1485.6649202767028,1500.0,1500.0,1500.0,1489.717171917148,0.5,0.5,0.425,0.47,0.44,0.4,-1.0,20.0,1.0,
Erik Arutiunian,2021-09-18,1485.6505232017196,1500.0,1489.9822684004776,1500.0,1500.0,0.425,0.5,0.5,0.47,0.44,0.4,-1.0,20.0,1.0,
Joel Schwaerzler,2024-10-21,1485.585899757356,1500.0,1490.4311075251353,1500.0,1496.6508674649374,0.425,0.5,0.425,0.4417999999999999,0.3872,0.32,-2.0,24.0,1.1173191660942507,
Amir Milushev,2023-02-03,1485.529648853187,1500.0,1500.0,1500.0,1489.6814791787922,0.5,0.5,0.425,0.47,0.44,0.4,-1.0,20.0,1.0,
Gonzalo Bueno,2024-09-13,1485.4131517183966,1512.027602002009,1491.0,1500.0,1499.7783668744669,0.425,0.5,0.4887499999999999,0.4683079999999999,0.433664,0.3840000000000001,-2.0,27.6,1.1310829528273012,
Vilius Gaubas,2026-04-25,1485.3243987588885,1500.414300586377,1501.6105543653318,1500.0,1483.8393715657344,0.4414714062499999,0.5,0.3752506953124999,0.4351560186216797,0.4036229656776808,0.38462201856,-1.0,28.429616396,2.168844068282669,"[{""result"": ""W""}, {""result"": ""L""}, {""result"": ""W""}, {""result"": ""L""}]"
Oscar Virtanen,2026-04-14,1485.0845408683374,1518.5665504000317,1481.095623599707,1501.9101911344246,1484.8735272186273,0.3070624999999999,0.4887499999999999,0.323193620676579,0.3677040940792558,0.2812204935719604,0.2008817058664322,-3.0,27.11182253508697,1.2339999220607731,
Tommy Robredo,2022-04-18,1485.060464593078,1500.0,1490.1271126778158,1500.0,1500.0,0.425,0.5,0.5,0.47,0.44,0.4,-1.0,20.0,1.0,
Saba Purtseladze,2024-09-14,1484.885559957891,1522.92055028222,1500.0,1500.0,1489.5536356913435,0.5,0.5,0.39227234375,0.4636319887999999,0.4176060416,0.3481600000000001,-3.0,22.896,2.248402118921552,
Denis Yevseyev,2024-09-18,1484.8624076603191,1503.4768997916008,1501.1217101060763,1500.0,1482.4985139699274,0.4887499999999999,0.5,0.3612499999999999,0.44339048,0.39277568,0.3328,-2.0,25.44,1.248402118921552,
Calvin Hemery,2023-11-06,1484.809215354467,1500.0,1500.0,1500.0,1489.9384981586622,0.5,0.5,0.425,0.47,0.44,0.4,-1.0,20.0,1.0,
Gerardo Lopez Villasenor,2022-09-16,1484.7958271180198,1524.0130170840755,1490.7608931201275,1500.0,1498.605873919927,0.425,0.5,0.461496875,0.4636319887999999,0.4176060416,0.3481600000000001,-3.0,25.332,1.1503432400021083,
Lloyd Harris,2025-08-29,1484.6682142121997,1613.902991228823,1446.2264356040057,1499.2495106820918,1504.3468696238267,0.1666026220991536,0.4533724672497378,0.3696676222454297,0.3845874908123288,0.3830493364951714,0.3891520924590728,-1.0,21.08477122096872,2.119627161235233,"[{""result"": ""W""}, {""result"": ""L""}, {""result"": ""W""}, {""result"": ""L""}]"
Guido Andreozzi,2024-07-22,1484.4498613108588,1507.8118945177878,1492.3035948865806,1500.0,1494.322979978154,0.4154374999999999,0.5,0.425,0.44339048,0.39277568,0.3328,-2.0,25.44,1.248402118921552,
Maks Kasnikowski,2024-09-13,1484.433283125603,1511.5892552809144,1500.0,1500.0,1487.7689316228796,0.5,0.5,0.4154374999999999,0.4683079999999999,0.433664,0.3840000000000001,-2.0,23.4,1.5874730369937555,
Arjun Kadhe,2022-01-31,1484.2244571100969,1500.0,1500.0,1500.0,1490.4527598347122,0.5,0.5,0.425,0.47,0.44,0.4,-1.0,20.0,1.0,
Nishesh Basavareddy,2026-01-20,1484.107042409618,1501.72532928561,1500.0,1500.0,1483.603180177074,0.5,0.5,0.3203176898632812,0.4025766561339007,0.3411457528168448,0.29631488,-1.0,23.128238000000003,2.1355048319870904,"[{""result"": ""L""}, {""result"": ""L""}, {""result"": ""L""}, {""result"": ""W""}, {""result"": ""L""}]"
Facundo Mena,2022-09-19,1483.9410426309787,1500.0,1500.0,1500.0,1490.146125276684,0.5,0.5,0.425,0.47,0.44,0.4,-1.0,20.0,1.0,
Sergiy Stakhovsky,2021-11-26,1483.6335131712992,1512.0,1500.0,1500.0,1485.300833207273,0.5,0.5,0.3826305546874999,0.4453691318719999,0.401129873408,0.3566080000000001,-1.0,20.3451,1.357506371014684,
Stefanos Sakellaridis,2024-01-01,1483.3871440960086,1509.2698871992905,1500.0,1500.0,1483.6286122756396,0.5,0.5,0.353121875,0.4402095199999999,0.3816243200000001,0.3072000000000001,-3.0,20.58,1.3519574982827525,
Ivo Karlovic,2021-08-30,1483.1912503907772,1512.0,1500.0,1499.9561216095385,1485.443455189319,0.5,0.4887499999999999,0.353121875,0.4388041718719999,0.377306513408,0.2990080000000001,-3.0,21.0138,1.6114520753183514,
Jurij Rodionov,2025-10-20,1483.0237997424338,1536.1275949217445,1501.469735682359,1490.3990970524926,1476.6663182811535,0.4838266448223349,0.3617177058593749,0.31306955910806,0.4149679732303633,0.3904945558836746,0.3765015150485175,-1.0,29.43967115111021,1.1572990601407325,"[{""result"": ""L""}]"
Martins Rocens,2024-02-02,1482.6597899943242,1500.0,1500.0,1500.0,1485.225780776249,0.5,0.5,0.3612499999999999,0.4417999999999999,0.3872,0.32,-2.0,24.0,1.1173191660942507,
Andres Martin,2024-07-22,1482.5104536353404,1514.36010117274,1500.0,1500.0,1483.339576435289,0.5,0.5,0.353121875,0.4402095199999999,0.3816243200000001,0.3072000000000001,-3.0,25.98,1.1448467395603517,
Mubarak Shannan Zayid,2026-02-16,1482.3875136595127,1500.0,1500.0,1500.0,1485.391338386922,0.5,0.5,0.3612499999999999,0.4417999999999999,0.3872,0.32,-1.0,24.0,1.1173191660942507,"[{""result"": ""L""}]"
Benjamin Hassan,2026-02-23,1482.3296718347829,1505.0359700283116,1512.5686274432544,1500.0,1468.3706656721806,0.590086213727539,0.5,0.2626327632617187,0.4407499535978805,0.4110239934559953,0.3787100700173927,-1.0,31.142157010418977,1.2137989728073628,"[{""result"": ""L""}]"
Jack Sock,2023-04-03,1482.3257453482463,1536.412905908534,1482.702049003674,1516.069180311626,1479.0129580514742,0.3612499999999999,0.5388239406054687,0.323052116832579,0.372798366793322,0.3052765178741927,0.2578905680346177,-2.0,16.081760286170873,2.2137850947406235,
Yuki Bhambri,2023-02-03,1482.1491088663945,1489.1778979373275,1500.0,1509.0,1477.4570848720712,0.5,0.575,0.3302276562499999,0.4511699305279998,0.419578683392,0.393472,-1.0,26.441610000000004,1.1986096183939086,
Kyrian Jacquet,2026-01-18,1482.0509821526662,1500.0,1500.0,1500.0,1486.008026727607,0.5,0.5,0.3612499999999999,0.4417999999999999,0.3872,0.32,-1.0,24.0,1.1173191660942507,"[{""result"": ""L""}]"
Osgar Ohoisin,2024-02-03,1481.0632747840366,1500.7990299293624,1500.2330846080715,1500.0,1483.3511535575929,0.51125,0.5,0.3693781249999999,0.4481798281279999,0.409765486592,0.372992,-1.0,27.0438,1.2516316308851931,
Antoine Hoang,2021-09-20,1480.7621369622382,1512.0,1500.0,1500.268388570656,1482.816341015641,0.5,0.4887499999999999,0.3612499999999999,0.4402095199999999,0.3816243200000001,0.3072000000000001,-3.0,22.08,1.5832018528577982,
Lucas Catarina,2023-09-15,1480.6991624206,1480.6991624206,1490.898291588394,1500.0,1491.0,0.4570624999999999,0.5,0.425,0.4503744799999999,0.41984768,0.4048,1.0,30.840000000000003,1.1326977088091217,
Joao Menezes,2021-07-24,1480.4854411806011,1500.0,1491.0,1500.0,1491.1762048787307,0.425,0.5,0.425,0.4417999999999999,0.3872,0.32,-2.0,24.0,1.1173191660942507,
Luke Saville,2023-09-20,1480.4559472830183,1500.0,1500.0,1500.0,1483.103911155508,0.5,0.5,0.3612499999999999,0.4417999999999999,0.3872,0.32,-2.0,24.0,1.1173191660942507,
Gregoire Barrere,2024-11-04,1480.2073683955366,1555.0132767127943,1473.1212324157236,1503.2966139042053,1454.7244926957733,0.3312114092252548,0.5037862653012207,0.2600388750575143,0.3547390230383085,0.2854694796138812,0.2074428858922749,-5.0,21.54857560222261,1.167269364171151,
Marius Copil,2024-02-03,1480.1116336666703,1520.3749601501331,1478.1188372322208,1500.0,1504.2101202794752,0.3070624999999999,0.5,0.461496875,0.4096652253036798,0.32339411861504,0.2228224000000001,-5.0,26.32542,1.2209240527230407,
Matteo Martineau,2024-06-10,1480.0950025497157,1500.0,1500.0,1491.6750373961263,1491.5008546621198,0.5,0.425,0.425,0.4417999999999999,0.3872,0.32,-2.0,24.0,1.1173191660942507,
Robin Haase,2024-07-29,1480.0869666621268,1512.0,1507.345204332997,1491.6019738013883,1484.6393492630086,0.5429375,0.425,0.3826305546874999,0.4475824241251667,0.405447167040165,0.3559866368000002,-2.0,31.91278371,1.250255392662987,
Alexander Ritschard,2024-04-01,1479.6556399957744,1515.8450852288497,1480.9283914379628,1491.8042100553746,1505.567379700935,0.3472493046874999,0.425,0.4968781249999999,0.4227902599656796,0.3613507956936808,0.2901580185600001,-3.0,29.831076708900003,1.1489627590738212,
Dalibor Svrcina,2026-05-07,1479.6170871129102,1502.4224023419122,1491.3404778207985,1500.0,1483.9926992512446,0.425,0.5,0.3784434363307263,0.3936352908218753,0.3396040188358091,0.2976302115061761,-2.0,27.425744977498265,1.4249551634862674,"[{""result"": ""W""}, {""result"": ""L""}, {""result"": ""W""}, {""result"": ""L""}, {""result"": ""L""}]"
Federico Cina,2026-05-06,1479.352030123194,1500.0,1484.0637615566754,1500.0,1500.0,0.3612499999999999,0.5,0.5,0.4417999999999999,0.3872,0.32,-2.0,19.4,1.6065306597126334,"[{""result"": ""L""}, {""result"": ""L""}]"
Kris Van Wyk,2024-02-02,1479.1768173722426,1489.626775893638,1500.0,1500.0,1483.8136759448855,0.5,0.5,0.3885031249999999,0.4467744799999999,0.40544768,0.3648,-1.0,19.98,2.234638332188501,
Alexandar Lazarov,2023-11-06,1479.0867276487256,1511.410309656338,1509.0,1500.0,1473.0517678631709,0.575,0.5,0.31397140625,0.4416148681279999,0.3859421265919999,0.3153920000000001,-3.0,27.87540000000001,1.1556066835627972,
Matteo Gigante,2025-07-29,1479.050726613757,1498.2803865780363,1492.724686342613,1500.0,1491.3747779914484,0.4345624999999999,0.5,0.425,0.44339048,0.39277568,0.3328,-1.0,23.415000000000003,1.2682508360381417,"[{""result"": ""L""}]"
Mate Valkusz,2024-09-13,1479.0161121409683,1511.076496016972,1501.0985709458384,1500.0,1478.6118706335308,0.51125,0.5,0.353121875,0.4489691318719999,0.415529873408,0.3966080000000001,1.0,23.0418,2.193477847132203,
Duje Ajdukovic,2024-11-04,1478.8561789324865,1512.0,1486.9242693784356,1500.0,1491.3912035325932,0.3919974699959154,0.5,0.4414714062499999,0.430492925995685,0.4123452389352713,0.4024702597332993,-1.0,28.04751975487138,1.2567012264319133,
Mark Lajal,2024-09-13,1478.7848843445026,1490.8956915270282,1482.2493265202747,1493.9272546584618,1497.7735001148071,0.3612499999999999,0.425,0.4806218749999999,0.4274837346963198,0.38190124138496,0.3467776000000001,-1.0,24.82542,2.148076251523993,
Francesco Maestrelli,2026-05-07,1478.7662921100266,1501.730293345757,1491.0048117251238,1500.0,1489.6525110967566,0.425,0.5,0.3693781249999999,0.4167870512,0.3456425984,0.26624,-3.0,27.618,1.1670469406539086,"[{""result"": ""W""}, {""result"": ""L""}, {""result"": ""L""}, {""result"": ""L""}]"
Christopher Eubanks,2025-07-01,1478.6555446633738,1613.3409020215709,1448.4895308703326,1539.0540895212405,1469.546745244831,0.1566820518974608,0.5079111092868602,0.3659776516550195,0.3759146158911462,0.3654913408167015,0.3331286426098617,-1.0,12.185291555111066,1.6827878447308344,"[{""result"": ""L""}]"
Roman Andres Burruchaga,2026-02-18,1478.3592663955112,1512.4947604880542,1485.832027357802,1500.0,1500.0,0.3826305546874999,0.5,0.5,0.4453691318719999,0.401129873408,0.3566080000000001,-1.0,23.800700000000003,2.0652159452059484,"[{""result"": ""W""}, {""result"": ""L""}]"
Charles Broom,2024-07-01,1477.669567024194,1500.0,1500.0,1482.7326802688358,1500.0,0.5,0.3612499999999999,0.5,0.4417999999999999,0.3872,0.32,-2.0,18.7,1.778800783071405,
Matic Kriznik,2024-02-02,1477.5615953415504,1511.5861725846826,1508.767347015412,1500.0,1473.960281980875,0.575,0.5,0.3070624999999999,0.4402095199999999,0.3816243200000001,0.3072000000000001,-3.0,24.840000000000003,2.131082952827301,
Menelaos Efstathiou,2024-02-03,1477.5396268949066,1489.8572694206848,1491.0,1500.0,1491.5302998988336,0.425,0.5,0.4345624999999999,0.4467744799999999,0.40544768,0.3648,-1.0,25.44,1.248402118921552,
Fajing Sun,2024-09-18,1477.2533843863014,1500.0,1491.0,1500.0,1490.7798954749378,0.425,0.5,0.425,0.4417999999999999,0.3872,0.32,-2.0,24.0,1.1173191660942507,
Jason Kubler,2026-01-18,1477.2490077436707,1570.3300624496746,1502.842833554047,1516.9080209914268,1478.6922417752232,0.4480296631636179,0.4592108551760545,0.2627977789020401,0.3552162906113388,0.2579919126482022,0.1895243660647,-1.0,19.30167124091451,1.2795876046685382,"[{""result"": ""L""}]"
Eduardo Nava,2023-05-29,1477.007166753986,1500.0,1491.547088979015,1500.0,1491.6510661491593,0.425,0.5,0.425,0.4417999999999999,0.3872,0.32,-2.0,24.0,1.1173191660942507,
Noah Rubin,2021-08-23,1476.7993847170949,1500.0,1500.0,1500.0,1482.1031078515284,0.5,0.5,0.3612499999999999,0.4417999999999999,0.3872,0.32,-2.0,24.0,1.1173191660942507,
Clement Mainguy,2023-02-03,1476.739285033702,1500.0,1500.0,1500.0,1482.428733817216,0.5,0.5,0.3612499999999999,0.4417999999999999,0.3872,0.32,-2.0,18.0,2.0,
Dominic Thiem,2024-10-21,1476.6559195078864,1596.1795318283337,1494.6205505880364,1465.8758187360609,1500.037287685548,0.3458403922145987,0.2610031249999999,0.2917708734870243,0.3231530473871579,0.2080228061181405,0.1126921589301231,-7.0,23.6299554906771,1.2225397881061817,
Mackenzie McDonald,2026-03-06,1476.6439175612618,1483.9441983268932,1500.0,1500.0,1472.5827414711196,0.5,0.5,0.2877885441406249,0.3806387970963198,0.30993779818496,0.2648576,-1.0,25.858252000000007,2.182135045846377,"[{""result"": ""L""}, {""result"": ""L""}, {""result"": ""L""}, {""result"": ""W""}, {""result"": ""L""}]"
Strong Kirchheimer,2024-08-19,1476.5703276040597,1500.0,1500.0,1500.0,1482.9966909505306,0.5,0.5,0.3612499999999999,0.4417999999999999,0.3872,0.32,-2.0,24.0,1.1173191660942507,
Adam Moundir,2023-09-16,1476.4990631077912,1500.0,1491.0013724246344,1500.0,1490.756664832638,0.425,0.5,0.425,0.4417999999999999,0.3872,0.32,-2.0,24.0,1.1173191660942507,
Michael Bassem Sobhy,2024-02-02,1476.414300586377,1500.0,1491.0,1500.0,1491.0,0.425,0.5,0.425,0.4417999999999999,0.3872,0.32,-2.0,24.0,1.1173191660942507,
Frederico Ferreira Silva,2021-02-08,1476.413805398902,1500.0,1500.0,1500.0,1482.2329280316162,0.5,0.5,0.3612499999999999,0.4417999999999999,0.3872,0.32,-2.0,18.7,1.778800783071405,
Mikael Torpegaard,2022-03-04,1476.312868929279,1512.0,1500.0,1491.0,1491.463016691254,0.5,0.425,0.4154374999999999,0.4402095199999999,0.3816243200000001,0.3072000000000001,-3.0,21.21,1.3000556829412242,
Kimmer Coppejans,2023-09-20,1476.2641872138322,1484.2337207890491,1500.0,1492.9847302922506,1485.9394953233757,0.5,0.425,0.3885031249999999,0.4233520111999999,0.3694659584,0.3238400000000001,-1.0,23.8923,2.1418022007130286,
Bradley Klahn,2023-07-31,1476.2408621632644,1500.0,1500.0,1500.0,1482.3801276753345,0.5,0.5,0.3612499999999999,0.4417999999999999,0.3872,0.32,-2.0,24.0,1.1173191660942507,
Liam Broady,2024-07-01,1476.2178913268,1513.321444786828,1491.0068223077617,1471.8394382368715,1493.0856375085252,0.4154374999999999,0.3341570305283972,0.3804047101748208,0.3805134276746724,0.3141176552096237,0.2301667441148062,-4.0,21.172104153868688,1.923254819433939,
Philip Henning,2024-09-14,1476.1722518631054,1512.0,1473.5184496025652,1500.0,1508.9764936613328,0.3070624999999999,0.5,0.5654374999999999,0.4419851318719998,0.3884578734080001,0.3246080000000001,-2.0,25.52040000000001,2.2500168749033724,
John Patrick Smith,2021-02-22,1476.074933624294,1500.0,1500.0,1500.0,1482.031305833551,0.5,0.5,0.3612499999999999,0.4417999999999999,0.3872,0.32,-2.0,20.1,1.4723665527410148,
Yunseong Chung,2023-07-17,1476.0725652732149,1500.0,1500.0,1491.285035004306,1490.9973926027983,0.5,0.425,0.425,0.4417999999999999,0.3872,0.32,-2.0,24.0,1.1173191660942507,
David Agung Susanto,2023-09-16,1476.041760795204,1500.0,1500.0,1482.2452925354494,1500.0,0.5,0.3612499999999999,0.5,0.4417999999999999,0.3872,0.32,-2.0,18.0,2.0,
Murkel Alejandro Dellien Velasco,2024-09-13,1476.0323012449371,1512.0240306770474,1499.0909631571576,1500.0,1482.4717222368342,0.4806218749999999,0.5,0.3612499999999999,0.4453691318719999,0.401129873408,0.3566080000000001,-1.0,27.5838,1.1480762515239928,
Paolo Lorenzi,2021-07-12,1475.9764800606936,1500.0,1500.0,1491.0,1491.0,0.5,0.425,0.425,0.4417999999999999,0.3872,0.32,-2.0,24.0,1.1173191660942507,
Thomaz Bellucci,2023-02-20,1475.9731108972103,1500.0,1493.020859377839,1500.0,1491.0,0.425,0.5,0.425,0.4417999999999999,0.3872,0.32,-2.0,24.0,1.1173191660942507,
Ernests Gulbis,2023-02-04,1475.9410723491562,1475.9410723491562,1490.290208744468,1500.0,1490.988405749833,0.425,0.5,0.4570624999999999,0.4503744799999999,0.41984768,0.4048,1.0,30.3,1.1363728206222663,
Bor Artnak,2023-09-15,1475.926334771647,1512.3834040508646,1491.1281663431666,1500.0,1490.4055976089824,0.4085285937499999,0.5,0.425,0.4388041718719999,0.377306513408,0.2990080000000001,-3.0,30.3804,2.1328871506343545,
Ilya Snitari,2024-02-03,1475.9255118944543,1500.0,1481.9785706276168,1500.0,1500.0,0.3612499999999999,0.5,0.5,0.4417999999999999,0.3872,0.32,-2.0,18.0,2.0,
Mili Poljicak,2024-07-22,1475.8764677772524,1500.0,1481.765332860332,1500.0,1500.0,0.3612499999999999,0.5,0.5,0.4417999999999999,0.3872,0.32,-2.0,24.0,1.1173191660942507,
Mathias Bourgue,2023-11-06,1475.833030111679,1500.0,1490.6956715982096,1500.0,1490.6213676346745,0.425,0.5,0.425,0.4417999999999999,0.3872,0.32,-2.0,24.0,1.1173191660942507,
Alec Beckley,2024-09-14,1475.7573554464373,1500.0,1490.8708440392,1500.0,1491.0,0.425,0.5,0.425,0.4417999999999999,0.3872,0.32,-2.0,24.0,1.1173191660942507,
Lukas Rosol,2022-10-17,1475.6578352629474,1500.0,1500.0,1491.2359225427988,1490.8974107662152,0.5,0.425,0.425,0.4417999999999999,0.3872,0.32,-2.0,24.0,1.1173191660942507,
Gilles Arnaud Bailly,2024-10-14,1475.6548883453888,1500.0,1500.0,1500.0,1479.2243899210036,0.5,0.5,0.3612499999999999,0.4417999999999999,0.3872,0.32,-2.0,24.0,1.1173191660942507,
Davis Rolis,2024-09-14,1475.6083295992453,1500.0,1500.0,1500.0,1482.22162944483,0.5,0.5,0.3612499999999999,0.4417999999999999,0.3872,0.32,-2.0,24.0,1.1173191660942507,
Lorenzo Giustino,2023-04-17,1475.5144459824107,1500.0,1490.757884462476,1500.0,1491.2545658431775,0.425,0.5,0.425,0.4417999999999999,0.3872,0.32,-2.0,24.0,1.1173191660942507,
Bjorn Fratangelo,2023-07-31,1475.4206967904252,1512.0,1485.7364332970394,1500.0,1490.2397225257066,0.3612499999999999,0.5,0.403536908984375,0.414298764290133,0.3389004643051766,0.2554920960000001,-3.0,31.2169902,1.1471978087787422,
Karl Friberg,2024-02-02,1475.3234369898646,1500.0,1500.0,1500.0,1482.261449668147,0.5,0.5,0.3612499999999999,0.4417999999999999,0.3872,0.32,-2.0,24.0,1.1173191660942507,
Thai Son Kwiatkowski,2023-08-21,1475.2313847533842,1500.0,1500.0,1500.0,1481.0027163091345,0.5,0.5,0.3612499999999999,0.4417999999999999,0.3872,0.32,-2.0,24.0,1.1173191660942507,
Linh Giang Trinh,2024-02-02,1475.2284815715047,1500.0,1500.0,1500.0,1481.7968925839398,0.5,0.5,0.3612499999999999,0.4417999999999999,0.3872,0.32,-2.0,18.0,2.0,
Rigele Te,2024-09-13,1475.1868875123089,1511.1241717058788,1517.3143370394432,1500.0,1463.6682786611773,0.6387499999999999,0.5,0.2610031249999999,0.4419851318719998,0.3884578734080001,0.3246080000000001,-2.0,28.0464,1.200028626803274,
Martin Antonio Vergara Del Puerto,2024-02-03,1475.1104250889528,1500.0,1481.5266717411482,1500.0,1500.0,0.3612499999999999,0.5,0.5,0.4417999999999999,0.3872,0.32,-2.0,24.0,1.1173191660942507,
Nicolas Alvarez,2022-09-17,1474.9962281133344,1500.213832083812,1482.5919838953084,1500.0,1500.0,0.3693781249999999,0.5,0.5,0.44339048,0.39277568,0.3328,-2.0,19.98,2.234638332188501,
Nick Chappell,2023-02-27,1474.825196002458,1500.0,1500.0,1500.0,1482.085519120155,0.5,0.5,0.3612499999999999,0.4417999999999999,0.3872,0.32,-2.0,24.0,1.1173191660942507,
Adrian Andreev,2021-09-27,1474.697456804401,1512.030971269607,1500.0,1500.0,1481.6134256000391,0.5,0.5,0.3472493046874999,0.4388041718719999,0.377306513408,0.2990080000000001,-3.0,22.299000000000003,1.3042578818442174,
Andrea Collarini,2024-07-22,1474.6887132833588,1500.0,1481.8402127708594,1500.0,1500.0,0.3612499999999999,0.5,0.5,0.4417999999999999,0.3872,0.32,-2.0,24.0,1.1173191660942507,
Jie Cui,2023-09-20,1474.584472827857,1500.0,1500.0,1500.0,1480.269308286376,0.5,0.5,0.3612499999999999,0.4417999999999999,0.3872,0.32,-2.0,24.0,1.1173191660942507,
Nicolas Kicker,2022-02-21,1474.5300638391254,1500.0,1481.3834359374769,1500.0,1500.0,0.3612499999999999,0.5,0.5,0.4417999999999999,0.3872,0.32,-2.0,24.0,1.1173191660942507,
Younes Lalami Laaroussi,2024-09-14,1474.5161262819724,1500.0,1481.6881614795134,1500.0,1500.0,0.3612499999999999,0.5,0.5,0.4417999999999999,0.3872,0.32,-2.0,24.0,1.1173191660942507,
Lukas Klein,2024-11-04,1474.4517140904652,1510.4480053501618,1490.5711616425062,1490.6007312788877,1470.5665666492732,0.4099137862724608,0.4154374999999999,0.4189789949335625,0.4095513240763921,0.4178607825618928,0.4386952035521334,-1.0,17.008480234824358,3.735801325283873,
Oleksandr Ovcharenko,2024-09-13,1474.399555402082,1500.0,1500.0,1500.0,1481.307030984924,0.5,0.5,0.3612499999999999,0.4417999999999999,0.3872,0.32,-2.0,24.0,1.1173191660942507,
Gian Marco Moroni,2022-04-18,1474.136426779744,1500.0,1490.3138509382345,1500.0,1490.545834261954,0.425,0.5,0.425,0.4417999999999999,0.3872,0.32,-2.0,24.0,1.1173191660942507,
Nikola Milojevic,2022-01-31,1474.126166628995,1499.053164355924,1490.9140220394447,1500.0,1490.8831919314478,0.4414714062499999,0.5,0.425,0.4481798281279999,0.409765486592,0.372992,-1.0,18.84834,2.79200531139025,
Stefano Napolitano,2024-07-15,1474.068149247146,1503.4911696015697,1494.0487350140231,1492.8289883849511,1490.6263769488064,0.42234640625,0.425,0.425,0.4209187746963198,0.35807788138496,0.2891776000000001,-3.0,24.758360000000003,1.543519736734332,
Sergey Fomin,2024-09-13,1473.915725174728,1499.7885107436111,1500.0,1500.0,1479.5395294744967,0.5,0.5,0.3307082316406249,0.4209187746963198,0.35807788138496,0.2891776000000001,-3.0,30.82542,1.134691348441408,
Gerald Melzer,2022-07-25,1473.8579482096598,1500.0,1491.1046178117522,1500.0,1490.3330134767025,0.425,0.5,0.425,0.4417999999999999,0.3872,0.32,-2.0,24.0,1.1173191660942507,
Daniel Evans,2025-07-03,1473.5709713975436,1601.7401068492184,1440.086937766105,1466.9354650833714,1506.122597911703,0.2143651012759423,0.2117030523080687,0.3740333112007974,0.3314084290694438,0.3492030044605516,0.3657441435055571,-1.0,12.863585177426735,2.42130734656208,"[{""result"": ""W""}, {""result"": ""L""}]"
Titouan Droguet,2026-04-22,1473.455262843169,1517.6365380211869,1481.2148765470258,1500.0,1490.872236830366,0.3612499999999999,0.5,0.4154374999999999,0.4137969487999999,0.3358294016000001,0.2457600000000001,-1.0,29.382,1.1343124647909424,"[{""result"": ""L""}]"
Liam Draxl,2026-03-18,1473.3551695665194,1500.0,1500.0,1500.0,1478.5029089707868,0.5,0.5,0.3612499999999999,0.4417999999999999,0.3872,0.32,-2.0,23.9,1.1215848559436554,"[{""result"": ""L""}, {""result"": ""L""}]"
Steve Johnson,2024-02-05,1473.2735095774567,1558.4194659123652,1498.0951317710544,1510.1701340173513,1461.7649116706862,0.4735718910434081,0.5157814605818529,0.1803698287605467,0.3702210777553045,0.2848719540120775,0.2197591734484732,-3.0,23.59943791290479,1.1769987464310274,
Rowland Phillips,2024-02-03,1473.0855942723572,1510.456970736068,1490.3131185452014,1500.0,1491.1583389065834,0.4154374999999999,0.5,0.4154374999999999,0.4388041718719999,0.377306513408,0.2990080000000001,-3.0,26.443800000000003,2.134312464790942,
Laurent Lokoli,2023-07-03,1473.0806276068956,1500.0,1500.0,1490.747401084192,1482.3346424491426,0.5,0.425,0.3612499999999999,0.4152919999999999,0.340736,0.256,-3.0,25.35,1.150931669943891,
Stefan Kozlov,2022-09-19,1472.6563230821878,1520.7689317781903,1500.0,1482.0529184820132,1485.448277004498,0.5,0.3612499999999999,0.301374091873225,0.3664064517071931,0.2611670508383399,0.1574944374784,-6.0,20.26644037536001,1.8068846569837496,
Gustavo Heide,2026-02-16,1472.6501129612182,1511.9656464683178,1475.9775175424325,1500.0,1499.677095647661,0.3307082316406249,0.5,0.4887499999999999,0.4197515150267731,0.3551354170910966,0.2849832960000001,-1.0,25.770405300000004,1.4102981796672722,"[{""result"": ""L""}]"
John Millman,2023-01-16,1472.619653742788,1544.684163532697,1474.4110741582092,1482.669255225399,1479.8236665974512,0.264967591811773,0.3592626226367187,0.4001870306466552,0.384978363872383,0.3742511958538322,0.3786081388192367,-1.0,11.962191044362738,3.877046830903864,
Nicolas Moreno De Alboran,2024-07-22,1472.3460300436816,1485.9863610289085,1498.1138410942544,1500.0,1466.53413832054,0.4403927517821459,0.5,0.2969497578124999,0.418986604290322,0.4053371636395653,0.4110012974261863,-1.0,15.14365375962127,4.259716476228072,
Jason Jung,2023-07-31,1472.1984897156888,1511.412961591155,1500.0,1509.166402368592,1469.6576831834443,0.5,0.5429375,0.3160747578124999,0.4231982436292266,0.3686087528929034,0.321480704,-1.0,21.8023956,2.906912164333571,
Jacob Fearnley,2026-05-06,1471.7953446329732,1511.1453137285462,1491.6979284000502,1495.187244265231,1480.962362608895,0.425,0.4345624999999999,0.269664345738103,0.3412748738827819,0.2506042870480823,0.181721603506176,-3.0,28.111232193515235,1.4222574036201068,"[{""result"": ""L""}, {""result"": ""W""}, {""result"": ""L""}, {""result"": ""L""}, {""result"": ""L""}]"
Oleksii Krutykh,2024-09-13,1471.1104096181505,1489.6497145482165,1491.253797425754,1500.0,1484.6850669638438,0.425,0.5,0.3890685078124999,0.4270898370963198,0.37904243818496,0.3352576000000001,-2.0,32.143695,1.1467426398843663,
Nino Serdarusic,2023-05-22,1471.09585465215,1482.3865459684023,1481.834292351803,1500.0,1493.4277235584705,0.3612499999999999,0.5,0.4570624999999999,0.4233520111999999,0.3694659584,0.3238400000000001,-1.0,26.43,1.2136732012537446,
George Loffhagen,2025-07-01,1471.0941305292592,1500.0,1500.0,1482.15151051905,1489.3431372267037,0.5,0.3612499999999999,0.425,0.4152919999999999,0.340736,0.256,-1.0,22.83,1.2086874245177377,"[{""result"": ""L""}]"
Elliot Benchetrit,2024-09-14,1470.933056094839,1492.9760700102104,1465.6437127646652,1500.0,1509.0141022259,0.2610031249999999,0.5,0.575,0.4199680111999999,0.3567939584,0.29184,-2.0,33.57600000000001,1.134039826483073,
Petros Tsitsipas,2024-07-29,1470.8673949833887,1477.5781274638332,1491.3627820481763,1500.0,1482.187287996152,0.4345624999999999,0.5,0.3612499999999999,0.4233520111999999,0.3694659584,0.3238400000000001,-1.0,28.356000000000005,1.2500168749033724,
Rodrigo Pacheco Mendez,2026-02-24,1470.6536378041912,1500.135570717584,1517.7669153919285,1500.0,1454.0204580948507,0.6387499999999999,0.5,0.2637452625195312,0.4111339852548097,0.363906808434781,0.3316518912000001,-1.0,31.66176714,1.2660348166579731,"[{""result"": ""L""}]"
Rudolf Molleker,2024-07-15,1470.3311886902454,1486.8563979312958,1481.574039987049,1491.0,1500.0,0.3693781249999999,0.425,0.5,0.4199680111999999,0.3567939584,0.29184,-2.0,28.356000000000005,1.2500168749033724,
Daniel Altmaier,2026-05-08,1470.255133716798,1524.951971333075,1448.406450393748,1461.7186579318577,1459.9243296036177,0.2437200755139241,0.3158306124307445,0.304144414144183,0.3192261404620168,0.2896798784391968,0.2821393505905272,-1.0,11.87535944010228,4.128463079196871,"[{""result"": ""W""}, {""result"": ""L""}, {""result"": ""L""}, {""result"": ""W""}, {""result"": ""L""}]"
Pierre Hugues Herbert,2024-11-04,1470.1959531044738,1531.4622448364994,1464.0320872437012,1481.671635317604,1507.9934117220052,0.2132544792412109,0.3612499999999999,0.5208807528187304,0.4048701744194488,0.3833669603511734,0.3651864181047795,-1.0,23.30689894262055,2.223228918200509,
Sebastian Dominko,2024-02-02,1470.1698002354597,1470.1698002354597,1482.2330846080715,1500.0,1492.6160444653103,0.3612499999999999,0.5,0.4570624999999999,0.4269520111999998,0.3838659584,0.36384,1.0,27.756000000000004,2.132697708809122,
Ethan Quinn,2026-05-07,1469.821648110596,1511.5527917357574,1477.4588600372103,1501.3460725337095,1478.2795612419952,0.31397140625,0.4806218749999999,0.4361960965428516,0.3505924565193662,0.3071658948187654,0.2506522645783725,-3.0,12.656830861044403,3.616059915735194,"[{""result"": ""L""}, {""result"": ""W""}, {""result"": ""L""}, {""result"": ""L""}, {""result"": ""L""}]"
Hugo Gaston,2026-01-18,1469.7145152701564,1571.790628986484,1512.0721212850776,1500.5295767445434,1432.223418897648,0.5625196939232794,0.4418064921874999,0.2269070614014438,0.3493680253573344,0.2822928580476358,0.1933477821225595,-4.0,21.043202567232573,1.190144401394413,"[{""result"": ""L""}, {""result"": ""L""}, {""result"": ""L""}, {""result"": ""L""}]"
Henri Squire,2024-09-14,1469.7039765610896,1499.3991546773618,1501.2551880736528,1474.2597735332135,1491.9307187697336,0.4887499999999999,0.3070624999999999,0.425,0.3917798281279999,0.304165486592,0.212992,-4.0,23.5104,1.326024277126275,
Daniel Michalski,2023-01-02,1469.488152867721,1500.0,1500.0,1500.0,1475.3290366335034,0.5,0.5,0.3070624999999999,0.4152919999999999,0.340736,0.256,-3.0,16.2,3.0,
Gilles Simon,2022-10-31,1468.905061106902,1512.0,1463.2308098674011,1467.8562607914744,1484.601485718179,0.3490777824959154,0.3160747578124999,0.4513172966825081,0.4199119004891769,0.4735064724550837,0.5043349802502289,-1.0,15.891936322040932,3.5614756097928124,
J J Wolf,2024-07-29,1468.8471747650185,1598.6051845181228,1491.2959169484725,1502.6978991024164,1475.0112903089796,0.3140080616305972,0.4864944453124999,0.2381467551116262,0.3206313142421482,0.2531414845024575,0.2383896279850056,-1.0,17.420741100040388,2.970283316291729,
Eero Vasa,2024-09-14,1468.7378886820893,1511.622002112704,1500.0,1500.0,1474.8122358147746,0.5,0.5,0.3001535937499999,0.4137969487999999,0.3358294016000001,0.2457600000000001,-4.0,22.646000000000004,2.9472246747465367,
Andrey Kuznetsov,2023-08-21,1468.643403620778,1500.0,1484.3632683739668,1500.0,1491.11522531507,0.3612499999999999,0.5,0.425,0.4152919999999999,0.340736,0.256,-3.0,27.6,1.1310829528273012,
Daniel Rincon,2024-04-15,1468.3335620923365,1500.0,1475.1538151067,1500.0,1500.0,0.3070624999999999,0.5,0.5,0.4152919999999999,0.340736,0.256,-3.0,25.35,1.150931669943891,
Cem Ilkel,2024-09-13,1468.2404399801392,1500.4860247413624,1481.5672610265276,1500.0,1488.0830020945918,0.3612499999999999,0.5,0.4360191540629444,0.416105169230257,0.36961246642542,0.3191445599027201,-3.0,31.681879235115908,1.1605905778084722,
Cedrik Marcel Stebe,2022-02-07,1467.9976736622198,1512.0,1490.7221115882132,1491.4372214955094,1491.5187406266036,0.425,0.425,0.4276535937499999,0.4220309839596798,0.36566628859904,0.3172864000000001,-1.0,25.72209,2.135212855255344,
Kaipo Marshall,2024-09-14,1467.74728174922,1479.4251285599826,1500.0,1500.0,1475.6808122739487,0.5,0.5,0.3799072941406249,0.4304738370963198,0.39171443818496,0.3672576000000001,-1.0,28.968360000000004,1.2639701034616555,
Yi Zhou,2025-10-01,1467.686260961774,1494.3915348864844,1490.7726379255578,1500.0,1479.0456224386303,0.425,0.5,0.3475625607178539,0.4104931907151498,0.3562886224678944,0.3033932103680001,-1.0,19.822771900140005,1.5471411167131122,"[{""result"": ""L""}]"
Viktor Troicki,2021-06-14,1467.5750558523905,1478.3158336239878,1490.5807467384366,1500.0,1482.0,0.425,0.4887499999999999,0.3612499999999999,0.4233520111999999,0.3694659584,0.3238400000000001,-1.0,23.532300000000003,2.16357805494164,
Philipp Kohlschreiber,2022-04-25,1467.4167071332454,1528.936834677976,1491.7999030082894,1500.6686853878457,1476.9614501068363,0.4135202785156249,0.461496875,0.338825833258789,0.3928374481181853,0.3122081391476737,0.2352671554762755,-3.0,22.126217793217396,1.2450935224857116,
Henry Searle,2025-07-01,1467.1976469587146,1500.0,1500.0,1482.502388324389,1490.0363712002547,0.5,0.3612499999999999,0.425,0.4152919999999999,0.340736,0.256,-1.0,22.83,1.2086874245177377,"[{""result"": ""L""}]"
Aleksandre Metreveli,2022-01-03,1467.06199783582,1500.0,1500.0,1500.0,1473.5347179995406,0.5,0.5,0.3070624999999999,0.4152919999999999,0.340736,0.256,-3.0,16.2,3.0,
Mirza Basic,2024-09-14,1467.057911092658,1500.9001080385538,1492.5660870376034,1500.0,1482.4449244541834,0.4345624999999999,0.5,0.3885031249999999,0.4246730384403199,0.37326562820096,0.3303936,-1.0,28.80576,2.1345019066161752,
Filip Krajinovic,2023-05-29,1467.0422875211411,1588.4611641899337,1476.4741442950356,1523.641247404364,1466.8264857599868,0.1912086845568137,0.5572931742382812,0.2472990186449983,0.2737475517964141,0.1391083582246366,0.0533384944433082,-10.0,11.55059460475367,3.11673446813942,
Kacper Zuk,2023-01-02,1467.03634807114,1500.414300586377,1490.5262762883,1500.0,1485.4822842902597,0.425,0.5,0.3693781249999999,0.4167870512,0.3456425984,0.26624,-3.0,33.6831,1.1328940386825557,
Chun-Hsin Tseng,2026-03-05,1466.9260377664857,1500.0,1500.0,1500.0,1470.7680931328853,0.5,0.5,0.3070624999999999,0.4152919999999999,0.340736,0.256,-3.0,27.06,1.134372175750051,"[{""result"": ""L""}, {""result"": ""L""}, {""result"": ""L""}]"
Dimitar Kuzmanov,2024-02-03,1466.5807767217336,1526.441749646557,1488.1119994005126,1500.0,1487.093142440898,0.39227234375,0.5,0.4111425385955249,0.4254392235257428,0.3405647331193597,0.2360369943150592,-5.0,31.632098601147096,1.1603164620160524,
Kevin Anderson,2023-07-31,1466.5347523598296,1557.0206797271996,1498.9660706430816,1549.7408419972062,1426.0560453062951,0.461496875,0.7106892190737792,0.1854681146086843,0.3961030033979141,0.3423505823344527,0.3119692099096938,-2.0,16.082469807049524,2.95674582849293,
Harold Mayot,2024-11-04,1466.336057808974,1531.8593688414935,1485.9103034783732,1490.214100716385,1494.2909451555176,0.353121875,0.4154374999999999,0.3447230650243334,0.3794094986655947,0.2816390457558071,0.1962219628532859,-3.0,22.08027403548721,1.3965489360773944,
Skander Mansouri,2024-09-13,1466.285384976795,1466.285384976795,1500.2272577747528,1500.0,1470.908521712804,0.51125,0.5,0.2610031249999999,0.4049348905279998,0.352202043392,0.331072,1.0,26.443800000000003,2.134312464790942,
Muzammil Murtaza,2022-09-16,1466.2524203817543,1500.0,1483.080429841201,1491.0,1500.0,0.3612499999999999,0.425,0.5,0.4152919999999999,0.340736,0.256,-3.0,21.6,2.1173191660942505,
Edas Butvilas,2024-09-13,1466.1348604109587,1488.8814961696178,1491.7732500478778,1490.7669153919285,1490.7684706431326,0.425,0.425,0.4345624999999999,0.4199680111999999,0.3567939584,0.29184,-2.0,33.756,1.1328871506343543,
Illya Marchenko,2023-08-21,1465.9550895980126,1523.9842623238285,1500.0,1482.2273592634335,1488.02490674165,0.5,0.3612499999999999,0.3474934500692553,0.4130590769429712,0.3384461633193977,0.2599019872256001,-3.0,24.21842718642001,1.2085244733793568,
Benjamin Lock,2024-02-03,1465.9186380293356,1500.0,1491.0,1500.0,1482.7971728713394,0.425,0.5,0.3612499999999999,0.4152919999999999,0.340736,0.256,-3.0,27.6,1.1310829528273012,
Jaime Faria,2026-04-22,1465.71477883438,1480.3894602175542,1491.2504385215448,1500.0,1479.1948533778163,0.3890685078124999,0.5,0.3493526562499999,0.4000343849686027,0.360572899460137,0.33888567296,-2.0,26.964000996000006,1.419006178792768,"[{""result"": ""L""}, {""result"": ""W""}, {""result"": ""W""}, {""result"": ""L""}, {""result"": ""L""}]"
Jose Rubin Statham,2024-09-14,1465.5756782176556,1500.0,1500.0,1482.675501107736,1491.6524721585922,0.5,0.3612499999999999,0.425,0.4152919999999999,0.340736,0.256,-3.0,22.2,1.2346383321885015,
Alexey Vatutin,2024-10-14,1465.2830542739116,1500.0,1490.142434580801,1500.0,1480.4048849509595,0.425,0.5,0.3612499999999999,0.4152919999999999,0.340736,0.256,-3.0,27.6,1.1310829528273012,
Anthony Susanto,2024-02-03,1464.800983439718,1500.0,1500.0,1500.0,1473.4544095953672,0.5,0.5,0.3070624999999999,0.4152919999999999,0.340736,0.256,-3.0,21.6,2.1173191660942505,
Wishaya Trongcharoenchaikul,2024-02-03,1464.8008464017755,1500.0,1490.98830070269,1500.0,1482.4658567560411,0.425,0.5,0.3612499999999999,0.4152919999999999,0.340736,0.256,-3.0,22.2,1.2346383321885015,
Andrej Nedic,2024-02-03,1464.704895555326,1500.0,1481.6811688033072,1500.0,1491.0,0.3612499999999999,0.5,0.425,0.4152919999999999,0.340736,0.256,-3.0,27.6,1.1310829528273012,
Gonzalo Lama,2023-07-31,1464.4812887962937,1500.0,1482.426106181252,1500.0,1491.0,0.3612499999999999,0.5,0.425,0.4152919999999999,0.340736,0.256,-3.0,27.6,1.1310829528273012,
Sho Shimabukuro,2026-03-05,1464.43584675339,1510.4899145658403,1500.0,1491.040780592263,1467.738855593739,0.5,0.425,0.3061657349025664,0.3779015019512315,0.3193442335462998,0.2730711836398716,-2.0,18.967546537966,3.0132056532816427,"[{""result"": ""L""}, {""result"": ""L""}, {""result"": ""W""}, {""result"": ""L""}, {""result"": ""L""}]"
Sasi Kumar Mukund,2023-09-16,1464.338237310934,1500.0,1500.0,1491.0,1481.8327689172368,0.5,0.425,0.3612499999999999,0.4152919999999999,0.340736,0.256,-3.0,27.6,1.1310829528273012,
Darwin Blanch,2026-03-20,1464.164746676702,1500.0,1495.129733199782,1500.0,1470.2022847760577,0.425,0.5,0.2610031249999999,0.3669520111999999,0.2638659584,0.16384,-3.0,26.1335,2.0567807826484987,"[{""result"": ""L""}, {""result"": ""L""}, {""result"": ""L""}]"
Ji Sung Nam,2022-09-26,1464.0979427585503,1489.227672723766,1500.0,1509.0,1464.0591847845228,0.5,0.575,0.2610031249999999,0.4199680111999999,0.3567939584,0.29184,-2.0,31.4232,1.1332917443373425,
Francisco Comesana,2026-05-06,1463.8448439210715,1517.5665436473669,1444.956520533329,1511.891817034047,1491.8009150470025,0.1362452625195312,0.5429375,0.2952614040075353,0.2941327759682194,0.1886718016598104,0.1006566504962917,-7.0,17.819577685466765,2.3289969877666223,"[{""result"": ""L""}, {""result"": ""L""}, {""result"": ""L""}, {""result"": ""L""}, {""result"": ""L""}]"
Edan Leshem,2023-02-04,1463.465314286848,1511.5443473441455,1500.0,1500.0,1473.0999838399002,0.5,0.5,0.3252359714843749,0.4186469839596798,0.35299428859904,0.2852864000000001,-2.0,21.37542,1.418068616611106,
Alessandro Giannessi,2023-04-03,1463.3762510657396,1500.623114405953,1473.3862689418147,1500.0,1500.0,0.31397140625,0.5,0.5,0.4167870512,0.3456425984,0.26624,-3.0,28.0941,1.1472385270577647,
Gunawan Trismuwantara,2023-09-16,1463.234144004029,1500.0,1500.0,1481.7613264652396,1491.0,0.5,0.3612499999999999,0.425,0.4152919999999999,0.340736,0.256,-3.0,21.6,2.1173191660942505,
Renzo Olivo,2022-02-21,1463.0083876940678,1500.0,1482.3800987427978,1500.0,1490.5811079108237,0.3612499999999999,0.5,0.425,0.4152919999999999,0.340736,0.256,-3.0,27.6,1.1310829528273012,
Yuichi Sugita,2021-08-30,1462.7007637061697,1512.0,1500.0,1492.0947583261625,1474.7587221297722,0.5,0.4345624999999999,0.3001535937499999,0.393528164922099,0.3106349739671552,0.2282291200000001,-3.0,19.716481,1.7513267003333253,
Dmitry Popko,2024-02-03,1462.4434426911816,1500.0,1487.1501907682027,1500.0,1482.2113510860725,0.3612499999999999,0.5,0.3612499999999999,0.3903744799999999,0.29984768,0.2048,-4.0,24.840000000000003,2.131082952827301,
Nicola Kuhn,2022-07-18,1462.1334901482214,1512.0,1485.9225601748,1482.2582421601005,1500.0,0.3612499999999999,0.3612499999999999,0.4887499999999999,0.3889691318719999,0.2955298734080001,0.1966080000000001,-5.0,25.38480000000001,1.5601038789944857,
Mitchell Krueger,2024-09-18,1462.039844141947,1481.285020058565,1500.6352328892044,1493.3055797683248,1464.6801618849136,0.4887499999999999,0.4345624999999999,0.3345184158057196,0.3977166575915283,0.3583963334961634,0.3182756781190075,-2.0,24.428501347099008,2.22722514330295,
Valentin Royer,2026-05-07,1461.5524589644722,1519.1103437182703,1483.8786439932112,1500.0,1475.7256749679348,0.3612499999999999,0.5,0.2051062014299002,0.2982797203820947,0.1856491411104011,0.1027442662812156,-6.0,16.762916835506168,2.12489372844326,"[{""result"": ""L""}, {""result"": ""L""}, {""result"": ""L""}, {""result"": ""L""}, {""result"": ""L""}]"
Camilo Ugo Carabelli,2026-05-06,1460.813082592783,1517.4515563007635,1468.4512474187634,1500.0,1465.9091311270618,0.3179738123109989,0.5,0.3580426319355124,0.3402188478886443,0.3329290990567849,0.3225070945332724,-2.0,14.21017014735892,3.9052746089761072,"[{""result"": ""W""}, {""result"": ""L""}, {""result"": ""W""}, {""result"": ""L""}, {""result"": ""L""}]"
Felipe Meligeni Alves,2024-07-15,1460.2736011899656,1512.0,1487.6811682638313,1490.3285499768897,1485.7721464091778,0.3472493046874999,0.425,0.4124364398632812,0.3780664440008103,0.2937865957755899,0.211471380250624,-4.0,29.4198797774156,1.827751041490837,
Jiri Vesely,2024-01-15,1460.1146459267306,1524.800492464106,1445.29445002979,1507.3735380053372,1479.3188708780954,0.1929836089671746,0.4968233354705247,0.358480981871367,0.3743771274564176,0.3446647775198714,0.2949058931357306,-3.0,23.364465341892515,1.2884811001501224,
Jesper De Jong,2026-05-06,1460.0508109390894,1499.0885592335812,1477.530616636972,1491.7132507034576,1478.5915107843764,0.2668756953125,0.425,0.2584514114667273,0.2951558641056349,0.2060171837638289,0.1337580551480059,-6.0,29.60421940903675,1.7678852174257949,"[{""result"": ""L""}, {""result"": ""L""}, {""result"": ""L""}, {""result"": ""L""}, {""result"": ""L""}]"
Radu Albot,2024-08-26,1459.7749751880665,1525.7394663446812,1487.4315288655455,1439.3169944963693,1478.8246785067192,0.5114147062212554,0.1465237654125488,0.2986940581887618,0.3596414443610994,0.3173111686535961,0.268126269494439,-2.0,18.54779694986124,2.1342937955674355,
Jan Choinski,2026-02-16,1459.571734027643,1494.9678894500375,1492.4330068378342,1474.156421375278,1483.2445356344465,0.4345624999999999,0.3302276562499999,0.3612499999999999,0.355061150299008,0.2602550027690914,0.1775501312,-1.0,29.461173657000003,1.1374900347197865,"[{""result"": ""L""}]"
Luca Van Assche,2024-12-18,1459.378646535691,1515.2988889364472,1477.3457225680156,1481.4859594208144,1473.9151321095655,0.2510786607927793,0.353121875,0.349443038983164,0.3345062558467743,0.3080102891849994,0.2982922942814301,-2.0,13.800651009220797,4.352121340232669,
Thomas Fabbiano,2022-02-14,1458.9470086157555,1500.0,1481.7851342861456,1500.0,1483.75804957589,0.3612499999999999,0.5,0.3612499999999999,0.3903744799999999,0.29984768,0.2048,-4.0,22.344,1.2641050745761293,
Federico Gaio,2022-01-31,1458.4140882582028,1486.390479867375,1491.498127337484,1500.0,1474.4555511589645,0.4345624999999999,0.5,0.3070624999999999,0.3947699305279998,0.313978683392,0.233472,-3.0,25.148940000000003,1.15825831237945,
Nikoloz Basilashvili,2026-05-12,1458.3486118660117,1615.6959417356263,1491.0313044252746,1518.2982651304667,1427.7418001783683,0.4669786884634175,0.529644212791085,0.1935466167912543,0.3582086844635465,0.3920027110978289,0.4471750199410126,-1.0,18.410518738293117,4.3503207256935,"[{""result"": ""L""}, {""result"": ""W""}, {""result"": ""W""}, {""result"": ""W""}, {""result"": ""L""}]"
Max Hans Rehberg,2024-04-15,1458.2491714295943,1500.0,1465.174366269099,1500.0,1500.0,0.2610031249999999,0.5,0.5,0.3903744799999999,0.29984768,0.2048,-4.0,30.840000000000003,1.1326977088091217,
Patrick Kypson,2026-05-06,1458.1521880104542,1505.5350835088464,1468.6991741829129,1500.0,1495.5345979802478,0.2610031249999999,0.5,0.3814531410434081,0.3593655706780481,0.2712704746985395,0.19659937021952,-3.0,22.639854485596008,1.863129017742728,"[{""result"": ""L""}, {""result"": ""W""}, {""result"": ""L""}, {""result"": ""L""}, {""result"": ""L""}]"
Muhammad Shoaib,2024-09-14,1456.9870974040286,1477.3751740549865,1490.9897880878384,1490.5575177107896,1483.7945897733491,0.425,0.4345624999999999,0.3612499999999999,0.3979508905279998,0.325130043392,0.2590720000000001,-2.0,36.3804,1.1329093757913142,
Malek Jaziri,2023-02-27,1456.302244513867,1499.214596477785,1508.442152145274,1500.0,1455.0073097490294,0.5429375,0.5,0.230450833258789,0.4039014419092854,0.3406676680246323,0.2829250068480001,-2.0,29.2500956094,1.283995304934304,
Andrej Martin,2022-01-31,1454.9149809730268,1481.9047571059773,1480.89517494415,1500.0,1474.1602367738749,0.3741343212330975,0.5,0.3070624999999999,0.402384731283973,0.3704053308967091,0.3321337710819411,-2.0,18.393124256447276,1.3341015103183371,
Juan Manuel Cerundolo,2026-05-07,1454.5969113384888,1559.8243605210282,1454.521637316654,1491.453618567457,1487.231028119936,0.2802477930919025,0.425,0.394713659417062,0.3530393409376883,0.3131967538403193,0.2672205450985196,-2.0,15.025209804981149,3.43792373385982,"[{""result"": ""L""}, {""result"": ""L""}, {""result"": ""W""}, {""result"": ""L""}, {""result"": ""L""}]"
Ajeet Rai,2024-09-14,1454.5419049205402,1500.0,1500.0,1500.0,1466.2271451246768,0.5,0.5,0.2610031249999999,0.3903744799999999,0.29984768,0.2048,-4.0,25.44,1.248402118921552,
Roberto Quiroz,2022-09-17,1454.170868417452,1524.0,1500.0,1500.0,1466.2806098200947,0.5,0.5,0.2409042531054687,0.385085311785459,0.2845868243812352,0.17825792,-6.0,23.835438000000003,2.1490381614803504,
James Mccabe,2024-09-18,1454.079160647856,1500.0,1500.0,1491.0,1471.8531911194464,0.5,0.425,0.3070624999999999,0.3903744799999999,0.29984768,0.2048,-4.0,26.547,1.1418022007130286,
Daniels Tens,2024-09-14,1454.019653045529,1500.0,1500.0,1500.0,1465.1446480285315,0.5,0.5,0.2610031249999999,0.3903744799999999,0.29984768,0.2048,-4.0,24.840000000000003,2.131082952827301,
Dragos Nicolae Madaras,2023-07-17,1453.3797931300037,1500.0,1490.9524187526258,1500.0,1472.0200962417348,0.425,0.5,0.3070624999999999,0.3903744799999999,0.29984768,0.2048,-4.0,25.98,1.1448467395603517,
Ignacio Carou,2023-09-16,1453.1163821491186,1500.0,1465.659161472773,1500.0,1500.0,0.2610031249999999,0.5,0.5,0.3903744799999999,0.29984768,0.2048,-4.0,25.44,1.248402118921552,
Cesar Cruz,2024-09-14,1452.483279855532,1500.0,1481.955969069295,1500.0,1481.7670798922654,0.3612499999999999,0.5,0.3612499999999999,0.3903744799999999,0.29984768,0.2048,-4.0,25.98,1.1448467395603517,
Viktor Durasovic,2024-02-02,1451.9176255605769,1511.6034492579622,1500.7051060600454,1500.0,1453.8357183150729,0.4887499999999999,0.5,0.3111779422287462,0.3882712147497134,0.367049303803223,0.4020487795310593,1.0,28.408801892577976,1.2715532972716987,
Maximilian Marterer,2024-10-14,1451.4877934443916,1529.2755812692674,1472.3378333338724,1493.027795150673,1454.2919164955938,0.3896956849215484,0.3872806589843748,0.3347831862547084,0.3601562082263211,0.364642847283633,0.3742054727287245,-1.0,12.091872558169085,3.794314634372528,
Lucas Pouille,2024-07-01,1451.047207458966,1506.6213151290185,1444.070259976211,1494.921275853449,1477.6098645712675,0.2356242449262765,0.4577276562499999,0.3809765334355708,0.3760677782682713,0.3964261580235246,0.4215928018657806,-1.0,20.60246666499148,3.219407026016333,
Elias Ymer,2026-02-24,1450.5226090614588,1540.0329124612565,1463.4488998920208,1484.0764104834368,1488.35393929929,0.207405990301402,0.3612499999999999,0.3321765789414106,0.3329821074882899,0.2830375096415138,0.247065291181436,-2.0,27.19609875297418,1.3236518185984572,"[{""result"": ""L""}, {""result"": ""L""}]"
Pablo Cuevas,2022-05-23,1449.920638850589,1548.1489965492638,1475.1211295301732,1490.7672239456124,1490.2068836481071,0.3738646291499952,0.425,0.3755355183593749,0.37947414293343,0.3407534849107084,0.3500896045958912,-1.0,14.78411536375092,3.2066022693803813,
Marco Trungelliti,2026-05-06,1449.914842488017,1501.840868171924,1481.0322422328695,1491.0,1475.0999568694815,0.2941611073868969,0.425,0.3001535937499999,0.3479969165925775,0.2583115632191197,0.1740932955661927,-3.0,26.70734250329498,2.144975265679024,"[{""result"": ""L""}, {""result"": ""L""}, {""result"": ""L""}]"
Kiranpal Pannu,2024-09-14,1449.7525243284952,1459.7906238356395,1500.0,1500.0,1459.2236572422885,0.5,0.5,0.2877885441406249,0.3806387970963198,0.30993779818496,0.2648576,-1.0,32.049420000000005,1.1718119181358226,
Attila Balazs,2023-08-28,1449.1615253462537,1500.0,1483.5065698430428,1492.25213329531,1479.7476770455846,0.3612499999999999,0.425,0.3070624999999999,0.3449348905279998,0.2322020433919999,0.131072,-6.0,30.87807,1.1358492798446551,
Evgeny Donskoy,2021-10-18,1449.1142187753617,1500.1790297261234,1500.0,1491.0,1466.2132344278746,0.5,0.425,0.2551305546874999,0.3682730384403199,0.26766562820096,0.1703936,-5.0,19.077463,1.699186252075514,
Enzo Couacaud,2024-07-22,1448.8717675673852,1511.2931798663926,1482.4694458040435,1482.018422685461,1489.5811106022888,0.353121875,0.3612499999999999,0.3693781249999999,0.3505321827811666,0.249191337024165,0.1624506368000001,-4.0,36.66025059,1.1371702654588811,
Emilio Nava,2026-04-26,1448.107710119522,1469.2326169086905,1487.4892312665763,1491.5524598670916,1438.3607540201838,0.4244497578124999,0.425,0.1723699417315123,0.2915001066647929,0.2931081262652734,0.3326224920513694,-1.0,17.251088103235276,4.460119937192497,"[{""result"": ""L""}, {""result"": ""L""}, {""result"": ""W""}, {""result"": ""W""}, {""result"": ""L""}]"
Zachary Svajda,2026-05-08,1447.71894450877,1511.7792036994838,1505.1829098639362,1490.117682812254,1448.3150491675788,0.4887499999999999,0.425,0.2681073769785373,0.3401828285040705,0.3204539664206151,0.3169610072552262,-1.0,20.98612707598548,2.3678767979874458,"[{""result"": ""W""}, {""result"": ""L""}, {""result"": ""L""}, {""result"": ""W""}, {""result"": ""L""}]"
Emilio Gomez,2024-02-02,1447.3967937881064,1512.0,1482.714807660299,1500.0,1463.990029832864,0.3943756953125,0.5,0.3226168387857837,0.3632252266660742,0.3263885217644709,0.3021302579213138,-1.0,25.13837748903532,1.26601687072641,
Guido Pella,2023-08-28,1447.3408964191103,1512.0,1452.2563075849375,1478.807652457961,1474.1570909415611,0.3334707861876166,0.4299844106416015,0.3269221697693385,0.3886676884911421,0.3630285151263802,0.3029546986633492,-3.0,11.162940271999943,2.7150997549875147,
Francesco Passaro,2026-02-18,1446.8784344758217,1500.4398264428594,1477.5524952802734,1500.0,1472.5149947879625,0.4182164627787957,0.5,0.2927068257617187,0.3882500490672175,0.3649381919917563,0.3589648146293526,-1.0,24.82754376579264,2.086170302539154,"[{""result"": ""L""}, {""result"": ""W""}, {""result"": ""L""}]"
Geoffrey Blancaneaux,2023-02-20,1446.5670952327002,1500.0,1490.954398168633,1500.0,1465.7035411367085,0.425,0.5,0.2610031249999999,0.3669520111999999,0.2638659584,0.16384,-5.0,25.997,1.7152442256923353,
Juan Pablo Varillas,2024-09-13,1445.6913294999356,1542.9888599427306,1508.633798457634,1490.6874349579602,1446.02344126354,0.3746426638451531,0.425,0.2055523600906114,0.324709517915607,0.2584923963841764,0.2254840779528055,-2.0,19.037543440578872,1.2686121920923203,
Marc Polmans,2024-07-15,1445.6873339789229,1480.5898768736174,1501.0050052975257,1490.7996995714072,1460.4272340686282,0.4887499999999999,0.4154374999999999,0.2686635441406249,0.3657615205829513,0.2884968513015841,0.2227429703680001,-3.0,30.47210487447,1.1470411762941872,
Denis Istomin,2022-09-16,1445.555627731462,1464.1372629465527,1490.7555064807982,1500.0,1465.0791099737885,0.425,0.5,0.2969497578124999,0.3772547970963198,0.2972657981849599,0.2328576,-2.0,32.07681600000001,1.2508960802448827,
Yasutaka Uchiyama,2024-09-18,1445.4356845729542,1488.0276479983245,1491.1662432546912,1482.0297399628682,1474.7634615620295,0.425,0.3612499999999999,0.3951904265035522,0.3767511826426332,0.3503997756613128,0.3637420274378343,-1.0,19.18216490048619,3.170927314403153,
Aljaz Bedene,2022-09-16,1445.1558200289564,1536.9866765028503,1494.1877291721382,1475.5638372630972,1480.6506868135075,0.4310923396781676,0.3307082316406249,0.3085593923991478,0.3585346697008247,0.3092801661678673,0.3081710770914805,1.0,15.059910625684587,1.947641399620025,
Giulio Zeppieri,2025-07-01,1444.9978924179563,1510.7439679315,1471.0090342713954,1500.0,1468.8767525906223,0.3623330536148903,0.5,0.2668756953125,0.3426008211368255,0.2719270648110116,0.2240136600972218,-1.0,27.66231266691042,1.3048014258535434,"[{""result"": ""L""}]"
Marko Topo,2024-04-15,1444.3140906142708,1500.0,1456.782515989467,1500.0,1500.0,0.2218526562499999,0.5,0.5,0.3669520111999999,0.2638659584,0.16384,-5.0,33.756,1.1328871506343543,
Brandon Holt,2025-08-24,1443.2985899482458,1518.6759309468248,1500.0,1500.0,1451.249517910246,0.5,0.5,0.161289345738103,0.324374666121855,0.2050016181296556,0.10636754944,-2.0,33.858440343000005,1.1648212963274656,"[{""result"": ""L""}, {""result"": ""L""}]"
Steven Diez,2024-01-01,1443.1492169552944,1500.0,1473.1985916648537,1500.0,1478.3205532757802,0.3070624999999999,0.5,0.3070624999999999,0.3449348905279998,0.2322020433919999,0.131072,-6.0,23.657400000000003,2.199416539486477,
Yen Hsun Lu,2021-07-24,1442.5079002976836,1488.8404428522344,1491.1814311792864,1482.2330846080715,1477.6479044031107,0.425,0.3612499999999999,0.3302276562499999,0.3488187106145406,0.2431450924187648,0.14942208,-5.0,21.786004700000003,1.820998927825208,
Leo Borg,2024-10-14,1442.1039658897207,1494.1818591618794,1495.2821620678294,1500.0,1450.32200801672,0.4154374999999999,0.5,0.2637452625195312,0.3461232399370675,0.2712965724208005,0.23650410496,-1.0,30.59913669600001,1.392383493753086,
Seong Chan Hong,2024-09-13,1441.7965337941123,1457.3593867535642,1500.0,1500.0,1445.4999176335468,0.5,0.5,0.4171504537691403,0.3809550922627442,0.3927932528371778,0.4659485853155329,1.0,23.09930085337758,1.620582406601756,
Kristjan Tamm,2024-09-13,1441.3751168213105,1500.0,1481.84963048917,1500.0,1473.3496623160877,0.3612499999999999,0.5,0.3070624999999999,0.3669520111999999,0.2638659584,0.16384,-5.0,28.896,1.146461495542172,
Brayden Schnur,2022-01-03,1441.0574355859949,1500.0,1500.0,1491.0,1465.506318840287,0.5,0.425,0.2610031249999999,0.3669520111999999,0.2638659584,0.16384,-5.0,27.565200000000004,1.318785404293566,
Marco Cecchinato,2023-08-28,1440.1894236278358,1524.073516907201,1494.1237002860996,1473.1609553789403,1433.1854635338343,0.3468843678218461,0.3070624999999999,0.2041132073239454,0.3444874809589874,0.2424174028112994,0.151291460660954,-4.0,10.16857031385896,3.385795623088085,
Peter Gojowczyk,2022-08-29,1439.0182466212975,1569.0172735783374,1474.008212411049,1500.974969621153,1468.876597339508,0.3070624999999999,0.4566885601367186,0.2682869079863189,0.3242294107407286,0.2519350381445894,0.2185275407478948,-2.0,13.63570256864726,3.706723992257938,
Michail Pervolarakis,2023-01-02,1438.7456563059122,1478.120406029338,1491.0,1500.0,1458.2708440939514,0.425,0.5,0.3098642700166015,0.3670997439108097,0.300578978418781,0.2661158912,-1.0,31.29083718,1.1730749802947589,
Kyle Edmund,2023-05-08,1438.657626915861,1512.9616349926448,1473.666110539678,1500.0,1469.8861816820825,0.3070624999999999,0.5,0.2132544792412109,0.3027177379757959,0.1752226867968973,0.078383153152,-9.0,20.1578617787,2.3060785948770963,
Adam Walton,2026-04-25,1437.9977287744694,1481.7732928995076,1492.105973369355,1498.8947700442557,1436.1259225797717,0.4345624999999999,0.4806218749999999,0.2982042942597696,0.3292109389860423,0.3331350430745108,0.3605108001467503,-1.0,16.53573663247822,3.0192779031982457,"[{""result"": ""L""}, {""result"": ""W""}, {""result"": ""L""}, {""result"": ""W""}, {""result"": ""L""}]"
Nicolas Mejia,2024-09-14,1436.7964178972666,1485.8958096773645,1510.528487806603,1500.0,1426.1629096805996,0.54227234375,0.5,0.0984372021703612,0.3184347638260226,0.2363971157461838,0.180390163644416,-3.0,27.244156712177706,2.5000747605120424,
Gianluca Mager,2022-01-31,1435.9474486730655,1524.0,1490.739813461582,1500.0339994837022,1452.012014749739,0.471795608876862,0.4887499999999999,0.2581888115346927,0.3549683448180264,0.2878241808148498,0.2272582388021557,-3.0,9.994776696266571,3.488635564532051,
Pedro Martinez,2026-04-14,1435.7557857227837,1580.341843476194,1500.1801786184612,1467.4647325030446,1433.9231819045276,0.3257868628291932,0.2406091197437011,0.1880926624119187,0.2531802279995049,0.1657943438337082,0.098795176618261,-7.0,24.384651770286958,1.1855002390973182,"[{""result"": ""L""}, {""result"": ""L""}, {""result"": ""L""}, {""result"": ""L""}, {""result"": ""L""}]"
Andreas Seppi,2022-06-06,1435.399161872199,1495.0248571837246,1490.9501073126817,1499.328861674866,1450.380534626969,0.4345624999999999,0.4418064921874999,0.3288514815312288,0.3497760321470375,0.2994721818663426,0.2675137132450211,-2.0,16.92305057834961,1.4984960734337385,
Facundo Bagnis,2025-07-29,1433.3726078088682,1554.6089296070252,1477.2977203090825,1481.8076535273365,1444.4498242275888,0.43252081380579,0.3612499999999999,0.2353949499997786,0.362276083499055,0.3702267657879829,0.3451624804415021,-1.0,20.503924140196094,1.2908402151554488,"[{""result"": ""L""}]"
Jay Clarke,2025-07-01,1433.3678912689918,1500.0,1500.0,1465.4060662051138,1482.398991786805,0.5,0.2610031249999999,0.3612499999999999,0.3449348905279998,0.2322020433919999,0.131072,-1.0,28.133070000000004,1.2216436446375043,"[{""result"": ""L""}]"
Abedallah Shelbayh,2024-04-01,1432.1735836098662,1503.534809687229,1482.3233516263736,1482.4604795335024,1468.8444546703097,0.353121875,0.3612499999999999,0.2849364398632812,0.3245704072253506,0.230392924997147,0.15959716790272,-4.0,23.237726444021607,1.615248028467088,
Egor Gerasimov,2024-10-02,1431.4444833811497,1536.0677491409306,1475.8550441679608,1499.5519409824403,1438.8411449672735,0.3736951112517748,0.4806218749999999,0.2171762569964539,0.331238522838595,0.3052767489575348,0.2901141582402538,-2.0,19.150413511839915,1.2884191215184142,
Oscar Otte,2024-06-17,1429.1200197789697,1597.214735453785,1488.9957720613677,1513.7226505995657,1423.2019871699235,0.384512169256491,0.3853538054605271,0.2197977778288432,0.2843311845681141,0.2449805023971082,0.2196256141945109,-2.0,15.203204670462586,1.439856664686386,
Diego Schwartzman,2024-08-26,1428.691993123458,1685.6598477010978,1486.7567675692733,1493.164041590931,1480.5233590667108,0.1889871979340429,0.4341198713133958,0.1879465643618283,0.2235014121048252,0.1331952224225046,0.05984229190076,-10.0,18.988602777945463,1.223573026793997,
Damir Dzumhur,2026-05-08,1428.5340654742815,1506.2205441078358,1492.2892329182778,1500.0,1408.713380884488,0.4243862175182827,0.5,0.2234446778422121,0.3137511332910284,0.3261818228966917,0.352948480530935,-1.0,13.98345818203236,4.082789176475449,"[{""result"": ""L""}, {""result"": ""W""}, {""result"": ""L""}, {""result"": ""W""}, {""result"": ""L""}]"
Vitaliy Sachko,2026-04-13,1428.3062582993052,1500.0,1482.3411941753836,1500.0,1460.7695502098188,0.3612499999999999,0.5,0.2218526562499999,0.3242387970963198,0.2043377981849599,0.1048576,-1.0,38.41836,1.1331928582723714,"[{""result"": ""L""}]"
Tristan Schoolkate,2026-03-05,1427.8340965795244,1480.3692812659451,1500.0,1491.6761064310367,1444.268533044297,0.5,0.425,0.1911009974756664,0.3185685350635914,0.214319550903504,0.133450170368,-5.0,27.541802543400003,1.957143485541578,"[{""result"": ""L""}, {""result"": ""L""}, {""result"": ""L""}, {""result"": ""L""}, {""result"": ""L""}]"
Aleksandar Kovacevic,2026-05-08,1426.842048962906,1537.6268560528824,1446.047448899622,1494.5464991605263,1439.4793669659448,0.1723809004853515,0.4577276562499999,0.3412658165827073,0.2932600877620552,0.2917176471125343,0.2790948606863039,-3.0,17.86382035474215,1.7507655906621271,"[{""result"": ""W""}, {""result"": ""W""}, {""result"": ""L""}, {""result"": ""L""}, {""result"": ""L""}]"
Sam Querrey,2022-08-29,1426.697681487924,1530.1814223546316,1483.1770886336735,1502.8474083172514,1419.879000214405,0.3885031249999999,0.3451042225094001,0.1664848250153694,0.3080148093044433,0.246324272856876,0.1956146078439621,-4.0,18.053416397758333,1.5248430267018995,
Ernesto Escobedo,2024-02-26,1426.4285036686936,1526.7364290757607,1482.4315261316658,1500.0,1455.7186840540364,0.3693781249999999,0.5,0.1883594152887943,0.3240879141580391,0.2133941188136375,0.1335699985194287,-4.0,26.53468214746427,2.772514349853983,
Richard Gasquet,2024-11-04,1426.2164654953424,1631.2936697942444,1451.9232030719252,1480.740067261588,1471.8034804203887,0.2304973462831345,0.294966710038618,0.2442783861953411,0.2496491467743916,0.227268923173925,0.2327236516813807,-1.0,16.499184218478312,3.355650863084953,
Hugo Grenier,2026-02-09,1426.1567643243072,1512.0,1471.548569547395,1499.7814340130133,1448.517703835028,0.2811019968945312,0.4887499999999999,0.2105815472758881,0.293156336779628,0.2025138154963571,0.1325715862257919,-1.0,28.980197681526136,1.1402330080074017,"[{""result"": ""L""}]"
Li Tu,2024-10-02,1425.0211375691115,1475.8332469364166,1500.0,1481.9390230410413,1453.2132851962497,0.5,0.3693781249999999,0.1885747578124999,0.3106997439108097,0.194978978418781,0.1061158912,-6.0,32.686144327,1.3343240714024955,
Federico Coria,2024-08-26,1424.0282810172994,1530.4385001495837,1501.0011364603615,1465.316124684545,1390.8080384218129,0.2057292661305128,0.2610031249999999,0.0677608943543813,0.2755631425140455,0.1637131635999901,0.0737960839556156,-8.0,13.490324162417606,2.533230153055996,
Sumit Nagal,2024-11-04,1423.7459159808884,1519.6215902104495,1471.72779547452,1490.1939300360566,1452.7630042045432,0.3128781843578922,0.425,0.1758363824522776,0.2719422755946977,0.1682731338196384,0.0911322120970649,-7.0,16.866781507476997,2.059044073636705,
Taro Daniel,2024-10-14,1422.479400731955,1539.3338319028448,1455.4936057483426,1452.2184321771158,1453.6489378217914,0.2094408626041436,0.1885747578124999,0.2620893919452167,0.248936537503167,0.2183688867147796,0.2226227510881682,-2.0,10.059949439392106,3.664387830328791,
Tennys Sandgren,2024-02-05,1421.0676659950989,1512.0,1476.1656447399764,1499.541800531532,1437.6775750425625,0.31397140625,0.4747493046875,0.165328976973643,0.2860663483996103,0.1961493542933162,0.1254861791170898,-5.0,20.40046756614892,1.231305805080518,
Luca Nardi,2026-05-07,1420.77607497358,1497.819365057142,1445.6241078312416,1482.7445541978834,1464.401260278879,0.2041132073239454,0.353121875,0.2470301236422757,0.2541104546059594,0.2070417713236211,0.1665906635260971,-4.0,27.85344820126789,1.1604044439068006,"[{""result"": ""W""}, {""result"": ""L""}, {""result"": ""L""}, {""result"": ""L""}, {""result"": ""L""}]"
Maxime Cressy,2024-07-29,1420.1539275117525,1599.142241541059,1427.948581277208,1510.8787863358168,1469.8753506478251,0.1245452006006664,0.4094510510100492,0.1843821817939728,0.2522011836722386,0.2022180179246673,0.1908137406471958,-2.0,15.396532087568565,2.370594606471554,
Marc Andrea Huesler,2024-10-14,1419.6597484084523,1571.2283399671176,1427.4168550355375,1469.192215036698,1482.1085073257188,0.2557674006731967,0.2949198093945312,0.2814778563411915,0.3022683113314724,0.3002577721296278,0.3101187585362447,-1.0,26.203784664646214,1.3853720632483977,
Ramkumar Ramanathan,2024-10-02,1418.7464390161851,1469.1220183385478,1500.0,1526.545742471916,1410.6900416834037,0.5,0.6929375,0.083671621844807,0.3387603870489602,0.2686330860752088,0.22548770455552,-2.0,36.535548414731394,1.5961105536913078,
Pedro Sousa,2023-04-03,1418.570987459073,1512.0,1465.2452464035448,1491.2850732881054,1474.305143074591,0.2668756953125,0.425,0.3001535937499999,0.3072467054936372,0.1862863525418238,0.093482647552,-7.0,25.9755620181,1.1474983296369148,
Federico Delbonis,2023-02-06,1417.3074184347306,1598.5619104909874,1500.9881330691444,1475.5614612803545,1402.5793992552165,0.3376674360517788,0.3070624999999999,0.1414655650199656,0.2921023956948009,0.267758866552026,0.2686445950085189,-1.0,13.953725585580292,2.2668073510921025,
Denis Kudla,2024-04-01,1416.1758372762754,1534.4847993090143,1475.897170541157,1495.3235684175083,1439.5336243610598,0.3302276562499999,0.3796994120146484,0.318175618568482,0.330693673534826,0.2997060398715589,0.2516695132790308,-3.0,18.20694397506284,1.6919767915419648,
Pablo Andujar,2023-04-17,1415.54714317556,1514.0634559374146,1455.797014898668,1483.7201506402273,1467.6659853954015,0.2303340966141798,0.3693781249999999,0.2944913782506185,0.2886934453710998,0.1972023668094384,0.1301857415769778,-5.0,24.58137505058544,1.2473283375589832,
Norbert Gombos,2024-09-15,1414.8581132272811,1500.472922512476,1495.544107579009,1481.7848445917302,1428.0535039250271,0.3415999692762744,0.3612499999999999,0.1826581124598288,0.2851764251778673,0.198159305854088,0.1332675836477674,-4.0,25.70278762528357,1.2175428265047588,
Tomas Barrios Vera,2026-03-18,1414.388665888509,1478.0583822911244,1483.5851016784525,1491.5744078704668,1450.28645247451,0.3459636800431468,0.4345624999999999,0.1885747578124999,0.3073228093320148,0.2182387531022888,0.1462564841470087,-2.0,32.83084109401172,1.1351798925370953,"[{""result"": ""L""}, {""result"": ""L""}]"
Pedro Cachin,2024-07-15,1413.5977385772096,1539.2720496170762,1464.767441199343,1484.7520938780465,1422.363264614093,0.1946563339117855,0.3612499999999999,0.0925703727399494,0.2417495982522867,0.167536968594096,0.1259074927008875,-5.0,14.342130388051102,1.647651617855372,
Carlos Taberner,2026-01-18,1413.3117494024002,1500.3259689517415,1448.5912322880563,1490.105075250748,1478.085347223425,0.200629033333335,0.425,0.298768401227539,0.2804034438491122,0.1619372181771018,0.0730769990927229,-1.0,30.566085200613283,1.133160037635756,"[{""result"": ""L""}]"
Juan Ignacio Londero,2022-05-23,1407.9551270462164,1431.8722514496712,1444.5001256003557,1491.0,1482.0,0.2854642809921239,0.425,0.3612499999999999,0.3149440993931139,0.2796351017742287,0.2616908795230343,-2.0,17.433942435599572,1.630577081303214,
Henri Laaksonen,2022-09-19,1407.6673823227409,1539.993405551808,1479.076454120943,1491.4369299237185,1447.6616658170688,0.3377604399623994,0.425,0.1722984664349746,0.2705597720897245,0.1514720447087246,0.0746323252581317,-7.0,16.75739968634784,2.616630704532605,
Albert Ramos,2024-08-26,1405.224646794043,1610.1187456259386,1484.219122025881,1441.733522116829,1386.4471775923687,0.2377167424842605,0.1602885441406249,0.1267115853398717,0.2699914337013003,0.2017623371178403,0.1279789411480357,-6.0,20.176074748014305,1.299084188624946,
Joao Sousa,2024-04-01,1403.9384453208152,1490.5812803744602,1429.501733426993,1456.646203659977,1474.849858543903,0.2600230406790717,0.2218526562499999,0.2887882043878774,0.3000192863418468,0.278132406938534,0.2661757678388777,-2.0,23.48684991029481,1.141670353771311,
James Duckworth,2026-03-18,1402.7472377706877,1551.9955160945494,1482.5581008563518,1494.7364328270444,1398.5943516903117,0.3826305546874999,0.4160524788038393,0.1015930826227495,0.211781795302483,0.1224989933315674,0.0782599247336944,-5.0,19.11476762847732,2.6259300707044826,"[{""result"": ""L""}, {""result"": ""L""}, {""result"": ""L""}, {""result"": ""L""}, {""result"": ""L""}]"
Jo-Wilfried Tsonga,2022-05-23,1402.742193068099,1501.6529606300214,1454.5866155599865,1482.0,1472.1922974491297,0.1885747578124999,0.3612499999999999,0.3142415778012207,0.2670643567970165,0.1720836950470242,0.1137271307889541,-5.0,18.34886131665525,2.233295648427156,
Bernabe Zapata Miralles,2024-03-04,1402.2685220858432,1552.6149925331415,1509.6710184306569,1450.083402433488,1384.1605384048778,0.2491755527482674,0.1885747578124999,0.0995437530937968,0.2292486461700039,0.1413632144327542,0.0915164707652673,-5.0,10.710744966649065,4.222915114494679,
Shintaro Mochizuki,2026-02-16,1401.3127913584128,1448.628704183679,1493.4339730080255,1473.3574373661904,1421.5467132067142,0.425,0.3070624999999999,0.1901266770995363,0.2383205639732346,0.1867806950595453,0.1522924861039034,-4.0,31.742132046283423,1.432694763500201,"[{""result"": ""W""}, {""result"": ""L""}, {""result"": ""L""}, {""result"": ""L""}, {""result"": ""L""}]"
Mikhail Kukushkin,2024-10-14,1399.2610181489574,1512.0,1465.7383726234532,1474.0744225804935,1437.3226362121986,0.2610031249999999,0.3070624999999999,0.3251531660929813,0.2841177278452463,0.2831700550375757,0.2979613999686787,-2.0,24.22269178910284,2.2478578862978167,
Stefano Travaglia,2023-08-28,1396.0054888550378,1571.9660451497332,1438.690165667491,1481.7905858126585,1472.5276491650698,0.2257727297915505,0.3693781249999999,0.3124246216611954,0.2838915477350903,0.2351833902228808,0.1930273905950874,-4.0,22.607149043081176,1.1425196790742849,
Daniel Elahi Galan,2025-08-24,1394.8140999982809,1542.1780037553035,1430.817393170102,1511.3058398220137,1424.565692102501,0.3209200599847838,0.4809576119939622,0.1946599443540936,0.280464097654817,0.2544711605246719,0.2278365968580238,-2.0,13.522757230690186,2.1113665706685643,"[{""result"": ""L""}, {""result"": ""L""}]"
Dennis Novak,2023-09-15,1382.2287648725528,1512.5972047038613,1466.9377494363478,1482.462026380079,1435.2348120226925,0.2806935078124999,0.3693781249999999,0.1594996209647963,0.2364180254609729,0.1543278591886282,0.1007480725530902,-6.0,31.8940898069594,1.274181425256112,
Hugo Dellien,2025-08-24,1381.2111475430572,1478.000652628638,1435.549708648368,1482.7353976789602,1447.0142283502826,0.2653438871523415,0.3612499999999999,0.1602885441406249,0.2475467397088321,0.1902862115593705,0.1579591770750568,-2.0,26.938813010923724,1.185104036071631,"[{""result"": ""L""}, {""result"": ""L""}]"
Chun Hsin Tseng,2024-09-18,1379.246717812214,1486.6718102794634,1482.5784509945154,1490.7550121956178,1406.7550117193214,0.3885031249999999,0.425,0.1147509787608577,0.2395647947284851,0.1691880307573921,0.1336593794369993,-4.0,24.934427076269696,3.0042747841116983,
Salvatore Caruso,2022-01-17,1373.6463311004463,1512.814308212328,1434.282743632842,1483.5192876746064,1460.1220170599065,0.1465237654125488,0.3612499999999999,0.2643339727432831,0.2319465631338037,0.1562941852242564,0.1436472137711837,-2.0,18.805426116938595,1.3766464032681471,
Constant Lestienne,2024-08-26,1371.9247341130388,1565.314566616396,1459.9142317250137,1456.5011336595244,1433.5336975061673,0.2218526562499999,0.2168609714843749,0.2197008087759715,0.2003419928823585,0.133348870745266,0.0812484865883984,-7.0,17.154463246008284,2.302883771484088,
Feliciano Lopez,2023-06-26,1370.122542312825,1512.0147860198142,1449.83079428448,1470.0642966388302,1425.3893760665549,0.2153968813773875,0.3588721472226321,0.2478198214300072,0.2752208431910807,0.292332198734137,0.3482562699758555,-1.0,22.919654946000318,3.7192419582122014,
Fernando Verdasco,2023-04-17,1359.6381090067648,1481.292522379339,1465.5753013161902,1482.56701638117,1421.1409114194591,0.3186634881286617,0.3612499999999999,0.149421816068086,0.2286815403306671,0.1384641594655127,0.0801425959076072,-6.0,21.208016611387254,1.9614527422342345,
Benoit Paire,2024-07-15,1331.9503401467582,1478.8600262127836,1387.0418786204896,1467.2728923529755,1417.7444480095403,0.0867079110308976,0.3160747578124999,0.2407653829701294,0.2059177198941764,0.2214568324566392,0.2589795079573018,-1.0,24.47828649816295,2.148360917267607,
