name,last_match_date,current_elo,peak_elo,selo_Clay,selo_Grass,selo_Hard,wr_Clay,wr_Grass,wr_Hard,overall_wr,form10_wr,form5_wr,streak,avg_rest_days,matches_28d,last5
Jannik Sinner,2026-07-12,2152.549279469339,2160.3858971734376,1761.5988184639914,1704.9521602237362,2025.4817105342795,0.8374047677174834,0.9781532198168092,0.978674979825634,0.9512345162698336,0.9498864668569676,0.9580233874288332,7.0,4.476051243364015,7.154978242474915,"[{""result"": ""W"", ""date"": ""2026-07-02""}, {""result"": ""W"", ""date"": ""2026-07-04""}, {""result"": ""W"", ""date"": ""2026-07-07""}, {""result"": ""W"", ""date"": ""2026-07-08""}, {""result"": ""W"", ""date"": ""2026-07-12""}]"
Carlos Alcaraz,2026-10-05,2029.547583098209,2060.326346239109,1799.4491433330631,1694.063201218626,1921.3957542910323,0.8351765754010612,0.9236092458088452,0.8889971993356182,0.8733049871203049,0.8881541258923553,0.9159029488731976,5.0,6.044635575150829,6.5540748360547445,"[{""result"": ""W"", ""date"": ""2026-09-30""}, {""result"": ""W"", ""date"": ""2026-10-01""}, {""result"": ""W"", ""date"": ""2026-10-03""}, {""result"": ""W"", ""date"": ""2026-10-04""}, {""result"": ""W"", ""date"": ""2026-10-05""}]"
Novak Djokovic,2026-10-05,1936.116603260357,2054.189089544887,1746.7617023607324,1703.4149439399469,1875.2877667399323,0.6991747622179098,0.7959711820009778,0.8213912033621072,0.7647527018735651,0.7741505510934363,0.8197035852365107,5.0,9.407750208163746,5.369810536602616,"[{""result"": ""W"", ""date"": ""2026-10-01""}, {""result"": ""W"", ""date"": ""2026-10-02""}, {""result"": ""W"", ""date"": ""2026-10-03""}, {""result"": ""W"", ""date"": ""2026-10-04""}, {""result"": ""W"", ""date"": ""2026-10-05""}]"
Alexander Zverev,2026-10-03,1915.6434095420168,1928.2492964893397,1782.1883495215654,1616.3649629773745,1819.753450370732,0.9335253650392228,0.7297737598726224,0.7778397614555271,0.8073042402115674,0.7920025194032495,0.7567319680712352,-1.0,4.583271976971734,6.825773283797192,"[{""result"": ""W"", ""date"": ""2026-09-10""}, {""result"": ""W"", ""date"": ""2026-09-13""}, {""result"": ""W"", ""date"": ""2026-10-01""}, {""result"": ""W"", ""date"": ""2026-10-02""}, {""result"": ""L"", ""date"": ""2026-10-03""}]"
Ben Shelton,2026-09-13,1797.841256001942,1806.2283089899029,1486.2873829940772,1528.513068133625,1779.42510449364,0.4291716214310373,0.5683845184539363,0.7766573445571835,0.7343290217567379,0.7565254000832988,0.7367059056282488,-1.0,4.126716600385167,8.571231057357629,"[{""result"": ""W"", ""date"": ""2026-09-04""}, {""result"": ""W"", ""date"": ""2026-09-06""}, {""result"": ""W"", ""date"": ""2026-09-08""}, {""result"": ""W"", ""date"": ""2026-09-10""}, {""result"": ""L"", ""date"": ""2026-09-13""}]"
Arthur Fils,2026-10-03,1790.9468883638872,1811.1693230488809,1610.4429175902335,1518.580744589041,1691.384862527156,0.7152023114989394,0.5434195338070283,0.6961014432038807,0.7193617916676643,0.7000377215072451,0.6540194284467511,-1.0,6.674374241789398,5.100770513916396,"[{""result"": ""W"", ""date"": ""2026-08-23""}, {""result"": ""L"", ""date"": ""2026-09-01""}, {""result"": ""W"", ""date"": ""2026-09-30""}, {""result"": ""W"", ""date"": ""2026-10-01""}, {""result"": ""L"", ""date"": ""2026-10-03""}]"
Taylor Fritz,2026-09-30,1785.6677547217105,1864.4906314093687,1604.5494912584272,1647.4045654504796,1724.358159795134,0.528101766256557,0.7512345654963157,0.5725925941708847,0.6754500324852557,0.6104957352764434,0.5108310052259,-2.0,6.766464648460135,4.032453397276804,"[{""result"": ""L"", ""date"": ""2026-08-20""}, {""result"": ""W"", ""date"": ""2026-09-01""}, {""result"": ""W"", ""date"": ""2026-09-03""}, {""result"": ""L"", ""date"": ""2026-09-04""}, {""result"": ""L"", ""date"": ""2026-09-30""}]"
Frances Tiafoe,2026-10-01,1774.505071882079,1791.714189861868,1543.9113700123426,1590.1756068430684,1701.3339841960062,0.5866825037602307,0.7260086090966212,0.6615808670042628,0.7094444877591164,0.6837157931627351,0.6199865044559492,-1.0,4.891953893750864,6.368518345854551,"[{""result"": ""W"", ""date"": ""2026-09-06""}, {""result"": ""W"", ""date"": ""2026-09-08""}, {""result"": ""L"", ""date"": ""2026-09-10""}, {""result"": ""W"", ""date"": ""2026-09-30""}, {""result"": ""L"", ""date"": ""2026-10-01""}]"
Daniil Medvedev,2026-10-04,1747.2030541430468,1924.110054809446,1600.315572413183,1612.003575032288,1757.5210211176443,0.5102933624342837,0.607853475276306,0.6642629993489763,0.6371929206461122,0.6327201051452033,0.6255925818902818,-1.0,6.466605302488739,5.8266695770194525,"[{""result"": ""L"", ""date"": ""2026-09-06""}, {""result"": ""W"", ""date"": ""2026-10-01""}, {""result"": ""W"", ""date"": ""2026-10-02""}, {""result"": ""W"", ""date"": ""2026-10-03""}, {""result"": ""L"", ""date"": ""2026-10-04""}]"
Alex De Minaur,2026-10-05,1742.270828231362,1842.6997447023891,1588.6689044576551,1631.3080275643206,1724.4541819413548,0.6159886491631181,0.6931250987142815,0.6522867273116969,0.6566630903548941,0.66052494655675,0.6488473626351992,-1.0,5.295629556728131,6.567317174580411,"[{""result"": ""W"", ""date"": ""2026-10-01""}, {""result"": ""W"", ""date"": ""2026-10-02""}, {""result"": ""W"", ""date"": ""2026-10-03""}, {""result"": ""W"", ""date"": ""2026-10-04""}, {""result"": ""L"", ""date"": ""2026-10-05""}]"
Nick Kyrgios,2023-06-12,1739.421483935275,1779.8734522983857,1518.106986691486,1571.2380572989057,1639.26821009215,0.588996875,0.6121600479816475,0.6726192777355879,0.6907245190193,0.6166016979084904,0.5114025281621902,-2.0,10.336462379805104,1.745753120816495,[]
Jiri Lehecka,2026-10-05,1735.2210166803657,1739.088427202801,1555.0904996867253,1523.7908811598572,1669.6648366021675,0.5724266515840933,0.5985593251686088,0.6834481756550499,0.6628949670564789,0.6697837496817134,0.6577699963222449,-1.0,5.9396507905228,6.453977869651243,"[{""result"": ""W"", ""date"": ""2026-09-30""}, {""result"": ""W"", ""date"": ""2026-10-01""}, {""result"": ""W"", ""date"": ""2026-10-03""}, {""result"": ""W"", ""date"": ""2026-10-04""}, {""result"": ""L"", ""date"": ""2026-10-05""}]"
Felix Auger Aliassime,2026-10-01,1730.9347468364022,1806.5747957692372,1614.1302300149691,1552.7624903652031,1683.3270594127614,0.6374269326575427,0.607760554598013,0.5143441027104966,0.6167183078967989,0.5494945922369683,0.4525179154659713,-2.0,8.908565979725068,2.6759342737874032,"[{""result"": ""W"", ""date"": ""2026-08-17""}, {""result"": ""L"", ""date"": ""2026-08-19""}, {""result"": ""W"", ""date"": ""2026-09-01""}, {""result"": ""L"", ""date"": ""2026-09-03""}, {""result"": ""L"", ""date"": ""2026-10-01""}]"
Tommy Paul,2026-09-30,1721.8924903836023,1790.465312770259,1560.8841243227891,1614.0224694676233,1665.692954905344,0.667457350716519,0.6753425712675328,0.5605965112377957,0.6259416358580729,0.579719976546232,0.5113116498206278,-2.0,6.669877271487972,4.124763264924073,"[{""result"": ""W"", ""date"": ""2026-09-01""}, {""result"": ""W"", ""date"": ""2026-09-03""}, {""result"": ""W"", ""date"": ""2026-09-04""}, {""result"": ""L"", ""date"": ""2026-09-06""}, {""result"": ""L"", ""date"": ""2026-09-30""}]"
Rafael Nadal,2024-11-19,1719.821623760557,1884.699101867268,1668.959381281357,1538.0770620350263,1620.0115720396489,0.5994986203217731,0.6614252421875,0.407483991277102,0.5658819551094653,0.5069728827395409,0.44099007390412,-2.0,14.328161470275589,1.635272197411675,[]
Holger Rune,2026-09-30,1713.0820002043536,1827.5225289727653,1640.3040369691712,1525.994446466346,1671.601946027146,0.6176939922240222,0.5137392750293343,0.6399413931620657,0.6443947988300138,0.638132045977906,0.622359394289707,-2.0,10.79727923649929,1.915073331903832,"[{""result"": ""W"", ""date"": ""2025-10-01""}, {""result"": ""W"", ""date"": ""2025-10-01""}, {""result"": ""W"", ""date"": ""2025-10-01""}, {""result"": ""L"", ""date"": ""2025-10-01""}, {""result"": ""L"", ""date"": ""2026-09-30""}]"
Flavio Cobolli,2026-10-01,1709.2372294828758,1744.4614031239107,1583.7465637990838,1545.481680199956,1614.5690070231146,0.6987014724349778,0.6632478505523015,0.5424008259501252,0.6282343055084724,0.5761552199811514,0.4944232487722015,-2.0,7.088119617130335,3.6523533588514994,"[{""result"": ""L"", ""date"": ""2026-08-22""}, {""result"": ""W"", ""date"": ""2026-09-01""}, {""result"": ""W"", ""date"": ""2026-09-03""}, {""result"": ""L"", ""date"": ""2026-09-04""}, {""result"": ""L"", ""date"": ""2026-10-01""}]"
Lorenzo Musetti,2026-09-03,1697.756859963465,1750.5932825149685,1640.1313311562917,1571.6015127420349,1604.1027369988487,0.691735214654141,0.6181899010828585,0.5847678884217737,0.6157048876181431,0.6090210061670415,0.5709099905254661,-1.0,6.999459992401923,5.941807943185415,"[{""result"": ""W"", ""date"": ""2026-08-17""}, {""result"": ""W"", ""date"": ""2026-08-19""}, {""result"": ""L"", ""date"": ""2026-08-20""}, {""result"": ""W"", ""date"": ""2026-09-01""}, {""result"": ""L"", ""date"": ""2026-09-03""}]"
Francisco Cerundolo,2026-10-03,1696.9523567132455,1712.9989218348462,1620.1767057534164,1523.8984128953434,1622.9805232382562,0.5653216128988655,0.5943533761412049,0.5954766944852729,0.617828182309455,0.6060617793528422,0.579410329664073,-1.0,7.4997073790401,4.807919366400197,"[{""result"": ""W"", ""date"": ""2026-09-04""}, {""result"": ""L"", ""date"": ""2026-09-06""}, {""result"": ""W"", ""date"": ""2026-10-01""}, {""result"": ""W"", ""date"": ""2026-10-02""}, {""result"": ""L"", ""date"": ""2026-10-03""}]"
Brandon Nakashima,2026-09-30,1695.1221323799573,1731.828981712254,1506.7478405898128,1544.1789947814673,1631.4248511114256,0.4975810832394613,0.589173439829001,0.5470166645282599,0.622299846055255,0.5855274165015528,0.4871033164479988,-2.0,6.167791027349519,4.447677044663818,"[{""result"": ""W"", ""date"": ""2026-08-20""}, {""result"": ""L"", ""date"": ""2026-08-22""}, {""result"": ""W"", ""date"": ""2026-09-01""}, {""result"": ""L"", ""date"": ""2026-09-03""}, {""result"": ""L"", ""date"": ""2026-09-30""}]"
Joao Fonseca,2026-08-17,1689.0940790783566,1717.5052626755294,1554.903609832005,1502.5002979597202,1627.4782707807058,0.6363377162562232,0.5169769968945311,0.5801864322481532,0.6068750094291993,0.5704822907120302,0.5241972797305066,-1.0,6.987078885227019,5.109997957349159,"[{""result"": ""W"", ""date"": ""2026-08-06""}, {""result"": ""W"", ""date"": ""2026-08-06""}, {""result"": ""L"", ""date"": ""2026-08-08""}, {""result"": ""W"", ""date"": ""2026-08-15""}, {""result"": ""L"", ""date"": ""2026-08-17""}]"
Jack Draper,2026-08-14,1687.5195111231817,1780.1002599709311,1492.7143854592225,1566.4011925087982,1648.0349599146657,0.3150281409491863,0.6201532584165624,0.4409406066321496,0.5206176687487318,0.4141284886792001,0.3002490595574047,-5.0,16.582221133271037,1.861656456567561,"[{""result"": ""L"", ""date"": ""2026-03-04""}, {""result"": ""L"", ""date"": ""2026-03-18""}, {""result"": ""L"", ""date"": ""2026-04-13""}, {""result"": ""L"", ""date"": ""2026-08-02""}, {""result"": ""L"", ""date"": ""2026-08-14""}]"
Jakub Mensik,2026-10-02,1684.8241624488226,1714.8278973344238,1574.9464045422449,1489.4017687115477,1632.417471255262,0.6702978981231298,0.4333142686616748,0.5811946204633903,0.6134442791933022,0.583987612168933,0.5376709539838093,-1.0,6.630899340920138,4.539174931884682,"[{""result"": ""W"", ""date"": ""2026-09-01""}, {""result"": ""W"", ""date"": ""2026-09-03""}, {""result"": ""L"", ""date"": ""2026-09-04""}, {""result"": ""W"", ""date"": ""2026-10-01""}, {""result"": ""L"", ""date"": ""2026-10-02""}]"
Rafael Jodar,2026-09-30,1684.3521570904402,1733.4733261617605,1592.1589299161906,1508.0009431882795,1558.6304882317013,0.7547003788114024,0.5429375,0.4760814593413226,0.6279930282225766,0.5421293635993801,0.4133200284975639,-3.0,7.049770605286176,3.528516385472289,"[{""result"": ""W"", ""date"": ""2026-08-15""}, {""result"": ""W"", ""date"": ""2026-08-17""}, {""result"": ""L"", ""date"": ""2026-08-19""}, {""result"": ""L"", ""date"": ""2026-09-01""}, {""result"": ""L"", ""date"": ""2026-09-30""}]"
Sebastian Korda,2026-03-18,1682.1501453494352,1789.9032224824,1526.6036559239428,1557.005347390151,1637.4219882523364,0.4849841098962641,0.5562243295416305,0.5621172356476271,0.5461625697282328,0.5460328135381481,0.5999150779560432,-1.0,10.06588089230889,5.188097874650903,"[{""result"": ""W"", ""date"": ""2026-03-04""}, {""result"": ""L"", ""date"": ""2026-03-04""}, {""result"": ""W"", ""date"": ""2026-03-18""}, {""result"": ""W"", ""date"": ""2026-03-18""}, {""result"": ""L"", ""date"": ""2026-03-18""}]"
Casper Ruud,2026-09-30,1677.577123461865,1846.425566815602,1762.6140791201676,1483.5299091654897,1571.2898170955727,0.7593221499968412,0.3690018906163864,0.3824942318162131,0.5569972243532575,0.4858836931573058,0.3701328281545554,-3.0,12.851172293579811,1.6148989648923806,"[{""result"": ""L"", ""date"": ""2026-06-29""}, {""result"": ""W"", ""date"": ""2026-08-06""}, {""result"": ""L"", ""date"": ""2026-08-06""}, {""result"": ""L"", ""date"": ""2026-08-15""}, {""result"": ""L"", ""date"": ""2026-09-30""}]"
Hubert Hurkacz,2026-10-04,1677.3039662767092,1807.3728164463491,1591.2571947785846,1592.946288115466,1633.393263313147,0.5278391990577618,0.6305162068337576,0.5544692365463711,0.5789159905138529,0.6008562682110009,0.6013477407651119,-1.0,7.653718960014092,5.323969192809259,"[{""result"": ""L"", ""date"": ""2026-09-03""}, {""result"": ""W"", ""date"": ""2026-10-01""}, {""result"": ""W"", ""date"": ""2026-10-02""}, {""result"": ""W"", ""date"": ""2026-10-03""}, {""result"": ""L"", ""date"": ""2026-10-04""}]"
Learner Tien,2026-10-01,1667.2743026151677,1694.3007107772864,1512.7835111061495,1501.38640487608,1634.675677656835,0.566583231640625,0.4864944453124999,0.5409074300651551,0.584425960500011,0.5512944509313066,0.4917222855461282,-2.0,7.625174394518087,3.8940622282312103,"[{""result"": ""W"", ""date"": ""2026-09-01""}, {""result"": ""W"", ""date"": ""2026-09-03""}, {""result"": ""W"", ""date"": ""2026-09-04""}, {""result"": ""L"", ""date"": ""2026-09-06""}, {""result"": ""L"", ""date"": ""2026-10-01""}]"
Karen Khachanov,2026-10-03,1664.7843288557683,1771.5692612365356,1591.7517687836705,1537.2502895873406,1650.3650054595564,0.6044430740388537,0.5882736377710678,0.6144603954289349,0.5986777254587455,0.6167906283034625,0.609439157051839,-1.0,6.622436963266991,5.640341824549015,"[{""result"": ""W"", ""date"": ""2026-09-08""}, {""result"": ""L"", ""date"": ""2026-09-10""}, {""result"": ""W"", ""date"": ""2026-10-01""}, {""result"": ""W"", ""date"": ""2026-10-02""}, {""result"": ""L"", ""date"": ""2026-10-03""}]"
Stefanos Tsitsipas,2026-10-01,1661.9666215862312,1832.4446490922735,1720.5108193960489,1523.3073662923396,1632.7029768769687,0.5494287928271132,0.4442666550965952,0.5380583405118845,0.5348893312691474,0.5334404791868542,0.5198541198056237,-1.0,8.331353937984755,4.304129120430734,"[{""result"": ""W"", ""date"": ""2026-09-03""}, {""result"": ""W"", ""date"": ""2026-09-04""}, {""result"": ""L"", ""date"": ""2026-09-06""}, {""result"": ""W"", ""date"": ""2026-09-30""}, {""result"": ""L"", ""date"": ""2026-10-01""}]"
Jordan Thompson,2026-01-19,1661.3996156598469,1676.8972065234584,1430.5168871108929,1562.8483694129468,1607.1448539579735,0.2179791533087252,0.6682054134381039,0.6144887975042246,0.6081768191793886,0.6384811394047247,0.6772568109849166,2.0,14.623369110656062,2.4086485468350283,"[{""result"": ""L"", ""date"": ""2025-09-24""}, {""result"": ""W"", ""date"": ""2025-10-01""}, {""result"": ""L"", ""date"": ""2025-10-01""}, {""result"": ""W"", ""date"": ""2026-01-19""}, {""result"": ""W"", ""date"": ""2026-01-19""}]"
Grigor Dimitrov,2026-09-01,1661.300495844052,1865.4790967630624,1580.293285878398,1570.860507868672,1649.381157445335,0.473604524632686,0.6967548013283352,0.2401600999823163,0.453374934869013,0.3604577668316732,0.3005994595046617,-3.0,17.155234120592294,2.000484467413833,"[{""result"": ""W"", ""date"": ""2026-07-01""}, {""result"": ""W"", ""date"": ""2026-07-02""}, {""result"": ""L"", ""date"": ""2026-07-04""}, {""result"": ""L"", ""date"": ""2026-08-14""}, {""result"": ""L"", ""date"": ""2026-09-01""}]"
Matteo Berrettini,2026-10-01,1657.2082491015792,1764.0700985288772,1661.7488537417948,1629.6350778420592,1588.0565239142866,0.660241254935476,0.5517839496101141,0.4837614141275408,0.5503453544234866,0.5031306845141655,0.4546079222768959,-1.0,10.275550286035768,3.346754153978548,"[{""result"": ""L"", ""date"": ""2026-08-15""}, {""result"": ""W"", ""date"": ""2026-09-01""}, {""result"": ""L"", ""date"": ""2026-09-03""}, {""result"": ""W"", ""date"": ""2026-09-30""}, {""result"": ""L"", ""date"": ""2026-10-01""}]"
Valentin Vacherot,2026-10-04,1656.8290930582136,1674.817931454842,1503.1709486697544,1500.0,1604.2714175229864,0.5046112049606498,0.5,0.6090142983121515,0.5951353959193433,0.594419230502638,0.5861449564139137,-1.0,9.963626136503496,5.050010692024163,"[{""result"": ""L"", ""date"": ""2026-09-04""}, {""result"": ""W"", ""date"": ""2026-09-30""}, {""result"": ""W"", ""date"": ""2026-10-01""}, {""result"": ""W"", ""date"": ""2026-10-03""}, {""result"": ""L"", ""date"": ""2026-10-04""}]"
Andrey Rublev,2026-10-03,1656.611904196295,1832.8449265639028,1666.1224266554764,1557.016296806279,1638.0329115238078,0.6808389380275421,0.468537648985464,0.5195156937072579,0.55015879492748,0.5147266818072634,0.4941923713087726,-1.0,8.839612988699901,4.180914115004064,"[{""result"": ""W"", ""date"": ""2026-09-01""}, {""result"": ""L"", ""date"": ""2026-09-03""}, {""result"": ""W"", ""date"": ""2026-10-01""}, {""result"": ""W"", ""date"": ""2026-10-02""}, {""result"": ""L"", ""date"": ""2026-10-03""}]"
Alex Michelsen,2026-09-30,1654.2039779175557,1664.9270617567183,1487.9394825512582,1500.675779500316,1619.8356889853255,0.4516049917838276,0.3972068802412097,0.5624999724800211,0.5622370770965647,0.5620501872949173,0.518039517330464,-2.0,7.788734478974318,4.204493650973936,"[{""result"": ""W"", ""date"": ""2026-09-03""}, {""result"": ""W"", ""date"": ""2026-09-04""}, {""result"": ""W"", ""date"": ""2026-09-06""}, {""result"": ""L"", ""date"": ""2026-09-08""}, {""result"": ""L"", ""date"": ""2026-09-30""}]"
Alexander Bublik,2026-10-01,1642.7861110447789,1693.273640292618,1477.8083346925591,1580.040602730688,1601.86512310719,0.3932833727128181,0.5376096766604127,0.4536615545209452,0.5115772420160503,0.478679898443672,0.4381870308214263,-2.0,12.293583277948256,2.302918451510775,"[{""result"": ""L"", ""date"": ""2026-07-04""}, {""result"": ""W"", ""date"": ""2026-09-01""}, {""result"": ""W"", ""date"": ""2026-09-03""}, {""result"": ""L"", ""date"": ""2026-09-04""}, {""result"": ""L"", ""date"": ""2026-10-01""}]"
Arthur Rinderknech,2026-09-04,1638.2339515512942,1689.292045599369,1500.9613217150468,1486.4849209285414,1600.4493684428064,0.4759708246703985,0.5039662790936411,0.5071551823493994,0.5272432324643899,0.5192651706320676,0.5075769211854331,-1.0,8.313868262233303,4.894041964769424,"[{""result"": ""L"", ""date"": ""2026-08-08""}, {""result"": ""L"", ""date"": ""2026-08-15""}, {""result"": ""W"", ""date"": ""2026-09-01""}, {""result"": ""W"", ""date"": ""2026-09-03""}, {""result"": ""L"", ""date"": ""2026-09-04""}]"
Alejandro Davidovich Fokina,2026-09-30,1638.2047226862176,1660.705501120156,1550.8607154163858,1521.871561330853,1588.5034332534256,0.4770006832751141,0.6114107997402173,0.4960908219003326,0.5684392689356302,0.54556391516546,0.4934359303107239,-2.0,11.30988187884065,1.7887469994839846,"[{""result"": ""W"", ""date"": ""2026-06-29""}, {""result"": ""W"", ""date"": ""2026-07-01""}, {""result"": ""W"", ""date"": ""2026-07-02""}, {""result"": ""L"", ""date"": ""2026-07-04""}, {""result"": ""L"", ""date"": ""2026-09-30""}]"
Botic van de Zandschulp,2026-10-01,1633.3411352999574,1666.2466412582387,1520.925620545852,1494.2737373917478,1597.0290113683964,0.4391784359331931,0.4444231572967688,0.5603566766602999,0.5637884748013867,0.5675550374139366,0.5178247260181993,-2.0,8.634396506405226,3.993187875760421,"[{""result"": ""W"", ""date"": ""2026-09-03""}, {""result"": ""W"", ""date"": ""2026-09-04""}, {""result"": ""W"", ""date"": ""2026-09-06""}, {""result"": ""L"", ""date"": ""2026-09-08""}, {""result"": ""L"", ""date"": ""2026-10-01""}]"
Jan-Lennard Struff,2026-10-02,1632.13053040792,1721.4872430286089,1600.8331298732985,1571.1010577134746,1489.9354971862028,0.5175085693558753,0.6895766191950724,0.3711844339343567,0.4910753711779663,0.4768884929483002,0.4519976087179558,-1.0,10.522779627870523,3.3588212423134944,"[{""result"": ""L"", ""date"": ""2026-08-15""}, {""result"": ""W"", ""date"": ""2026-09-01""}, {""result"": ""L"", ""date"": ""2026-09-03""}, {""result"": ""W"", ""date"": ""2026-10-01""}, {""result"": ""L"", ""date"": ""2026-10-02""}]"
Thiago Agustin Tirante,2026-10-01,1630.1036862251428,1668.0586182335614,1563.5781651168058,1490.3061471126873,1545.6187937330287,0.669620164882197,0.425,0.4744574990713622,0.5698703796026493,0.5272604361868931,0.4299519729244779,-3.0,10.083296489422455,2.984465258151888,"[{""result"": ""W"", ""date"": ""2026-08-17""}, {""result"": ""W"", ""date"": ""2026-08-19""}, {""result"": ""L"", ""date"": ""2026-08-20""}, {""result"": ""L"", ""date"": ""2026-09-01""}, {""result"": ""L"", ""date"": ""2026-10-01""}]"
Alejandro Tabilo,2026-10-01,1625.2467794100312,1670.0772372846675,1572.5765730455842,1504.044390987132,1544.3583802457438,0.630546271325146,0.4705010210563629,0.5005292066364178,0.5185223177202641,0.5142697620203465,0.4889999238431028,-1.0,7.90307194312348,4.131442404714522,"[{""result"": ""W"", ""date"": ""2026-09-01""}, {""result"": ""W"", ""date"": ""2026-09-03""}, {""result"": ""L"", ""date"": ""2026-09-04""}, {""result"": ""W"", ""date"": ""2026-09-30""}, {""result"": ""L"", ""date"": ""2026-10-01""}]"
Tomas Machac,2026-10-01,1619.075019374533,1708.887239565307,1588.6218227238207,1485.2886225140537,1548.2188746900288,0.6238908253932466,0.4306935078124999,0.2675097148400064,0.4610460371641048,0.406931658699879,0.3185503122756531,-4.0,15.801395441928742,1.6228615156377666,"[{""result"": ""W"", ""date"": ""5/25/2026""}, {""result"": ""L"", ""date"": ""2026-05-27""}, {""result"": ""L"", ""date"": ""2026-08-14""}, {""result"": ""L"", ""date"": ""2026-09-01""}, {""result"": ""L"", ""date"": ""2026-10-01""}]"
Ugo Humbert,2026-10-01,1615.2141098666884,1762.775956242665,1451.0440098267252,1523.3939505892947,1622.2927288747485,0.4954440432886116,0.4924818317167042,0.4061847411791532,0.47258794198848,0.421496612670032,0.363239490336664,-1.0,10.714342887062603,2.68199355268256,"[{""result"": ""L"", ""date"": ""2026-07-29""}, {""result"": ""L"", ""date"": ""2026-08-06""}, {""result"": ""L"", ""date"": ""2026-08-15""}, {""result"": ""W"", ""date"": ""2026-09-30""}, {""result"": ""L"", ""date"": ""2026-10-01""}]"
Jaume Munar,2026-10-04,1614.611759818992,1616.7165193510366,1481.6554217245553,1496.1838518505335,1535.8533818224037,0.2196874780140719,0.5423742180817536,0.6525370834026307,0.5585119109064799,0.5969655953314686,0.6058102744886658,-1.0,12.103813594232149,4.596486774218576,"[{""result"": ""L"", ""date"": ""2026-09-03""}, {""result"": ""W"", ""date"": ""2026-09-30""}, {""result"": ""W"", ""date"": ""2026-10-01""}, {""result"": ""W"", ""date"": ""2026-10-03""}, {""result"": ""L"", ""date"": ""2026-10-04""}]"
Cameron Norrie,2026-10-01,1612.418631100328,1778.244862450891,1596.9581831123378,1553.2432947015834,1598.4986463282617,0.4507812099827855,0.5053085061915376,0.4132662814003946,0.4529809137382301,0.3865906592290394,0.3096714173586131,-3.0,11.102924061913871,2.3388865252704267,"[{""result"": ""L"", ""date"": ""2026-08-08""}, {""result"": ""W"", ""date"": ""2026-08-14""}, {""result"": ""L"", ""date"": ""2026-08-15""}, {""result"": ""L"", ""date"": ""2026-09-01""}, {""result"": ""L"", ""date"": ""2026-10-01""}]"
Alexander Blockx,2026-09-30,1606.0697505054438,1629.302364680286,1570.821634320272,1492.9630336891605,1495.0391003768193,0.6726472430485874,0.425,0.4600937513863278,0.5404673215754774,0.5351500045379577,0.489469058310626,-2.0,10.672342910669183,3.658634792532918,"[{""result"": ""W"", ""date"": ""2026-09-03""}, {""result"": ""W"", ""date"": ""2026-09-04""}, {""result"": ""W"", ""date"": ""2026-09-06""}, {""result"": ""L"", ""date"": ""2026-09-08""}, {""result"": ""L"", ""date"": ""2026-09-30""}]"
Nuno Borges,2026-10-01,1605.8874256864633,1629.536886830642,1542.1974668558776,1462.9244109372669,1538.9371443718276,0.5593960886042023,0.369040566068086,0.425916297318508,0.4894356094755558,0.468927560665047,0.3978295818107239,-3.0,9.60207344831225,2.8105668191667856,"[{""result"": ""W"", ""date"": ""2026-08-15""}, {""result"": ""W"", ""date"": ""2026-08-17""}, {""result"": ""L"", ""date"": ""2026-08-19""}, {""result"": ""L"", ""date"": ""2026-09-01""}, {""result"": ""L"", ""date"": ""2026-10-01""}]"
Luciano Darderi,2026-10-01,1603.360871170326,1620.1449760668988,1578.6193456762062,1493.402091072129,1509.9866489925687,0.6180571521204459,0.4663258332587889,0.5510016368826638,0.5618353445752096,0.5693657910342963,0.5351158411579607,-1.0,8.135499940710075,4.346976805139168,"[{""result"": ""W"", ""date"": ""2026-09-03""}, {""result"": ""W"", ""date"": ""2026-09-04""}, {""result"": ""L"", ""date"": ""2026-09-06""}, {""result"": ""W"", ""date"": ""2026-09-30""}, {""result"": ""L"", ""date"": ""2026-10-01""}]"
Kei Nishikori,2026-09-30,1595.72640448188,1626.8499378445752,1524.017875722369,1489.8066910837224,1560.6335832463042,0.4877501529856524,0.4085285937499999,0.3917496919566469,0.4841600299480254,0.4092399604947663,0.334137205534229,-2.0,18.891858158912587,1.2851025958332376,"[{""result"": ""W"", ""date"": ""2026-07-28""}, {""result"": ""L"", ""date"": ""2026-07-29""}, {""result"": ""L"", ""date"": ""2026-09-30""}]"
Roman Safiullin,2026-10-02,1594.9692264941511,1641.5556908262993,1489.6695965783772,1526.304659890361,1534.685277771228,0.3195214321247582,0.5506026330124877,0.3685074720607832,0.4314655356158136,0.4290685696360417,0.4181500964381705,-1.0,17.8926269184166,2.4558580745919185,"[{""result"": ""W"", ""date"": ""2026-07-02""}, {""result"": ""L"", ""date"": ""2026-07-04""}, {""result"": ""L"", ""date"": ""2026-09-01""}, {""result"": ""W"", ""date"": ""2026-10-01""}, {""result"": ""L"", ""date"": ""2026-10-02""}]"
Alex Molcan,2026-10-02,1592.8218811644622,1622.6058164226083,1577.4760033631608,1491.7560763647475,1514.147465892319,0.4648298717775546,0.4362517707587889,0.5073361216616777,0.5049965543087258,0.486958950395827,0.4404853471920149,-1.0,20.5488613228094,2.3869187844148363,"[{""result"": ""W"", ""date"": ""2026-06-29""}, {""result"": ""L"", ""date"": ""2026-07-01""}, {""result"": ""L"", ""date"": ""2026-09-01""}, {""result"": ""W"", ""date"": ""2026-10-01""}, {""result"": ""L"", ""date"": ""2026-10-02""}]"
Terence Atmane,2026-09-01,1591.7406171481018,1608.371664302926,1495.9335741733703,1495.7881667180652,1545.2005493862655,0.3849622355015892,0.4154374999999999,0.5113065658053593,0.4696859464192963,0.4667106431941287,0.4414383621517362,-2.0,7.639634267532962,4.749880179683329,"[{""result"": ""L"", ""date"": ""2026-08-06""}, {""result"": ""W"", ""date"": ""2026-08-14""}, {""result"": ""W"", ""date"": ""2026-08-15""}, {""result"": ""L"", ""date"": ""2026-08-17""}, {""result"": ""L"", ""date"": ""2026-09-01""}]"
Alexei Popyrin,2026-09-03,1587.3544844024696,1684.0622303390217,1507.4931734853249,1433.1813221390355,1586.4019006575968,0.3856790706795135,0.2359133557386404,0.4497644947099009,0.4080724085063372,0.4132992040062683,0.4453713294485197,-1.0,12.541173983827392,3.237934598659044,"[{""result"": ""W"", ""date"": ""2026-08-02""}, {""result"": ""W"", ""date"": ""2026-08-06""}, {""result"": ""L"", ""date"": ""2026-08-06""}, {""result"": ""W"", ""date"": ""2026-09-01""}, {""result"": ""L"", ""date"": ""2026-09-03""}]"
Daniel Merida,2026-09-04,1580.191261108749,1590.311690763969,1495.0057832955113,1502.4839925932558,1553.924928247014,0.42234640625,0.4887499999999999,0.6050864575347218,0.5713535805409914,0.600521619948721,0.5928878827829726,-1.0,9.076153162655462,6.416534584861909,"[{""result"": ""W"", ""date"": ""2026-08-15""}, {""result"": ""L"", ""date"": ""2026-08-17""}, {""result"": ""W"", ""date"": ""2026-09-01""}, {""result"": ""W"", ""date"": ""2026-09-03""}, {""result"": ""L"", ""date"": ""2026-09-04""}]"
David Goffin,2025-10-20,1580.1058469433844,1612.1540309274194,1510.5283272145905,1486.6332220070226,1539.9092844596787,0.3329674596351547,0.3264903370433325,0.4930009522820561,0.5041834139902627,0.4806688886557742,0.4333446279008195,-2.0,12.886556660140856,3.234872894750473,"[{""result"": ""L"", ""date"": ""2025-09-25""}, {""result"": ""W"", ""date"": ""2025-10-01""}, {""result"": ""W"", ""date"": ""2025-10-01""}, {""result"": ""L"", ""date"": ""2025-10-01""}, {""result"": ""L"", ""date"": ""2025-10-20""}]"
Gael Monfils,2026-09-03,1577.968509764234,1688.339477424565,1448.7367438430513,1513.2963770528772,1587.9062656614324,0.2572605776086229,0.5559361642757783,0.399333983284279,0.4149357960817863,0.3666048870413678,0.3409687067229175,-1.0,17.264563070667247,3.176248401539137,"[{""result"": ""W"", ""date"": ""2026-08-02""}, {""result"": ""L"", ""date"": ""2026-08-06""}, {""result"": ""L"", ""date"": ""2026-08-14""}, {""result"": ""W"", ""date"": ""2026-09-01""}, {""result"": ""L"", ""date"": ""2026-09-03""}]"
Yannick Hanfmann,2026-09-01,1577.9400057095795,1612.2431650410756,1528.9476127605758,1484.860934841358,1510.6142356703222,0.4543257949060703,0.3899363600849913,0.438763360319199,0.4758987510935301,0.4485711554413009,0.4088213014573803,-2.0,9.870353134308516,3.6823910236581976,"[{""result"": ""W"", ""date"": ""2026-08-06""}, {""result"": ""L"", ""date"": ""2026-08-06""}, {""result"": ""W"", ""date"": ""2026-08-14""}, {""result"": ""L"", ""date"": ""2026-08-15""}, {""result"": ""L"", ""date"": ""2026-09-01""}]"
Quentin Halys,2026-10-02,1577.8233017607774,1585.3681449162011,1538.2825657264991,1501.0766645452472,1501.51939112858,0.5931330045920553,0.4635691353600231,0.4975205666033488,0.4955375984305459,0.5003192968759231,0.471154356359197,-1.0,13.82041904502622,3.112062332417395,"[{""result"": ""L"", ""date"": ""2026-08-15""}, {""result"": ""W"", ""date"": ""2026-09-01""}, {""result"": ""L"", ""date"": ""2026-09-03""}, {""result"": ""W"", ""date"": ""2026-10-01""}, {""result"": ""L"", ""date"": ""2026-10-02""}]"
Emil Ruusuvuori,2025-08-25,1576.0595794999897,1660.5561767407114,1455.0692225707253,1497.7077601947833,1587.7745431661162,0.2776110080010617,0.4652337070575319,0.376157814369378,0.4494355401528259,0.3996578188521972,0.3594622380004549,-1.0,13.981490925945996,1.477200893442761,"[{""result"": ""L"", ""date"": ""2025-08-25""}]"
Milos Raonic,2024-07-29,1576.0061575487496,1596.4906193031406,1490.410246462597,1515.1928481125535,1547.1405553870836,0.425,0.5111741667412109,0.5009990019478763,0.5048929706054995,0.4637957850998931,0.4022248542536862,-2.0,17.588865941464803,2.041451102240265,[]
Nicolas Jarry,2025-08-25,1575.143481846595,1682.2269312239127,1579.0677915667088,1521.672097836257,1513.3987408260969,0.4353097705825258,0.6162875163585742,0.2776153041760989,0.43006195844603,0.4426270574533876,0.487709274103247,-2.0,14.142689796876724,1.6283250307759154,"[{""result"": ""W"", ""date"": ""2025-06-30""}, {""result"": ""W"", ""date"": ""2025-06-30""}, {""result"": ""W"", ""date"": ""2025-06-30""}, {""result"": ""L"", ""date"": ""2025-06-30""}, {""result"": ""L"", ""date"": ""2025-08-25""}]"
Thanasi Kokkinakis,2026-08-14,1570.3984505636731,1606.1131167488895,1496.7094565790278,1494.3457506800669,1543.0071361480227,0.4309575349973005,0.4085285937499999,0.4340978930907097,0.433499077132643,0.3876102483696446,0.3062076583071738,-3.0,20.686800264389788,1.3239606250702272,"[{""result"": ""W"", ""date"": ""5/25/2026""}, {""result"": ""L"", ""date"": ""2026-05-27""}, {""result"": ""L"", ""date"": ""2026-06-29""}, {""result"": ""L"", ""date"": ""2026-08-14""}]"
Darian King,2024-09-14,1568.867011564271,1568.867011564271,1500.0,1500.0,1555.235215158166,0.5,0.5,0.7296524406551929,0.6469899587753969,0.7125681273558632,0.7471303270400003,2.0,26.455618062,2.2520549648495782,[]
Pablo Carreno Busta,2026-10-01,1567.6578108196063,1689.77106103551,1580.1508480616517,1484.5183923278205,1541.9887372439807,0.5350715322446133,0.3579125163585741,0.244704362024343,0.3994402411793978,0.3377625796765839,0.2645892193884786,-3.0,15.854264600016222,1.956407956199685,"[{""result"": ""L"", ""date"": ""2026-08-02""}, {""result"": ""W"", ""date"": ""2026-08-14""}, {""result"": ""L"", ""date"": ""2026-08-15""}, {""result"": ""L"", ""date"": ""2026-09-01""}, {""result"": ""L"", ""date"": ""2026-10-01""}]"
Tomas Martin Etcheverry,2026-09-30,1567.022800049532,1639.214868146289,1592.049586541138,1444.500623092978,1509.2081763042588,0.4981943131037042,0.2028461381006664,0.4283806984142585,0.4380511331418534,0.387154634694493,0.3602575677884649,-2.0,10.03231604898451,3.106660196716907,"[{""result"": ""W"", ""date"": ""2026-09-01""}, {""result"": ""W"", ""date"": ""2026-09-03""}, {""result"": ""W"", ""date"": ""2026-09-04""}, {""result"": ""L"", ""date"": ""2026-09-06""}, {""result"": ""L"", ""date"": ""2026-09-30""}]"
Marin Cilic,2026-08-14,1565.01558600994,1701.1099020446873,1515.8541783999306,1561.7285350590123,1551.1750054344138,0.4380458707801858,0.535231990384361,0.4316166441927019,0.4100851967907119,0.3369718505782987,0.2674720682584977,-2.0,11.765772616565002,2.9310199103755057,"[{""result"": ""L"", ""date"": ""2026-06-16""}, {""result"": ""L"", ""date"": ""2026-06-29""}, {""result"": ""W"", ""date"": ""2026-08-02""}, {""result"": ""L"", ""date"": ""2026-08-06""}, {""result"": ""L"", ""date"": ""2026-08-14""}]"
Yoshihito Nishioka,2025-10-01,1562.6046716612163,1619.4943885255077,1505.7449053045366,1469.2958585329236,1536.9519208143272,0.3941665841875476,0.3538837735941944,0.4635542809442254,0.4697474347401862,0.4422133066712916,0.4393535731825582,-1.0,13.074699265629098,4.107467452419479,"[{""result"": ""L"", ""date"": ""2025-08-25""}, {""result"": ""L"", ""date"": ""2025-09-24""}, {""result"": ""W"", ""date"": ""2025-10-01""}, {""result"": ""W"", ""date"": ""2025-10-01""}, {""result"": ""L"", ""date"": ""2025-10-01""}]"
Denis Shapovalov,2026-10-03,1561.3168886794974,1658.4241214419085,1485.9476760351895,1514.8104444259898,1574.0883740795955,0.25073824931529,0.3960520842737343,0.5339204384287608,0.4510835605569806,0.4750094520477244,0.5091886088418244,-1.0,9.43408885151733,4.401312728595975,"[{""result"": ""W"", ""date"": ""2026-09-03""}, {""result"": ""L"", ""date"": ""2026-09-04""}, {""result"": ""W"", ""date"": ""2026-09-30""}, {""result"": ""W"", ""date"": ""2026-10-01""}, {""result"": ""L"", ""date"": ""2026-10-03""}]"
Marcelo Arevalo,2024-09-14,1561.230236942545,1576.169562646941,1508.2643125109232,1500.0,1543.1799683692243,0.5429375,0.5,0.783139028515625,0.6363127548188332,0.702772106175835,0.7194693632000002,-1.0,28.79513118,2.134735798755328,[]
Roger Federer,2021-06-28,1556.9070208232874,1568.4397641577175,1510.7305731263684,1527.9602092962043,1500.7106255260965,0.5498464062499999,0.6231556589843749,0.4887499999999999,0.5878623965956966,0.6288329851202602,0.6396069629132802,-1.0,9.117302449338,7.960064132897648,[]
Arthur Fery,2026-09-30,1555.9127638891669,1584.1021686009155,1500.0,1533.349567565117,1484.6006766258724,0.5,0.6570059150984005,0.3189630910156249,0.4966360290548768,0.4606415475149363,0.3738197822106555,-3.0,17.16081390962169,2.087080206188039,"[{""result"": ""L"", ""date"": ""2026-07-08""}, {""result"": ""W"", ""date"": ""2026-08-15""}, {""result"": ""L"", ""date"": ""2026-08-17""}, {""result"": ""L"", ""date"": ""2026-09-01""}, {""result"": ""L"", ""date"": ""2026-09-30""}]"
Zizou Bergs,2026-09-30,1555.1750826089324,1607.9762367439737,1475.0671449184542,1483.22335011981,1522.2392293880498,0.2896572377712856,0.399770036383789,0.388809499314511,0.4140780283430773,0.3857579258824935,0.3628414231712181,-2.0,10.306824646238615,2.8789920549668158,"[{""result"": ""L"", ""date"": ""2026-08-15""}, {""result"": ""W"", ""date"": ""2026-09-01""}, {""result"": ""W"", ""date"": ""2026-09-03""}, {""result"": ""L"", ""date"": ""2026-09-04""}, {""result"": ""L"", ""date"": ""2026-09-30""}]"
Matteo Arnaldi,2026-10-01,1555.0040633477315,1656.7051190159916,1580.2456487642414,1466.221413962757,1498.9676116124513,0.6644470682657697,0.2668756953125,0.2639941850120229,0.409150838628492,0.3850687485120676,0.3502488084368556,-1.0,12.723731696215063,2.990833276538635,"[{""result"": ""L"", ""date"": ""2026-08-06""}, {""result"": ""L"", ""date"": ""2026-08-15""}, {""result"": ""L"", ""date"": ""2026-09-01""}, {""result"": ""W"", ""date"": ""2026-09-30""}, {""result"": ""L"", ""date"": ""2026-10-01""}]"
Michael Mmoh,2024-04-01,1553.6259517986468,1566.3851640283883,1485.875101476411,1501.1863883679498,1532.8991582322913,0.4202068257617187,0.4887499999999999,0.4706522807545865,0.5253117175829994,0.5299852828366001,0.5046990165916949,-1.0,11.188361837765736,3.957128199398949,[]
Jenson Brooksby,2026-09-01,1552.5719160249969,1663.4313415304105,1458.9842311473826,1526.7372606075237,1561.4832196777957,0.2215654263891112,0.5390381740420919,0.3093182370501257,0.3985175217969165,0.3372652236437929,0.2808720475634601,-3.0,11.995185065439133,2.784673498749763,"[{""result"": ""L"", ""date"": ""2026-07-02""}, {""result"": ""W"", ""date"": ""2026-08-02""}, {""result"": ""L"", ""date"": ""2026-08-06""}, {""result"": ""L"", ""date"": ""2026-08-14""}, {""result"": ""L"", ""date"": ""2026-09-01""}]"
Benjamin Bonzi,2026-09-04,1552.0311000457125,1577.1667159662866,1455.3699008602523,1500.6684193157228,1527.3904417855233,0.2687909118731257,0.3782994659101211,0.4858692431852769,0.441072291215667,0.4275800683341909,0.4158351261382496,-1.0,19.55938167285828,3.307918567925277,"[{""result"": ""L"", ""date"": ""2026-06-29""}, {""result"": ""L"", ""date"": ""2026-08-02""}, {""result"": ""W"", ""date"": ""2026-09-01""}, {""result"": ""W"", ""date"": ""2026-09-03""}, {""result"": ""L"", ""date"": ""2026-09-04""}]"
Borna Gojo,2024-09-13,1550.3951212980962,1572.27292903402,1490.5418655584206,1481.3740244552,1545.9191321363353,0.4154374999999999,0.3612499999999999,0.4983422328378345,0.4984389969070962,0.4877723320974774,0.4736814761269178,1.0,20.508032178172577,1.264664690156844,[]
Adolfo Daniel Vallejo,2026-10-03,1550.2551639307642,1556.9321827834756,1505.88411948077,1491.0,1529.5467883620345,0.5208114398632813,0.425,0.5330565470874511,0.5073730321446069,0.4971797361641055,0.482739133994343,-1.0,15.598362300615277,3.8467280471504655,"[{""result"": ""L"", ""date"": ""2026-08-17""}, {""result"": ""L"", ""date"": ""2026-09-01""}, {""result"": ""W"", ""date"": ""2026-09-30""}, {""result"": ""W"", ""date"": ""2026-10-01""}, {""result"": ""L"", ""date"": ""2026-10-03""}]"
Lorenzo Sonego,2026-09-01,1547.097180249631,1615.784086536976,1495.1897655600796,1530.730439510209,1510.2982025101348,0.3762958375519142,0.5527375421107454,0.3437203407295894,0.3910021980545359,0.3534451937649867,0.3089090259239462,-2.0,12.882313077763769,2.9033115715307383,"[{""result"": ""L"", ""date"": ""2026-07-02""}, {""result"": ""L"", ""date"": ""2026-08-02""}, {""result"": ""W"", ""date"": ""2026-08-14""}, {""result"": ""L"", ""date"": ""2026-08-15""}, {""result"": ""L"", ""date"": ""2026-09-01""}]"
Hamad Medjedovic,2026-09-01,1546.4428053238707,1617.0470456271662,1530.5277193849267,1476.220818169875,1517.1553794943886,0.6234449641200485,0.335219341015625,0.26849647562268,0.4278674147440885,0.3467567356910582,0.2344447264646085,-5.0,13.972799297270925,2.259659616227133,"[{""result"": ""L"", ""date"": ""2026-06-17""}, {""result"": ""L"", ""date"": ""2026-06-29""}, {""result"": ""L"", ""date"": ""2026-08-02""}, {""result"": ""L"", ""date"": ""2026-08-14""}, {""result"": ""L"", ""date"": ""2026-09-01""}]"
Nam Hoang Ly,2024-02-02,1545.2071576258195,1545.2071576258195,1500.0,1500.0,1534.6517438549004,0.5,0.5,0.738996875,0.60962552,0.7001523199999999,0.7952000000000001,4.0,19.98,2.234638332188501,[]
Dominik Koepfer,2024-10-14,1544.7005358491344,1572.6627117111566,1493.839762840805,1463.2596324431308,1525.3062808006966,0.4491034934505081,0.3443451993764619,0.3984467932105731,0.4101991987131066,0.3596380464494335,0.2956141493761323,-3.0,13.042241058271136,1.4967119400491815,[]
Mikael Ymer,2023-07-03,1542.703404521592,1599.1224589183155,1484.8371865690176,1495.946589559136,1532.3591220303797,0.3352046879318327,0.5010285096537956,0.3543005447237189,0.4655649475674082,0.462265272112251,0.4829991203650199,-1.0,6.445868674331136,7.279987725972228,[]
Christopher O'Connell,2026-08-19,1542.2623063059525,1546.2541286343626,1500.0,1491.692215679279,1525.6903960295135,0.5,0.425,0.5511687994429036,0.5063752193645553,0.5345902134200475,0.5555612332746345,-1.0,16.271130777054346,4.343582133110118,"[{""result"": ""L"", ""date"": ""2026-08-02""}, {""result"": ""W"", ""date"": ""2026-08-14""}, {""result"": ""W"", ""date"": ""2026-08-15""}, {""result"": ""W"", ""date"": ""2026-08-17""}, {""result"": ""L"", ""date"": ""2026-08-19""}]"
Mariano Navone,2026-10-01,1542.0285439790684,1595.367458588894,1546.861409506355,1469.038345613376,1471.1075454535064,0.4845303031321139,0.3160747578124999,0.4133829051659317,0.4244009506718661,0.453255324997021,0.4335123849856271,-2.0,12.074639675916137,2.931162943511733,"[{""result"": ""L"", ""date"": ""2026-08-15""}, {""result"": ""W"", ""date"": ""2026-09-01""}, {""result"": ""W"", ""date"": ""2026-09-03""}, {""result"": ""L"", ""date"": ""2026-09-04""}, {""result"": ""L"", ""date"": ""2026-10-01""}]"
Yibing Wu,2026-09-04,1540.4878161056563,1588.4078838707292,1481.5333074370008,1472.893073070953,1546.9000182070763,0.3751734248194164,0.2551305546874999,0.524536375664,0.445670961985621,0.4596074091439491,0.4719487889679112,-1.0,21.19318744611385,3.040528118730484,"[{""result"": ""L"", ""date"": ""2026-05-27""}, {""result"": ""L"", ""date"": ""2026-06-29""}, {""result"": ""W"", ""date"": ""2026-09-01""}, {""result"": ""W"", ""date"": ""2026-09-03""}, {""result"": ""L"", ""date"": ""2026-09-04""}]"
Ignacio Buse,2026-10-01,1538.7112590008885,1596.6559997092627,1553.632636716486,1501.5915389681577,1456.008032093824,0.6789677038031802,0.4806218749999999,0.2415547441128417,0.4626342000374758,0.3918304584235295,0.3026291132765568,-2.0,13.329088999641217,2.2192935291443807,"[{""result"": ""L"", ""date"": ""2026-08-06""}, {""result"": ""L"", ""date"": ""2026-08-15""}, {""result"": ""W"", ""date"": ""2026-09-01""}, {""result"": ""L"", ""date"": ""2026-09-03""}, {""result"": ""L"", ""date"": ""2026-10-01""}]"
Jerome Kym,2025-08-25,1538.310444920012,1538.310444920012,1500.0,1500.0,1526.660124784442,0.5,0.5,0.6109314921875,0.5522140694719998,0.5930933166079999,0.6385280000000002,-1.0,23.376600000000003,3.151059281357904,"[{""result"": ""W"", ""date"": ""2025-08-25""}, {""result"": ""W"", ""date"": ""2025-08-25""}, {""result"": ""L"", ""date"": ""2025-08-25""}]"
Rinky Hijikata,2026-09-01,1538.1827740444546,1555.7291073538067,1453.6241160179002,1497.7460679912103,1522.0123923608037,0.1843318257617187,0.4168117701899332,0.4486027009108501,0.4200665638712955,0.3976429502891148,0.3579142800557843,-2.0,13.248345865007732,3.365826844377266,"[{""result"": ""L"", ""date"": ""2026-08-02""}, {""result"": ""W"", ""date"": ""2026-08-14""}, {""result"": ""W"", ""date"": ""2026-08-15""}, {""result"": ""L"", ""date"": ""2026-08-17""}, {""result"": ""L"", ""date"": ""2026-09-01""}]"
Alex Knaff,2024-09-14,1537.385839696675,1537.385839696675,1499.794345860593,1500.0,1533.5798004018943,0.4806218749999999,0.5,0.738996875,0.5953545931294593,0.6552912943972352,0.7061939200000003,2.0,22.882878,2.265395417618244,[]
Tallon Griekspoor,2026-10-01,1536.9107582465938,1684.517940257936,1480.9060390828638,1515.6612340779743,1561.7845578450324,0.3071978880674374,0.3211630698751759,0.3955901925937711,0.357478213898816,0.3261752197105521,0.28933142743639,-3.0,13.26312203566578,2.059701705538356,"[{""result"": ""W"", ""date"": ""2026-08-06""}, {""result"": ""W"", ""date"": ""2026-08-06""}, {""result"": ""L"", ""date"": ""2026-08-08""}, {""result"": ""L"", ""date"": ""2026-09-01""}, {""result"": ""L"", ""date"": ""2026-10-01""}]"
Dusan Lajovic,2026-06-29,1536.589779708902,1611.4987130691684,1542.0982390549304,1453.6294853093073,1466.645792792749,0.4954304587553302,0.2058665778012207,0.3051549266746719,0.397528386108921,0.3584798684659599,0.3464173328884724,-2.0,25.1621344367697,1.2642367770908616,"[{""result"": ""W"", ""date"": ""2026-02-16""}, {""result"": ""L"", ""date"": ""2026-02-16""}, {""result"": ""W"", ""date"": ""4/22/2026""}, {""result"": ""L"", ""date"": ""4/22/2026""}, {""result"": ""L"", ""date"": ""2026-06-29""}]"
Kamil Majchrzak,2026-09-03,1536.0263131990964,1581.57512968233,1467.3843133141647,1503.5968825808825,1531.103860994407,0.2863823523500537,0.4976552284878416,0.3940697919343274,0.4047919467708412,0.348322899260363,0.3157220109550236,-1.0,12.668981102190005,3.59880374542458,"[{""result"": ""L"", ""date"": ""2026-07-29""}, {""result"": ""L"", ""date"": ""2026-08-02""}, {""result"": ""L"", ""date"": ""2026-08-14""}, {""result"": ""W"", ""date"": ""2026-09-01""}, {""result"": ""L"", ""date"": ""2026-09-03""}]"
Jaime Faria,2026-10-01,1535.842596155665,1546.0462360315264,1504.4646025634709,1499.138936904123,1507.7485822908163,0.4965402075166015,0.4887499999999999,0.47696091416886,0.4904505719723409,0.5031920721281596,0.486679888351984,-1.0,14.091926655436078,3.701637222113411,"[{""result"": ""L"", ""date"": ""2026-08-19""}, {""result"": ""W"", ""date"": ""2026-09-01""}, {""result"": ""L"", ""date"": ""2026-09-03""}, {""result"": ""W"", ""date"": ""2026-09-30""}, {""result"": ""L"", ""date"": ""2026-10-01""}]"
Elmer Moller,2026-04-22,1535.642262942674,1535.642262942674,1521.8789533225754,1491.9387419712516,1504.9339305435426,0.6306218749999999,0.425,0.5027506953124999,0.528263875617238,0.5542152272580712,0.5897010585600001,-1.0,32.03673946200001,3.1353071998681874,"[{""result"": ""L"", ""date"": ""2025-06-30""}, {""result"": ""L"", ""date"": ""2025-08-25""}, {""result"": ""W"", ""date"": ""4/22/2026""}, {""result"": ""W"", ""date"": ""4/22/2026""}, {""result"": ""L"", ""date"": ""4/22/2026""}]"
Roberto Bautista Agut,2026-06-29,1534.0062900512755,1685.0614145227182,1491.4485390605014,1547.5426623645449,1538.9480422806816,0.3090076447682522,0.4509561355345808,0.3981994011491137,0.3667564238521987,0.2788836509296171,0.223172085553485,-3.0,16.190445917529544,1.8621874558125229,"[{""result"": ""L"", ""date"": ""4/22/2026""}, {""result"": ""W"", ""date"": ""2026-05-11""}, {""result"": ""L"", ""date"": ""2026-05-11""}, {""result"": ""L"", ""date"": ""5/25/2026""}, {""result"": ""L"", ""date"": ""2026-06-29""}]"
Dominic Stricker,2024-10-21,1533.8234566138285,1592.4566464658533,1482.834325831754,1498.2044168901589,1526.602837254643,0.3489841197437012,0.4275801906054686,0.4390378615832976,0.428988933345686,0.409019092635635,0.4165630617272209,-1.0,12.275798107405338,4.742675767334485,[]
Timofey Skatov,2024-10-14,1533.7390384988723,1559.3025269878187,1537.5701671893385,1500.0,1478.0431657900392,0.6571823101367187,0.5,0.2764505757617187,0.4932145140821959,0.4669726535662545,0.4039931689172994,-3.0,30.10949451410638,1.3000368715290704,[]
Altug Celikbilek,2024-02-02,1533.6127741512998,1533.6127741512998,1491.0,1491.0,1543.0899106967436,0.425,0.425,0.7251242729705248,0.5751247975561664,0.62966999637574,0.6850143625216001,2.0,32.97677790210001,1.15241624019072,[]
Ricardas Berankis,2024-02-03,1533.4022500788155,1533.4022500788155,1456.3978019762412,1491.7093815053715,1546.8350267544313,0.2037108100373499,0.4390832316406249,0.7293304001201891,0.5303965444594622,0.5721525105760223,0.614120437104862,2.0,26.47380024698363,2.1332737515313505,[]
Blaise Bicknell,2024-02-03,1532.989444573244,1532.989444573244,1490.539864680946,1500.0,1535.2534578589878,0.4154374999999999,0.5,0.738996875,0.5787109615596799,0.63940637179904,0.7016064,2.0,24.82542,2.148076251523993,[]
Michael Zheng,2026-09-04,1532.1625982043886,1545.351621070365,1491.615091551224,1511.1520465095775,1513.6027087847017,0.425,0.5429375,0.5200425153012206,0.510065817363974,0.5243412322448842,0.5315881055027202,-1.0,13.387164492547004,4.982080415252401,"[{""result"": ""W"", ""date"": ""2026-08-15""}, {""result"": ""L"", ""date"": ""2026-08-17""}, {""result"": ""W"", ""date"": ""2026-09-01""}, {""result"": ""W"", ""date"": ""2026-09-03""}, {""result"": ""L"", ""date"": ""2026-09-04""}]"
Mohamed Safwat,2024-09-13,1530.9239477327123,1543.0371360794122,1532.652119762236,1500.0,1492.47045391584,0.6614252421875,0.5,0.46397140625,0.5691075613223431,0.6049831330046549,0.6176106905600002,-1.0,30.344813136000003,2.1347384061922083,[]
Reilly Opelka,2026-05-25,1529.9647764214997,1647.183663706201,1496.6714551847822,1489.4878610845142,1543.9408713492896,0.2733863648732238,0.5061829261852735,0.5520157555676164,0.4041433677162246,0.3609295289074757,0.3047282898208607,-4.0,15.44197429875015,1.929789574895396,"[{""result"": ""W"", ""date"": ""2026-03-18""}, {""result"": ""L"", ""date"": ""2026-03-18""}, {""result"": ""L"", ""date"": ""2026-04-13""}, {""result"": ""L"", ""date"": ""4/22/2026""}, {""result"": ""L"", ""date"": ""5/25/2026""}]"
Christopher Oconnell,2024-11-04,1528.1595811460109,1570.868576447818,1453.508468937067,1488.3343046224884,1512.9298916157666,0.1642949783274256,0.4035899427562987,0.4217812157704412,0.4117341163861057,0.4054170112018928,0.4055039236379238,-1.0,7.119619137191922,5.8862257166897045,[]
Gabriel Diallo,2026-08-06,1528.0592052097172,1576.226601007171,1466.3586645850944,1482.4985496614088,1537.7602608876855,0.2610031249999999,0.3799072941406249,0.4726270689969985,0.3935473702966338,0.3635870645214294,0.3490783719276749,-1.0,13.6237884851839,2.733932518334454,"[{""result"": ""L"", ""date"": ""2026-06-16""}, {""result"": ""W"", ""date"": ""2026-06-29""}, {""result"": ""L"", ""date"": ""2026-07-01""}, {""result"": ""W"", ""date"": ""2026-08-02""}, {""result"": ""L"", ""date"": ""2026-08-06""}]"
Andrea Pellegrino,2026-05-25,1527.532820614441,1534.951983569211,1509.016149440204,1500.0,1500.0,0.5165685078125,0.5,0.5,0.5041859305279999,0.512506683392,0.521472,-2.0,17.146400000000003,3.497280310058616,"[{""result"": ""W"", ""date"": ""2026-05-11""}, {""result"": ""W"", ""date"": ""2026-05-11""}, {""result"": ""W"", ""date"": ""2026-05-11""}, {""result"": ""L"", ""date"": ""2026-05-11""}, {""result"": ""L"", ""date"": ""5/25/2026""}]"
John Isner,2023-08-28,1527.1091650373191,1659.4122675329882,1529.258928027774,1518.9969462780184,1507.7263373373578,0.4160868454278032,0.5680473217476124,0.3375590486053941,0.4279229004622609,0.3827357664498115,0.3605724190064689,-1.0,9.95805016317252,4.71151923433072,[]
Tim Van Rijthoven,2024-06-10,1526.7283046772045,1608.3415370901712,1500.0,1539.6344331511586,1477.9660203622004,0.5,0.5304533781551928,0.3763008018974609,0.4651078199822391,0.3797586080220501,0.2997184148129658,-2.0,21.484818009140163,1.2631751843983838,[]
Dino Prizmic,2026-09-03,1525.443208381919,1534.6924681299242,1523.014089218763,1500.3524508042997,1465.3613416724118,0.6010685377604312,0.4887499999999999,0.2957848449339815,0.4539540749553388,0.462528290275441,0.4378331993321591,-1.0,16.65696373544719,2.768190285098049,"[{""result"": ""W"", ""date"": ""2026-06-29""}, {""result"": ""L"", ""date"": ""2026-07-01""}, {""result"": ""L"", ""date"": ""2026-08-14""}, {""result"": ""W"", ""date"": ""2026-09-01""}, {""result"": ""L"", ""date"": ""2026-09-03""}]"
Bu Yunchaokete,2025-10-01,1525.097777976793,1579.3634850214728,1490.759607200046,1491.4827748285447,1521.3827989416652,0.425,0.425,0.3986948819037983,0.4365562925311598,0.3795614250498548,0.3420261288575381,-1.0,15.755302663129882,3.227798771255099,"[{""result"": ""L"", ""date"": ""2025-07-27""}, {""result"": ""L"", ""date"": ""2025-08-25""}, {""result"": ""L"", ""date"": ""2025-09-25""}, {""result"": ""W"", ""date"": ""2025-10-01""}, {""result"": ""L"", ""date"": ""2025-10-01""}]"
Thiago Seyboth Wild,2024-10-21,1524.7371397740249,1538.3995316567098,1483.243849929092,1501.2082888834946,1494.8280268830783,0.3817928432630645,0.4806218749999999,0.3781369240849691,0.4257662011340094,0.388130388914612,0.3348748410195233,-2.0,7.889078614731576,4.313836839479045,[]
Oliver Ojakaar,2024-03-15,1523.9563645602843,1523.9563645602843,1517.9936981996316,1500.0,1500.0,0.6387499999999999,0.5,0.5,0.5582,0.6128,0.6800000000000002,2.0,18.0,2.0,[]
Olaf Pieczkowski,2022-09-16,1523.585699413623,1523.585699413623,1500.0,1500.0,1517.7669153919285,0.5,0.5,0.6387499999999999,0.5582,0.6128,0.6800000000000002,2.0,18.0,2.0,[]
Juncheng Shang,2026-10-02,1523.4080558056526,1643.3336875142109,1467.8036056363744,1509.6732848716483,1501.6046108305927,0.2969497578124999,0.5197723437499999,0.3463233575808834,0.3801903371520125,0.3490090841120199,0.3441070289468668,-1.0,14.743280249869484,2.965953872773274,"[{""result"": ""L"", ""date"": ""2026-08-06""}, {""result"": ""L"", ""date"": ""2026-08-14""}, {""result"": ""L"", ""date"": ""2026-09-01""}, {""result"": ""W"", ""date"": ""2026-10-01""}, {""result"": ""L"", ""date"": ""2026-10-02""}]"
Cezar Cretu,2024-09-13,1522.7938831182878,1522.7938831182878,1500.0,1500.0,1517.0130614832694,0.5,0.5,0.6387499999999999,0.5582,0.6128,0.6800000000000002,2.0,18.0,2.0,[]
Zsombor Piros,2026-09-01,1522.4534757053411,1551.873088940016,1518.6786916732972,1500.0,1498.7449060039005,0.6306218749999999,0.5,0.4272850572437012,0.5252171774270564,0.509005987848044,0.4613902617804801,-2.0,38.0254857808461,1.1466983810699676,"[{""result"": ""L"", ""date"": ""2025-08-25""}, {""result"": ""L"", ""date"": ""2026-09-01""}]"
Aleksandre Bakshi,2024-09-14,1522.293363479521,1522.293363479521,1500.0,1500.0,1516.785905170894,0.5,0.5,0.646878125,0.55979048,0.61837568,0.6928000000000001,3.0,24.840000000000003,2.131082952827301,[]
Franco Agamenone,2022-07-25,1521.885535699717,1526.7297031910896,1513.6150259073513,1500.0,1500.0,0.5498464062499999,0.5,0.5,0.5262030512,0.5441705984,0.5542400000000001,-1.0,17.496000000000002,4.1173191660942505,[]
Daniel Altmaier,2026-09-01,1521.693865401671,1543.6105951590512,1456.3831735103706,1472.867654923876,1462.5236607017907,0.3748435432937403,0.3979100499978023,0.3334923831248237,0.4073345481592064,0.402922803452901,0.3577098784130185,-2.0,9.733600332286638,3.344700913542844,"[{""result"": ""W"", ""date"": ""2026-08-02""}, {""result"": ""L"", ""date"": ""2026-08-06""}, {""result"": ""W"", ""date"": ""2026-08-14""}, {""result"": ""L"", ""date"": ""2026-08-15""}, {""result"": ""L"", ""date"": ""2026-09-01""}]"
Thomas Yaka Kofi Setodji,2024-09-14,1521.21901564297,1521.21901564297,1500.0,1500.0,1516.4297899336923,0.5,0.5,0.6306218749999999,0.55660952,0.60722432,0.6672,2.0,19.98,2.234638332188501,[]
Matteo Bellucci,2025-10-01,1521.1466546377276,1530.1134087226508,1500.0,1510.624855213468,1500.829352596792,0.5,0.5845625,0.4887499999999999,0.5262030512,0.5441705984,0.5542400000000001,-1.0,18.522,2.3519574982827525,"[{""result"": ""W"", ""date"": ""2025-06-30""}, {""result"": ""W"", ""date"": ""2025-06-30""}, {""result"": ""L"", ""date"": ""2025-06-30""}, {""result"": ""W"", ""date"": ""2025-10-01""}, {""result"": ""L"", ""date"": ""2025-10-01""}]"
Genaro Alberto Olivieri,2023-05-29,1520.4513747552603,1524.277346522833,1511.9215599616855,1500.0,1500.0,0.5429375,0.5,0.5,0.524708,0.539264,0.5440000000000002,-1.0,16.2,3.0,[]
Matheus Pucinelli De Almeida,2023-02-03,1519.8029384169456,1521.188743913566,1507.1838918256906,1500.0,1509.0,0.5429375,0.5,0.575,0.5532255199999999,0.59455232,0.6352000000000002,1.0,25.44,1.248402118921552,[]
Sebastian Ofner,2026-07-01,1519.1578453895847,1578.183630913507,1473.0132920357207,1501.6573827862962,1502.8219261225609,0.3365066247017091,0.5258874391071507,0.2755186750661955,0.3829816292257185,0.3700187474573644,0.368680711711782,-1.0,16.44171621999899,2.7547963922933016,"[{""result"": ""W"", ""date"": ""2026-05-11""}, {""result"": ""L"", ""date"": ""2026-05-11""}, {""result"": ""L"", ""date"": ""5/25/2026""}, {""result"": ""W"", ""date"": ""2026-06-29""}, {""result"": ""L"", ""date"": ""2026-07-01""}]"
Cristian Garin,2026-05-25,1519.1203446476609,1610.9775208196008,1521.6703271684282,1518.5329304526676,1470.301183778161,0.3711060680513535,0.5154741338851094,0.3701630678383031,0.3983124148060035,0.3505123592231706,0.3247001284825188,-2.0,18.584548395440503,2.900422504649673,"[{""result"": ""L"", ""date"": ""2026-04-05""}, {""result"": ""L"", ""date"": ""4/22/2026""}, {""result"": ""W"", ""date"": ""2026-05-11""}, {""result"": ""L"", ""date"": ""2026-05-11""}, {""result"": ""L"", ""date"": ""5/25/2026""}]"
Miomir Kecmanovic,2026-09-01,1518.7803210819873,1623.8414527149612,1516.0572398327708,1483.6871604149203,1499.6717289942453,0.4138887713617168,0.4132153891430177,0.3641705714621903,0.3623763241048449,0.3253765101752274,0.2908716017523453,-2.0,11.294136376873556,3.1030526596243977,"[{""result"": ""W"", ""date"": ""2026-08-02""}, {""result"": ""L"", ""date"": ""2026-08-06""}, {""result"": ""W"", ""date"": ""2026-08-14""}, {""result"": ""L"", ""date"": ""2026-08-15""}, {""result"": ""L"", ""date"": ""2026-09-01""}]"
Arthur Gea,2026-10-02,1518.7349715114935,1526.0838976071443,1483.2986535664772,1500.0,1522.2358778756843,0.3612499999999999,0.5,0.5572931742382812,0.5029959123039145,0.5050745441973646,0.4970975232000001,-1.0,17.302403980000005,3.488136811246193,"[{""result"": ""W"", ""date"": ""2026-09-03""}, {""result"": ""W"", ""date"": ""2026-09-04""}, {""result"": ""L"", ""date"": ""2026-09-06""}, {""result"": ""W"", ""date"": ""2026-10-01""}, {""result"": ""L"", ""date"": ""2026-10-02""}]"
Fabian Marozsan,2026-09-01,1518.3167678859395,1630.1158364200976,1488.8359121541623,1474.6215170771488,1521.0679874789182,0.3280317321201434,0.4037831080105665,0.2817006972402764,0.3617944302653191,0.3155015774050232,0.259218302903635,-3.0,11.588614409750177,2.701374807742462,"[{""result"": ""L"", ""date"": ""2026-07-01""}, {""result"": ""W"", ""date"": ""2026-08-02""}, {""result"": ""L"", ""date"": ""2026-08-06""}, {""result"": ""L"", ""date"": ""2026-08-14""}, {""result"": ""L"", ""date"": ""2026-09-01""}]"
Antoine Bellier,2023-02-06,1518.2814139974805,1539.6952993060595,1500.0,1518.0176830008031,1492.542293031372,0.5,0.588996875,0.4154374999999999,0.50952616290368,0.4882855618150399,0.4327424000000001,-2.0,21.488820000000004,1.289693479120703,[]
Moise Kouame,2026-05-28,1517.094895339018,1526.215693247836,1501.1563596055407,1500.0,1502.0904497186373,0.4968781249999999,0.5,0.4887499999999999,0.4983851318719998,0.4940578734080001,0.4846080000000001,-1.0,17.451999999999998,3.1723643047820373,"[{""result"": ""L"", ""date"": ""2026-03-18""}, {""result"": ""L"", ""date"": ""2026-04-05""}, {""result"": ""W"", ""date"": ""5/25/2026""}, {""result"": ""W"", ""date"": ""2026-05-27""}, {""result"": ""L"", ""date"": ""2026-05-28""}]"
Arthur Cazaux,2026-03-18,1516.5766780084452,1524.1208506892965,1465.678526814186,1496.1755114003488,1517.795102731888,0.2551305546874999,0.46397140625,0.4704793782438353,0.4367916437318928,0.4614996895081726,0.4838164919601024,-1.0,18.3376724062234,2.4126672803213864,"[{""result"": ""L"", ""date"": ""2025-10-01""}, {""result"": ""W"", ""date"": ""2025-10-27""}, {""result"": ""L"", ""date"": ""2025-10-27""}, {""result"": ""W"", ""date"": ""2026-03-18""}, {""result"": ""L"", ""date"": ""2026-03-18""}]"
August Holmgren,2025-10-01,1516.0035508127262,1523.801360907348,1500.2383617526114,1511.6330939666072,1493.330855799603,0.51125,0.5845625,0.4109167683593749,0.5009501356317728,0.5044846713145617,0.5084704440320001,-2.0,29.6154630708,1.3691687201024745,"[{""result"": ""W"", ""date"": ""2025-06-30""}, {""result"": ""W"", ""date"": ""2025-06-30""}, {""result"": ""L"", ""date"": ""2025-06-30""}, {""result"": ""L"", ""date"": ""2025-10-01""}]"
Lukas Pokorny,2024-02-02,1514.604799975685,1514.604799975685,1510.8450434769734,1500.0,1500.0,0.575,0.5,0.5,0.53,0.56,0.6000000000000001,1.0,20.0,1.0,[]
Demetris Azoides,2024-09-14,1514.0950834172938,1514.0950834172938,1500.0,1500.0,1508.298040066912,0.5,0.5,0.575,0.53,0.56,0.6000000000000001,1.0,20.0,1.0,[]
Roberto Carballes Baena,2026-02-16,1513.9826198117532,1575.952364469058,1534.2937211637563,1459.0343897704963,1450.8424341367156,0.5141178090666204,0.2778819886852735,0.1773474176993785,0.3216986546372118,0.2003825987468354,0.0992444636460647,-5.0,18.296450433703257,1.24547062693676,"[{""result"": ""L"", ""date"": ""2025-06-30""}, {""result"": ""L"", ""date"": ""2025-07-27""}, {""result"": ""L"", ""date"": ""2025-08-07""}, {""result"": ""L"", ""date"": ""2025-08-25""}, {""result"": ""L"", ""date"": ""2026-02-16""}]"
Guy Den Ouden,2026-02-09,1513.7815129023377,1513.7815129023377,1500.0,1500.0,1508.589063950574,0.5,0.5,0.575,0.53,0.56,0.6000000000000001,1.0,20.0,1.0,"[{""result"": ""W"", ""date"": ""2026-02-09""}]"
Fitriadi M Rifqi,2024-02-03,1513.559099669707,1513.559099669707,1500.0,1500.0,1509.8907205682997,0.5,0.5,0.5914714062499999,0.5331870511999999,0.5712425984,0.6262400000000001,2.0,22.896,2.248402118921552,[]
Aziz Dougaz,2024-09-13,1513.4815320028656,1535.1564364034652,1500.520228484131,1500.0,1511.4326702607923,0.4806218749999999,0.5,0.54227234375,0.5096074199416916,0.4935415358695669,0.4574351360000002,-1.0,33.8305302,2.1334816356459063,[]
Henrique Rocha,2024-09-13,1513.4684068368467,1513.4684068368467,1483.2744189758794,1500.0,1521.9549971742904,0.3885031249999999,0.5,0.6387499999999999,0.5047958281279998,0.517093486592,0.5409920000000001,1.0,30.9075,1.250271916822163,[]
Andy Murray,2024-06-17,1512.921606090867,1651.5734693207278,1468.114823410507,1520.7784143218669,1529.616014342808,0.2409042531054687,0.4320836163887908,0.4545398645841062,0.3681609836612125,0.3369055316967497,0.3147772792914925,-1.0,10.706799815458686,3.89926871593397,[]
Ergi Kirkin,2023-02-03,1512.800030441454,1512.800030441454,1500.0,1500.0,1509.2270467661078,0.5,0.5,0.5845625,0.531692,0.566336,0.6160000000000001,2.0,27.6,1.1310829528273012,[]
Matej Dodig,2024-09-13,1512.786127574181,1512.786127574181,1501.9863083077837,1500.0,1508.8096069438573,0.4887499999999999,0.5,0.575,0.528308,0.553664,0.5840000000000001,1.0,21.5,1.3012815822592574,[]
Alibek Kachmazov,2024-09-18,1512.7418915760045,1517.938643720051,1500.0,1500.0,1502.760035642124,0.5,0.5,0.5307948093945312,0.5080697506145406,0.5234497324187649,0.5398220800000001,-1.0,17.423829,4.344284543523109,[]
Jack Loutit,2024-09-14,1512.6185769238427,1512.6185769238427,1500.0,1500.0,1509.4427298211892,0.5,0.5,0.575,0.53,0.56,0.6000000000000001,1.0,20.0,1.0,[]
Iliyan Radulov,2024-09-14,1512.414300586377,1512.414300586377,1509.0,1500.0,1500.0,0.575,0.5,0.5,0.53,0.56,0.6000000000000001,1.0,20.0,1.0,[]
Gijs Brouwer,2024-06-24,1512.3507030056448,1575.5874701485036,1506.1937241587857,1487.8982825551657,1506.0879556797056,0.4417440995146484,0.4032948093945312,0.4245146721987792,0.4341543844078173,0.3758656781151817,0.3321520086800672,-2.0,20.71435108182664,2.90286827498221,[]
Arklon Huertas Del Pino,2023-02-03,1512.0275974674084,1512.0275974674084,1500.0,1500.0,1509.01175498536,0.5,0.5,0.575,0.53,0.56,0.6000000000000001,1.0,20.0,1.0,[]
Conner Huertas Del Pino,2023-02-03,1512.0,1512.0,1500.0,1500.0,1509.0,0.5,0.5,0.575,0.53,0.56,0.6000000000000001,1.0,20.0,1.0,[]
Orlando Luz,2021-09-18,1512.0,1512.0,1509.0,1500.0,1500.0,0.575,0.5,0.5,0.53,0.56,0.6000000000000001,1.0,20.0,1.0,[]
Tom Kocevar Desman,2021-09-17,1512.0,1512.0,1509.0,1500.0,1500.0,0.575,0.5,0.5,0.53,0.56,0.6000000000000001,1.0,20.0,1.0,[]
Ainius Sabaliauskas,2022-09-17,1512.0,1512.0,1500.0,1500.0,1509.0,0.5,0.5,0.575,0.53,0.56,0.6000000000000001,1.0,20.0,1.0,[]
Ruan Roelofse,2021-09-18,1512.0,1512.0,1500.0,1500.0,1509.0,0.5,0.5,0.575,0.53,0.56,0.6000000000000001,1.0,20.0,1.0,[]
Martyn Pawelski,2024-09-13,1512.0,1512.0,1500.0,1500.0,1509.0,0.5,0.5,0.575,0.53,0.56,0.6000000000000001,1.0,20.0,1.0,[]
Luis Carlos Alvarez Valdes,2022-09-16,1512.0,1512.0,1509.0,1500.0,1500.0,0.575,0.5,0.5,0.53,0.56,0.6000000000000001,1.0,20.0,1.0,[]
Freddy Murray,2023-09-16,1512.0,1512.0,1509.0,1500.0,1500.0,0.575,0.5,0.5,0.53,0.56,0.6000000000000001,1.0,20.0,1.0,[]
Johannes Seeman,2023-02-04,1512.0,1512.0,1500.0,1500.0,1509.0,0.5,0.5,0.575,0.53,0.56,0.6000000000000001,1.0,20.0,1.0,[]
Benedict Badza,2024-02-03,1512.0,1512.0,1500.0,1500.0,1509.0,0.5,0.5,0.575,0.53,0.56,0.6000000000000001,1.0,20.0,1.0,[]
Boris Arias,2024-02-03,1512.0,1512.0,1509.0,1500.0,1500.0,0.575,0.5,0.5,0.53,0.56,0.6000000000000001,1.0,20.0,1.0,[]
Sylvestre Monnou,2022-03-04,1512.0,1512.0,1500.0,1500.0,1509.0,0.5,0.5,0.575,0.53,0.56,0.6000000000000001,1.0,20.0,1.0,[]
Raphael Calzi,2023-02-04,1512.0,1512.0,1500.0,1500.0,1509.0,0.5,0.5,0.575,0.53,0.56,0.6000000000000001,1.0,20.0,1.0,[]
Mustapha El Natour,2023-09-15,1512.0,1512.0,1509.0,1500.0,1500.0,0.575,0.5,0.5,0.53,0.56,0.6000000000000001,1.0,20.0,1.0,[]
Christopher Rungkat,2023-02-04,1512.0,1512.0,1500.0,1500.0,1509.0,0.5,0.5,0.575,0.53,0.56,0.6000000000000001,1.0,20.0,1.0,[]
Nicolas Mahut,2021-02-02,1512.0,1512.0,1500.0,1500.0,1509.0,0.5,0.5,0.575,0.53,0.56,0.6000000000000001,1.0,20.0,1.0,[]
Digvijaypratap Singh,2023-09-16,1512.0,1512.0,1500.0,1500.0,1509.0,0.5,0.5,0.575,0.53,0.56,0.6000000000000001,1.0,20.0,1.0,[]
Gonzalo Escobar,2024-09-14,1511.999487426929,1511.999487426929,1500.0,1500.0,1508.9998392739387,0.5,0.5,0.575,0.53,0.56,0.6000000000000001,1.0,20.0,1.0,[]
Borna Coric,2025-08-25,1511.9890391786255,1671.6018643185494,1512.352283478933,1476.2650161512086,1533.0617097941797,0.3454750402951377,0.3493526562499999,0.3064980208126024,0.3627260315648185,0.3106595739295106,0.2705664635015006,-1.0,15.23662133848722,1.3893916805040305,"[{""result"": ""L"", ""date"": ""2025-08-25""}]"
Christian Harrison,2022-06-27,1511.9358490889988,1535.6000088421538,1492.0890039462051,1500.3167000882938,1517.5576583957704,0.425,0.4887499999999999,0.588996875,0.51291016290368,0.5009575618150399,0.4647424000000001,-1.0,20.888820000000003,2.1723743130264523,[]
Andrea Vavassori,2024-07-29,1511.7042722506112,1527.9083006780884,1504.9391651389822,1483.1849712287228,1505.077571400795,0.4041821607816313,0.3612499999999999,0.4806218749999999,0.432905104673801,0.3899020875556679,0.3487923604413807,-1.0,21.6078533084945,2.2326901095923444,[]
Diego Fernandez Flores,2022-03-04,1511.585699413623,1511.585699413623,1508.7669153919285,1500.0,1500.0,0.575,0.5,0.5,0.53,0.56,0.6000000000000001,1.0,20.0,1.0,[]
Romain Arneodo,2024-09-14,1511.389994729032,1511.389994729032,1508.3269937074876,1500.0,1500.0,0.575,0.5,0.5,0.53,0.56,0.6000000000000001,1.0,20.0,1.0,[]
Matwe Middelkoop,2023-02-04,1511.2511882476635,1511.2511882476635,1500.0,1500.0,1508.5842592389356,0.5,0.5,0.575,0.53,0.56,0.6000000000000001,1.0,20.0,1.0,[]
Lucas Miedler,2024-02-03,1511.2332114382823,1511.2332114382823,1500.0,1500.0,1508.546064559017,0.5,0.5,0.575,0.53,0.56,0.6000000000000001,1.0,20.0,1.0,[]
Niki Kaliyanda Poonacha,2024-02-03,1511.2196688942963,1511.2196688942963,1500.0,1508.9882330982798,1500.0,0.5,0.575,0.5,0.53,0.56,0.6000000000000001,1.0,20.0,1.0,[]
Liova Ayite Ajavon,2024-09-14,1511.158126714433,1511.158126714433,1500.0,1500.0,1508.528115711456,0.5,0.5,0.575,0.53,0.56,0.6000000000000001,1.0,20.0,1.0,[]
Dane Sweeny,2026-09-04,1510.9980229449748,1520.304440367865,1500.0,1492.432772252772,1501.315889599504,0.5,0.425,0.4892830957381029,0.4611731237545436,0.450892867154097,0.4550140395520001,-1.0,25.362881507800008,2.9953711546855697,"[{""result"": ""L"", ""date"": ""2026-01-19""}, {""result"": ""L"", ""date"": ""2026-06-29""}, {""result"": ""W"", ""date"": ""2026-09-01""}, {""result"": ""W"", ""date"": ""2026-09-03""}, {""result"": ""L"", ""date"": ""2026-09-04""}]"
Yuttana Charoenphon,2023-02-03,1510.674491236903,1523.5694842377552,1500.0,1500.0,1508.318552981159,0.5,0.5,0.5429375,0.524708,0.539264,0.5440000000000002,-1.0,21.6,2.1173191660942505,[]
Filip Cristian Jianu,2023-02-03,1510.503567582448,1510.503567582448,1500.0,1500.0,1509.8923755718386,0.5,0.5,0.5845625,0.531692,0.566336,0.6160000000000001,2.0,21.6,2.1173191660942505,[]
Andres Andrade,2024-09-14,1510.468507503321,1523.185691787672,1509.0,1500.0,1499.9452322699406,0.575,0.5,0.4887499999999999,0.524708,0.539264,0.5440000000000002,-1.0,21.6,2.1173191660942505,[]
Ioannis Xilas,2024-09-14,1510.3812640862825,1512.0,1500.0,1500.0,1507.033074145713,0.5,0.5,0.4887499999999999,0.4982,0.4928,0.4800000000000001,-1.0,24.0,1.1173191660942507,[]
Yu Hsiou Hsu,2024-02-03,1509.665741134189,1528.6545167156148,1500.0,1500.0,1501.5035471979256,0.5,0.5,0.4273380910156249,0.4711240784403199,0.44237026820096,0.4007936000000001,-2.0,22.723260000000003,1.4231258969040124,[]
Yunchaokete Bu,2026-10-02,1508.751038489222,1510.9613326523113,1500.0,1500.0,1501.879440603656,0.5,0.5,0.4414714062499999,0.4731870511999999,0.4512425984000001,0.42624,-1.0,20.278,2.689164795124663,"[{""result"": ""L"", ""date"": ""2026-01-19""}, {""result"": ""W"", ""date"": ""2026-09-01""}, {""result"": ""L"", ""date"": ""2026-09-03""}, {""result"": ""W"", ""date"": ""2026-10-01""}, {""result"": ""L"", ""date"": ""2026-10-02""}]"
Leandro Riedi,2025-08-25,1507.8059391800598,1507.8059391800598,1487.1254814874044,1490.880322195321,1511.6771368419072,0.3885031249999999,0.425,0.5656335793709154,0.460011374348399,0.5048560031615625,0.5990520971132929,-1.0,24.80960227951405,4.171105492210454,"[{""result"": ""L"", ""date"": ""2025-06-30""}, {""result"": ""W"", ""date"": ""2025-08-25""}, {""result"": ""W"", ""date"": ""2025-08-25""}, {""result"": ""W"", ""date"": ""2025-08-25""}, {""result"": ""L"", ""date"": ""2025-08-25""}]"
Vit Kopriva,2026-09-01,1507.6009189114184,1554.664695205618,1507.0300941961325,1470.9752158917356,1489.9558564775818,0.5110849307640463,0.2610031249999999,0.3425687637445987,0.3920601508481454,0.322727835003588,0.2329064516581331,-3.0,12.54085848615,2.6111433826330224,"[{""result"": ""L"", ""date"": ""2026-06-29""}, {""result"": ""W"", ""date"": ""2026-08-02""}, {""result"": ""L"", ""date"": ""2026-08-06""}, {""result"": ""L"", ""date"": ""2026-08-14""}, {""result"": ""L"", ""date"": ""2026-09-01""}]"
Raphael Collignon,2026-09-01,1507.5002592246635,1551.371169485787,1509.0451163892233,1493.8297504699576,1472.968050274811,0.5429375,0.42234640625,0.2974206429637819,0.3932559546416946,0.326209304550501,0.2333732060307215,-5.0,17.355928775567524,2.3272342019797567,"[{""result"": ""L"", ""date"": ""2026-06-18""}, {""result"": ""L"", ""date"": ""2026-06-29""}, {""result"": ""L"", ""date"": ""2026-08-06""}, {""result"": ""L"", ""date"": ""2026-08-14""}, {""result"": ""L"", ""date"": ""2026-09-01""}]"
Franco Roncadelli,2024-09-13,1507.4596576962997,1507.4596576962997,1507.4450381039435,1500.0,1500.0,0.5914714062499999,0.5,0.5,0.5331870511999999,0.5712425984,0.6262400000000001,2.0,22.896,2.248402118921552,[]
Jack Pinnington Jones,2026-06-29,1507.3228093749312,1527.6517555629234,1500.0,1483.580899180321,1512.0827934527124,0.5,0.3693781249999999,0.5654374999999999,0.46813397604032,0.43255707140096,0.3803136000000001,-3.0,21.26542,1.867122152464579,"[{""result"": ""W"", ""date"": ""2026-02-09""}, {""result"": ""W"", ""date"": ""2026-02-09""}, {""result"": ""L"", ""date"": ""2026-02-09""}, {""result"": ""L"", ""date"": ""2026-06-16""}, {""result"": ""L"", ""date"": ""2026-06-29""}]"
Sebastian Gorzny,2026-09-03,1507.189397349878,1512.6967968848917,1500.0,1500.0,1504.9737522543512,0.5,0.5,0.4887499999999999,0.4982,0.4928,0.4800000000000001,-1.0,18.2,1.9310627797040227,"[{""result"": ""W"", ""date"": ""2026-09-01""}, {""result"": ""L"", ""date"": ""2026-09-03""}]"
Cruz Hewitt,2026-07-29,1507.0319807606832,1512.0368595865468,1500.0,1500.0,1504.94578387692,0.5,0.5,0.4887499999999999,0.4982,0.4928,0.4800000000000001,-1.0,18.1,1.96491594437237,"[{""result"": ""W"", ""date"": ""2026-07-28""}, {""result"": ""L"", ""date"": ""2026-07-29""}]"
Beibit Zhukayev,2025-06-30,1506.870614880087,1521.8171804512433,1500.0,1491.4693508427172,1505.2139063854909,0.5,0.425,0.4865568379853516,0.455101494043008,0.4263240295850914,0.3915661312,-1.0,24.79971444000001,1.4786144964389258,"[{""result"": ""L"", ""date"": ""2025-06-30""}]"
Nicolai Budkov Kjaer,2026-04-22,1506.8455631948605,1506.8455631948605,1496.48775323451,1500.0,1499.0386982619573,0.4993526562499999,0.5,0.461496875,0.4883238293216682,0.502895511344513,0.545073664,-1.0,25.668430200000003,3.1801800973249077,"[{""result"": ""L"", ""date"": ""2026-01-19""}, {""result"": ""L"", ""date"": ""2026-02-09""}, {""result"": ""W"", ""date"": ""4/22/2026""}, {""result"": ""W"", ""date"": ""4/22/2026""}, {""result"": ""L"", ""date"": ""4/22/2026""}]"
Adrian Mannarino,2026-09-03,1506.4811789584555,1708.4580881837694,1356.6825298560404,1534.1725152212316,1531.7611480386668,0.0448380544149556,0.4793334058014041,0.3400299864335311,0.3451665724934897,0.3163970568984268,0.3071535538102129,-1.0,10.531068551796835,3.6719022452608567,"[{""result"": ""L"", ""date"": ""2026-07-29""}, {""result"": ""L"", ""date"": ""2026-08-02""}, {""result"": ""L"", ""date"": ""2026-08-14""}, {""result"": ""W"", ""date"": ""2026-09-01""}, {""result"": ""L"", ""date"": ""2026-09-03""}]"
Martin Landaluce,2026-09-01,1506.4582081554186,1547.5746902913952,1486.7190689015033,1482.2133102081184,1516.110980454179,0.5333032311578731,0.3612499999999999,0.4791721777392859,0.441301179508109,0.4122388932473724,0.3607676916457064,-2.0,12.461456786400534,3.3563495864048534,"[{""result"": ""L"", ""date"": ""2026-08-02""}, {""result"": ""W"", ""date"": ""2026-08-14""}, {""result"": ""W"", ""date"": ""2026-08-15""}, {""result"": ""L"", ""date"": ""2026-08-17""}, {""result"": ""L"", ""date"": ""2026-09-01""}]"
Soonwoo Kwon,2026-07-01,1506.2522311626176,1596.3949220960576,1483.827094711655,1501.7699889802952,1495.426396278522,0.3302119310859641,0.4172553287472458,0.3415767290835525,0.3740920507283465,0.352134058505316,0.3701725234666801,-1.0,23.164226727661728,2.1233822175781003,"[{""result"": ""W"", ""date"": ""2026-06-29""}, {""result"": ""L"", ""date"": ""2026-07-01""}]"
Aristotelis Thanos,2024-09-14,1506.135285934006,1517.1634041163727,1509.2330846080715,1500.0,1494.0767748904618,0.575,0.5,0.4345624999999999,0.49979048,0.4983756799999999,0.4928000000000001,-1.0,30.840000000000003,1.1326977088091217,[]
Aleksandar Vukic,2026-09-01,1505.5154650119343,1569.1000691916763,1462.1450716672796,1516.694280872666,1474.398987030244,0.325291557273101,0.4761494926849381,0.3132249916713593,0.3781890018627949,0.2965152515705831,0.2224735728843955,-3.0,18.386442837897118,2.095065592240124,"[{""result"": ""L"", ""date"": ""2026-06-29""}, {""result"": ""W"", ""date"": ""2026-07-28""}, {""result"": ""L"", ""date"": ""2026-07-29""}, {""result"": ""L"", ""date"": ""2026-08-02""}, {""result"": ""L"", ""date"": ""2026-09-01""}]"
Tung Lin Wu,2024-09-14,1505.2577942904786,1505.2577942904786,1500.0,1500.0,1501.4311018490323,0.5,0.5,0.5284327013428539,0.4918768331886259,0.512301087185191,0.5603671449600001,2.0,26.980334523000007,2.15333255601605,[]
Jacopo Berrettini,2023-02-27,1505.0617457523188,1510.9158908048878,1500.0,1500.0,1501.419082826148,0.5,0.5,0.4887499999999999,0.4982,0.4928,0.4800000000000001,-1.0,18.0,2.0,[]
Giles Hussey,2024-06-24,1504.3772373921686,1514.3870895976577,1500.0,1499.391086500081,1500.0,0.5,0.4887499999999999,0.5,0.4982,0.4928,0.4800000000000001,-1.0,18.0,2.0,[]
Yanaki Milev,2024-09-14,1504.2406976757022,1504.2406976757022,1507.8468522291091,1500.0,1489.8704778873237,0.5845625,0.5,0.425,0.5067744799999999,0.52544768,0.5648000000000001,2.0,24.840000000000003,2.131082952827301,[]
Mats Moraing,2021-05-24,1503.9791403735203,1511.6964050627096,1500.5639758709797,1500.0,1500.0,0.4887499999999999,0.5,0.5,0.4982,0.4928,0.4800000000000001,-1.0,18.0,2.0,[]
Pablo Llamas Ruiz,2026-06-29,1503.404942052366,1535.0468916673808,1503.9956492601573,1490.5805993024778,1495.7284159462529,0.4737137346987792,0.425,0.4154374999999999,0.4412862577215951,0.3915306374516447,0.3409631956172801,-3.0,22.646684267198,1.834291025237599,"[{""result"": ""W"", ""date"": ""2026-05-11""}, {""result"": ""W"", ""date"": ""2026-05-11""}, {""result"": ""L"", ""date"": ""2026-05-11""}, {""result"": ""L"", ""date"": ""5/25/2026""}, {""result"": ""L"", ""date"": ""2026-06-29""}]"
Aslan Karatsev,2024-10-14,1503.3755326438595,1643.371174108486,1492.5320287892134,1473.0483461376114,1494.1965611057217,0.3457014069534518,0.3192397252387156,0.3593957870528211,0.3702262087740741,0.3049579947246386,0.274475889643702,-1.0,16.47656627744482,2.602838231150033,[]
Ilya Ivashka,2023-08-28,1503.1062071184972,1649.647685649574,1480.011761499671,1498.575452389355,1532.5063099763736,0.3451437602313067,0.4012880427184616,0.3508899579448615,0.3684965829089949,0.3201241212362974,0.2794113553811334,-3.0,9.083831048431229,3.518849952209881,[]
Daniil Ostapenkov,2021-09-18,1502.1575572278705,1515.0379685656108,1501.4894907343153,1500.0,1500.0,0.4887499999999999,0.5,0.5,0.4982,0.4928,0.4800000000000001,-1.0,18.0,2.0,[]
Matija Pecotic,2023-02-13,1501.912048068999,1512.214899357083,1500.0,1500.0,1500.4208433318074,0.5,0.5,0.4887499999999999,0.4982,0.4928,0.4800000000000001,-1.0,18.0,2.0,[]
Alexander Erler,2021-07-26,1501.7875709114842,1514.2231270453924,1501.1382212196695,1500.0,1500.0,0.4887499999999999,0.5,0.5,0.4982,0.4928,0.4800000000000001,-1.0,18.0,2.0,[]
Pavel Kotov,2024-11-04,1501.624442194245,1591.983537401592,1522.8139236844097,1500.200202422257,1462.256885920532,0.3912168038825859,0.461496875,0.2184214046600283,0.3620991046208632,0.2586680381092634,0.1730130368494497,-4.0,9.382819167415724,2.8647954814793666,[]
Jesper de Jong,2026-09-03,1501.6050665951575,1516.379136203098,1504.3835130291577,1493.2122897355323,1472.9546879386708,0.4673045309262207,0.4577276562499999,0.2939719241714252,0.3933615893235258,0.3966528666507721,0.3916861436920383,-1.0,19.97053671695053,2.764119967429828,"[{""result"": ""W"", ""date"": ""2026-06-29""}, {""result"": ""L"", ""date"": ""2026-07-01""}, {""result"": ""L"", ""date"": ""2026-08-14""}, {""result"": ""W"", ""date"": ""2026-09-01""}, {""result"": ""L"", ""date"": ""2026-09-03""}]"
Remy Bertola,2025-10-20,1501.566718228224,1511.9074590075586,1500.0,1500.0,1499.0922357034797,0.5,0.5,0.4887499999999999,0.4982,0.4928,0.4800000000000001,-1.0,24.0,1.1173191660942507,"[{""result"": ""L"", ""date"": ""2025-10-20""}]"
Eliot Spizzirri,2026-05-25,1501.5012201635236,1509.9298138813006,1491.65129397573,1491.2221136199305,1509.160898505146,0.425,0.4345624999999999,0.5532948093945312,0.4647492287161805,0.4563242686460488,0.4525833748480001,-2.0,24.2899662444,1.4150174991419946,"[{""result"": ""W"", ""date"": ""2026-01-19""}, {""result"": ""L"", ""date"": ""2026-01-19""}, {""result"": ""W"", ""date"": ""2026-02-09""}, {""result"": ""L"", ""date"": ""2026-02-09""}, {""result"": ""L"", ""date"": ""5/25/2026""}]"
Oliver Tarvet,2026-06-29,1501.427578829184,1509.635884365031,1500.0,1494.642113308628,1500.0,0.5,0.4345624999999999,0.5,0.471692,0.446336,0.416,-2.0,22.2,1.2346383321885015,"[{""result"": ""W"", ""date"": ""2025-06-30""}, {""result"": ""L"", ""date"": ""2025-06-30""}, {""result"": ""L"", ""date"": ""2026-06-29""}]"
Alexandros Skorilas,2023-09-16,1501.3005796840073,1512.0,1500.0,1500.0,1498.9402073284027,0.5,0.5,0.4887499999999999,0.4982,0.4928,0.4800000000000001,-1.0,24.0,1.1173191660942507,[]
Moez Echargui,2026-02-23,1501.2128120956438,1534.738708755077,1489.2581378462482,1500.0,1510.216827096737,0.425,0.5,0.50064734375,0.4856491094719999,0.4492699566079999,0.3809280000000001,-2.0,27.1438,1.8834034358268408,"[{""result"": ""L"", ""date"": ""2026-02-16""}, {""result"": ""L"", ""date"": ""2026-02-23""}]"
Fabio Fognini,2025-06-30,1501.2105885659664,1571.7626177936786,1521.132118731838,1505.5359006883054,1432.2039985519498,0.5111667932772932,0.4388880326948679,0.2150831649466767,0.365585531708654,0.2585445879534501,0.1523580785596885,-1.0,15.749038190526989,1.3870364010239715,"[{""result"": ""L"", ""date"": ""2025-06-30""}]"
Hady Habib,2026-02-16,1501.1257276126428,1512.484426976858,1497.901452084211,1500.0,1498.1111150292136,0.46397140625,0.5,0.461496875,0.4700431812292266,0.4405721960929035,0.403400704,-1.0,38.4226656,1.1421300618943118,"[{""result"": ""L"", ""date"": ""2026-02-16""}]"
Petr Nesterov,2024-09-14,1501.0479458912523,1511.168016866225,1491.2330846080715,1500.0,1509.0,0.425,0.5,0.575,0.4982,0.4928,0.4800000000000001,-1.0,24.0,1.1173191660942507,[]
Rio Noguchi,2022-10-03,1501.023479760343,1510.158205658087,1500.0,1500.0,1500.3550814512814,0.5,0.5,0.4887499999999999,0.4982,0.4928,0.4800000000000001,-1.0,18.0,2.0,[]
Mattia Bellucci,2026-09-03,1500.9909079539543,1518.889501369674,1486.5910808248436,1492.4382843877663,1492.5535576231807,0.4244497578124999,0.4345624999999999,0.3729070316563744,0.4064585307553262,0.4006675451361278,0.3974852083104581,-1.0,13.566019406464685,3.460928751644046,"[{""result"": ""L"", ""date"": ""2026-08-02""}, {""result"": ""W"", ""date"": ""2026-08-14""}, {""result"": ""L"", ""date"": ""2026-08-15""}, {""result"": ""W"", ""date"": ""2026-09-01""}, {""result"": ""L"", ""date"": ""2026-09-03""}]"
Hugo Nys,2024-09-14,1500.7891022836734,1500.7891022836734,1509.0,1500.0,1491.2330846080715,0.575,0.5,0.425,0.5018,0.5072,0.52,1.0,24.0,1.1173191660942507,[]
Mousa Alkotop,2023-02-03,1500.7831003757728,1512.0,1500.0,1500.0,1500.453964774421,0.5,0.5,0.4887499999999999,0.4982,0.4928,0.4800000000000001,-1.0,18.0,2.0,[]
Daniel Cukierman,2024-09-13,1500.7825453188882,1500.7825453188882,1500.0,1500.0,1501.6123575079514,0.5,0.5,0.5650399500195312,0.5144804468705406,0.5464853456027647,0.5962060800000001,1.0,32.071524000000004,1.1482879185061854,[]
Blaz Rola,2023-09-15,1500.7729525120312,1500.7729525120312,1508.5938957651213,1500.0,1490.7608817045066,0.5845625,0.5,0.425,0.5067744799999999,0.52544768,0.5648000000000001,2.0,24.840000000000003,2.131082952827301,[]
Colin Sinclair,2023-02-03,1500.7396135030417,1511.1733679181373,1500.0,1500.0,1500.428816569313,0.5,0.5,0.4887499999999999,0.4982,0.4928,0.4800000000000001,-1.0,18.0,2.0,[]
Laslo Djere,2026-01-19,1500.6457385051706,1637.3549797558928,1527.178648456066,1467.918318972171,1505.9154398144876,0.3798806678137138,0.2904815081100448,0.3866966313931734,0.3823611778764618,0.3369630013308305,0.2766020457047415,-3.0,23.726429658814357,1.139611123653236,"[{""result"": ""L"", ""date"": ""2025-06-30""}, {""result"": ""L"", ""date"": ""2025-10-01""}, {""result"": ""L"", ""date"": ""2026-01-19""}]"
Aqeel Khan,2024-09-14,1500.4325072676452,1500.8001564407266,1500.0,1499.7719193924802,1499.5992200188705,0.5,0.5027506953124999,0.51125,0.5090276961339006,0.5302503928168448,0.5667148800000001,1.0,32.46518400000001,1.1468626043495975,[]
Karim Mohamed Maamoun,2023-09-16,1500.414300586377,1500.414300586377,1500.2330846080715,1500.0,1500.0,0.51125,0.5,0.5,0.5018,0.5072,0.52,1.0,24.0,1.1173191660942507,[]
Roberto Cid,2021-09-17,1500.414300586377,1500.414300586377,1500.0,1500.0,1500.2330846080715,0.5,0.5,0.51125,0.5018,0.5072,0.52,1.0,18.0,2.0,[]
Stylianos Christodoulou,2024-02-03,1500.414300586377,1500.414300586377,1491.0,1500.0,1509.0,0.425,0.5,0.575,0.5018,0.5072,0.52,1.0,24.0,1.1173191660942507,[]
Peter Bertran,2022-09-16,1500.4121637541934,1500.4121637541934,1500.0,1500.0,1500.238888884444,0.5,0.5,0.51125,0.5018,0.5072,0.52,1.0,18.0,2.0,[]
David Jorda Sanchis,2024-04-01,1500.395047781759,1512.0,1500.0021047580587,1500.0,1500.0,0.4887499999999999,0.5,0.5,0.4982,0.4928,0.4800000000000001,-1.0,18.0,2.0,[]
Benjamin Balleret,2024-09-14,1500.386278695776,1500.386278695776,1499.7646605292807,1500.0,1500.0,0.51125,0.5,0.5,0.5018,0.5072,0.52,1.0,24.0,1.1173191660942507,[]
Ryan Peniston,2023-07-03,1500.2462311859697,1547.3918442099978,1500.0,1496.73213373232,1490.5491377064425,0.5,0.3733882146456833,0.425,0.4447967105960481,0.3688242295369418,0.2736383328256001,-3.0,15.93239377192,3.114410990989969,[]
Ugo Blanchet,2025-10-01,1500.1080296013276,1512.0967023353014,1500.3890792589818,1500.0,1496.4651668151143,0.4887499999999999,0.5,0.4577276562499999,0.4776890384403198,0.46619362820096,0.4583936,-2.0,22.24576,1.8665241047369487,"[{""result"": ""W"", ""date"": ""2025-08-25""}, {""result"": ""W"", ""date"": ""2025-08-25""}, {""result"": ""L"", ""date"": ""2025-08-25""}, {""result"": ""L"", ""date"": ""2025-10-01""}]"
Aziz Ouakaa,2021-11-26,1500.0142917836072,1500.0142917836072,1509.0,1500.0,1490.7669153919285,0.575,0.5,0.425,0.5018,0.5072,0.52,1.0,24.0,1.1173191660942507,[]
Tristan Lamasine,2021-01-05,1500.0,1512.0,1500.0,1500.0,1500.0,0.5,0.5,0.4887499999999999,0.4982,0.4928,0.4800000000000001,-1.0,18.0,2.0,[]
Harry Bourchier,2021-02-01,1500.0,1512.0,1500.0,1500.0,1500.0,0.5,0.5,0.4887499999999999,0.4982,0.4928,0.4800000000000001,-1.0,18.0,2.0,[]
Justin Barki,2021-09-17,1500.0,1512.0,1500.0,1500.0,1500.0,0.5,0.5,0.4887499999999999,0.4982,0.4928,0.4800000000000001,-1.0,18.0,2.0,[]
Alvaro Guillen Meza,2024-02-02,1499.8812137540683,1511.5432691396882,1500.1951012105596,1500.0,1500.0,0.4887499999999999,0.5,0.5,0.4982,0.4928,0.4800000000000001,-1.0,24.0,1.1173191660942507,[]
Billy Harris,2026-06-29,1499.806644380012,1555.0939374482723,1500.0,1501.632226177063,1485.8057071507387,0.5,0.4363941183472684,0.3635055546874999,0.4394225731033592,0.3667231873049029,0.2924843258666287,-3.0,25.34080156353412,1.1525893954909794,"[{""result"": ""W"", ""date"": ""2025-06-30""}, {""result"": ""L"", ""date"": ""2025-06-30""}, {""result"": ""L"", ""date"": ""2025-08-25""}, {""result"": ""L"", ""date"": ""2026-06-29""}]"
Khumoun Sultanov,2024-09-13,1499.798211514516,1499.798211514516,1500.0,1500.0,1496.618909129092,0.5,0.5,0.4993526562499999,0.4833520111999999,0.4894659584,0.5238400000000001,2.0,27.756000000000004,2.132697708809122,[]
Ruben Bemelmans,2021-09-18,1499.658081862896,1499.658081862896,1500.2613741281543,1500.0,1500.0,0.51125,0.5,0.5,0.5018,0.5072,0.52,1.0,18.0,2.0,[]
Andrew Harris,2021-02-01,1499.585699413623,1512.0,1500.0,1500.0,1499.7669153919285,0.5,0.5,0.4887499999999999,0.4982,0.4928,0.4800000000000001,-1.0,18.0,2.0,[]
Juan Carlos Fuentes Vasquez,2024-09-14,1499.585699413623,1512.0,1491.0,1500.0,1509.0,0.425,0.5,0.575,0.4982,0.4928,0.4800000000000001,-1.0,24.0,1.1173191660942507,[]
Hernando Jose Escurra Isnardi,2023-02-03,1499.5798796723177,1512.0,1509.0,1500.0,1490.776189625558,0.575,0.5,0.425,0.4982,0.4928,0.4800000000000001,-1.0,24.0,1.1173191660942507,[]
Clement Tabur,2026-05-25,1499.4740574869645,1500.0,1496.9180771945196,1500.0,1500.0,0.425,0.5,0.5,0.47,0.44,0.4,-1.0,20.0,1.0,"[{""result"": ""L"", ""date"": ""5/25/2026""}]"
Stanislas Wawrinka,2026-09-01,1499.2811684251624,1630.3645308887735,1466.6143256256214,1496.1555036139375,1520.6869930783962,0.2188249009657994,0.4099137862724608,0.4494812797786768,0.3406434645868733,0.2698481174822898,0.183266966566936,-6.0,23.033612991703784,1.1694987553976457,"[{""result"": ""L"", ""date"": ""2026-04-05""}, {""result"": ""L"", ""date"": ""2026-04-13""}, {""result"": ""L"", ""date"": ""5/25/2026""}, {""result"": ""L"", ""date"": ""2026-06-29""}, {""result"": ""L"", ""date"": ""2026-09-01""}]"
Bernard Tomic,2021-02-08,1499.271634564417,1511.9856905714691,1500.0,1500.0,1499.5763021242556,0.5,0.5,0.4887499999999999,0.4982,0.4928,0.4800000000000001,-1.0,18.0,2.0,[]
Komlavi Loglo,2024-02-03,1499.227110466765,1499.227110466765,1500.0,1500.0,1499.5575021948184,0.5,0.5,0.51125,0.5018,0.5072,0.52,1.0,18.0,2.0,[]
Yuta Shimizu,2022-10-03,1499.1007833554547,1512.0,1500.0,1509.0,1490.7659384054994,0.5,0.575,0.425,0.4982,0.4928,0.4800000000000001,-1.0,24.0,1.1173191660942507,[]
Juan Pablo Ficovich,2025-07-27,1499.0902684951743,1511.4041887078224,1501.6621512864258,1500.0,1495.6550705106224,0.4887499999999999,0.5,0.425,0.4683079999999999,0.433664,0.3840000000000001,-1.0,22.2,1.2346383321885015,"[{""result"": ""L"", ""date"": ""2025-07-27""}]"
Paul Jubb,2024-07-01,1499.0777852640877,1522.3474573477274,1500.0,1492.2884085336386,1500.0,0.5,0.4390832316406249,0.5,0.4739347746963198,0.45100588138496,0.4171776,-2.0,16.092106,4.261989040767498,[]
Lukas Neumayer,2024-09-13,1499.0411516594895,1500.5797338184882,1499.3601667966918,1500.0,1500.0,0.5193781249999999,0.5,0.5,0.50339048,0.5127756800000001,0.5328,1.0,24.74,1.3189546342543637,[]
Pedja Krstin,2021-05-24,1499.028291194431,1511.8213077663822,1500.2203474968303,1500.0,1500.0,0.4887499999999999,0.5,0.5,0.4982,0.4928,0.4800000000000001,-1.0,18.0,2.0,[]
Jozef Kovalik,2024-09-15,1498.8303616405317,1523.5718836268345,1511.1370967586342,1500.0,1470.71153094068,0.4427560770529363,0.5,0.3343318257617187,0.4283364409309829,0.4071305975555345,0.4020484458687512,1.0,22.600954527858487,2.9420627985046464,[]
Sina Moghimi,2024-03-15,1498.7802544923816,1510.736619052666,1499.7630273494096,1500.0,1500.0,0.4887499999999999,0.5,0.5,0.4982,0.4928,0.4800000000000001,-1.0,18.0,2.0,[]
Laurynas Grigelis,2022-03-04,1498.4011719979094,1511.201328438636,1500.0,1490.7669153919285,1508.5463349150905,0.5,0.425,0.575,0.4982,0.4928,0.4800000000000001,-1.0,24.0,1.1173191660942507,[]
Lukas Lacko,2021-06-14,1498.1934049727342,1509.6542364091747,1500.0,1499.7670717966837,1500.0,0.5,0.4887499999999999,0.5,0.4982,0.4928,0.4800000000000001,-1.0,18.0,2.0,[]
N Sriram Balaji,2024-09-14,1497.9631785552954,1512.026997462547,1500.0,1509.2332175875213,1490.8995011950003,0.5,0.575,0.425,0.4982,0.4928,0.4800000000000001,-1.0,24.0,1.1173191660942507,[]
Hong Kit Jack Wong,2024-02-03,1497.9404841891026,1512.0,1500.0,1500.0,1499.0978634737914,0.5,0.5,0.5031218749999999,0.5002095199999999,0.5016243200000001,0.5072000000000001,1.0,30.840000000000003,1.1326977088091217,[]
Jeremy Chardy,2023-07-03,1497.909189273528,1576.85900688937,1467.1560929968216,1475.9396616884546,1544.0355522847235,0.2573524078061961,0.3302276562499999,0.4889597105976849,0.384072606312836,0.2964698798971136,0.2151477615945489,-4.0,21.194860288425343,1.239597507290329,[]
Juan Manuel Cerundolo,2026-10-01,1497.87401468208,1559.8243605210282,1485.0184845259369,1482.7741606484842,1488.8356803524755,0.4839259049317183,0.3612499999999999,0.3535282704845086,0.4053206738054788,0.3802094191004382,0.3216479366504252,-3.0,13.588362833086036,2.259569726107122,"[{""result"": ""W"", ""date"": ""2026-08-14""}, {""result"": ""W"", ""date"": ""2026-08-15""}, {""result"": ""L"", ""date"": ""2026-08-17""}, {""result"": ""L"", ""date"": ""2026-09-01""}, {""result"": ""L"", ""date"": ""2026-10-01""}]"
Nerman Fatic,2024-02-03,1497.8009537348648,1499.908193695324,1490.9586752147748,1500.0,1508.8961098767495,0.4345624999999999,0.5,0.575,0.50339048,0.5127756800000001,0.5328,1.0,30.840000000000003,1.1326977088091217,[]
Yassine Dlimi,2024-09-14,1497.7033176545688,1511.154966221034,1491.0,1500.0,1508.5278316880083,0.425,0.5,0.5654374999999999,0.4966095199999999,0.48722432,0.4672,-1.0,25.98,1.1448467395603517,[]
Matthew Ebden,2024-07-29,1497.673263333234,1547.5484699856354,1496.1795403504184,1491.0,1508.8811366005702,0.425,0.425,0.4391384088689624,0.4432694456898834,0.360270762195204,0.2494579081216,-5.0,23.820731113830004,1.1407368733731662,[]
Aisam Ul Haq Qureshi,2024-02-03,1497.4513011552338,1512.3999911578462,1500.0,1500.4482196861204,1500.0,0.5,0.4968781249999999,0.5,0.49979048,0.4983756799999999,0.4928000000000001,-1.0,30.840000000000003,1.1326977088091217,[]
Kasidit Samrej,2023-02-03,1497.440620853421,1523.5305588123042,1500.0,1500.0,1498.6216029775364,0.5,0.5,0.4673694453124999,0.4946308681279999,0.478870126592,0.443392,-2.0,21.5838,2.2621659056546024,[]
Robert Strombachs,2024-02-02,1497.3999810845503,1511.936203027307,1500.0,1500.0,1498.501683732272,0.5,0.5,0.5027506953124999,0.5011958281279999,0.502693486592,0.5009920000000001,-1.0,30.980400000000003,1.2502063167286055,[]
Mateus Alves,2023-02-20,1497.0430220938658,1500.0,1495.8626276565033,1500.0,1500.0,0.425,0.5,0.5,0.47,0.44,0.4,-1.0,20.0,1.0,[]
Karlis Ozolins,2023-02-04,1496.6545764879636,1511.984053787465,1500.0,1500.0,1498.153859897076,0.5,0.5,0.4806218749999999,0.4966095199999999,0.48722432,0.4672,-1.0,19.98,2.234638332188501,[]
Justin Engel,2026-05-17,1496.6075818671568,1512.388407877499,1489.4808205505844,1500.0,1500.6855663063284,0.425,0.5,0.4887499999999999,0.4683079999999999,0.433664,0.3840000000000001,-1.0,22.2,1.2346383321885015,"[{""result"": ""L"", ""date"": ""2026-05-17""}]"
Filip Horansky,2022-03-04,1496.3290271184808,1501.4480352942944,1490.7669153919285,1500.0,1504.3786791151265,0.425,0.5,0.4887499999999999,0.471692,0.446336,0.416,-1.0,21.6,2.1173191660942505,[]
Mario Vilella Martinez,2021-07-26,1495.5468382601214,1524.0,1494.9158681275055,1500.0,1499.534139401855,0.4276535937499999,0.5,0.461496875,0.4652251306783314,0.4279998486554869,0.3845263360000002,-1.0,22.272847200000005,2.1802366755994305,[]
Omar Jasika,2024-01-15,1495.4411168864913,1500.0,1500.0,1500.0,1495.6819606768772,0.5,0.5,0.425,0.47,0.44,0.4,-1.0,20.0,1.0,[]
Kaichi Uchida,2022-10-03,1495.0946925212322,1512.9619071259676,1500.0,1509.0,1486.3807257246438,0.5,0.575,0.3693781249999999,0.4668129487999999,0.4287574016,0.3737600000000001,-2.0,22.732000000000003,2.6753661398372524,[]
Filip Misolic,2026-09-01,1495.010146246655,1554.9391484577286,1514.8552774988343,1491.8438478749242,1480.9492663258202,0.3993971389170774,0.425,0.3011926898632812,0.3822921115222526,0.2884370287890723,0.223214483303137,-3.0,33.49081807918085,1.146710923867451,"[{""result"": ""L"", ""date"": ""2025-06-30""}, {""result"": ""W"", ""date"": ""2025-10-20""}, {""result"": ""L"", ""date"": ""2025-10-20""}, {""result"": ""L"", ""date"": ""2026-01-19""}, {""result"": ""L"", ""date"": ""2026-09-01""}]"
Alejandro Moro Canas,2024-07-01,1494.8941680377889,1513.4776186580566,1501.558445684139,1490.7727543945764,1500.0,0.4887499999999999,0.425,0.5,0.4683079999999999,0.433664,0.3840000000000001,-2.0,22.2,1.2346383321885015,[]
Jack Monday,2025-06-30,1494.8579207586452,1500.0,1500.0,1493.2828437717342,1500.0,0.5,0.425,0.5,0.47,0.44,0.4,-1.0,20.0,1.0,"[{""result"": ""L"", ""date"": ""2025-06-30""}]"
Andrea Guerrieri,2026-09-01,1494.8368161454814,1500.0,1500.0,1500.0,1495.9769193033085,0.5,0.5,0.425,0.47,0.44,0.4,-1.0,20.0,1.0,"[{""result"": ""L"", ""date"": ""2026-09-01""}]"
Zdenek Kolar,2022-06-27,1494.6365232322282,1509.6683283111238,1503.1906722205172,1491.461852159286,1500.0,0.4887499999999999,0.425,0.5,0.4683079999999999,0.433664,0.3840000000000001,-2.0,19.7,1.5730095937203803,[]
Chris Rodesch,2025-06-30,1494.5279513820558,1520.4728726321391,1499.7946638084045,1491.253439920269,1507.662197971285,0.4968781249999999,0.425,0.5429375,0.4875883038660991,0.4570776071831552,0.40128512,-1.0,27.551184,1.2655848594434764,"[{""result"": ""L"", ""date"": ""2025-06-30""}]"
Nicolas Barrientos,2023-02-03,1494.4285651862929,1500.0167504999954,1502.3895924746964,1500.0,1490.7553336063472,0.4887499999999999,0.5,0.425,0.471692,0.446336,0.416,-1.0,26.43,1.1392156639233193,[]
Santiago Fa Rodriguez Taverna,2022-05-23,1494.3307277105712,1500.0,1491.3840588758233,1500.0,1500.0,0.425,0.5,0.5,0.47,0.44,0.4,-1.0,20.0,1.0,[]
Francisco Cabral,2024-07-29,1494.328954577855,1500.0,1493.968236614862,1500.0,1500.0,0.425,0.5,0.5,0.47,0.44,0.4,-1.0,20.0,1.0,[]
Sanjar Fayziev,2022-03-04,1493.9304960509153,1505.7293125131985,1500.0,1500.0,1492.3764555530436,0.5,0.5,0.4345624999999999,0.471692,0.446336,0.416,-1.0,21.6,2.1173191660942505,[]
Alastair Gray,2022-06-27,1493.7334664837135,1499.6466131775564,1500.0,1491.7311832999017,1500.0,0.5,0.4345624999999999,0.5,0.471692,0.446336,0.416,-1.0,21.6,2.1173191660942505,[]
Nicolas Arseneault,2025-07-27,1493.6329778766392,1500.0,1500.0,1500.0,1494.205169415682,0.5,0.5,0.425,0.47,0.44,0.4,-1.0,20.0,1.0,"[{""result"": ""L"", ""date"": ""2025-07-27""}]"
Juan Alejandro Hernandez Serrano,2022-08-01,1493.6242823025036,1500.4855719188724,1500.0,1500.0,1494.110166360702,0.5,0.5,0.4345624999999999,0.471692,0.446336,0.416,-1.0,21.6,2.1173191660942505,[]
Vladyslav Orlov,2024-02-01,1493.5845916125993,1501.071644938483,1500.0,1500.0,1494.9073375678245,0.5,0.5,0.4414714062499999,0.4731870511999999,0.4512425984000001,0.42624,-1.0,28.356000000000005,1.2500168749033724,[]
Philip Sekulic,2023-10-02,1493.5500844744413,1511.2209483794595,1500.0,1500.0,1492.1684907603635,0.5,0.5,0.4154374999999999,0.4683079999999999,0.433664,0.3840000000000001,-2.0,17.4,2.302878115062111,[]
Nicolas Alvarez Varona,2022-10-10,1493.479870742565,1500.961707358949,1491.0,1500.0,1502.3660923979717,0.425,0.5,0.4887499999999999,0.471692,0.446336,0.416,-1.0,21.6,2.1173191660942505,[]
Zachary Svajda,2026-09-03,1493.3865081484569,1512.8529900412573,1526.9472264178223,1497.049483520591,1442.0802337574255,0.5948694453125,0.4577276562499999,0.3106827278459609,0.4100531179314979,0.4047345333031111,0.3754045988160244,-1.0,11.294839813751423,3.8947615996800384,"[{""result"": ""W"", ""date"": ""2026-08-02""}, {""result"": ""L"", ""date"": ""2026-08-06""}, {""result"": ""L"", ""date"": ""2026-08-14""}, {""result"": ""W"", ""date"": ""2026-09-01""}, {""result"": ""L"", ""date"": ""2026-09-03""}]"
Joaquin  Aguilar Cardozo,2024-09-13,1493.3183504894855,1511.9950502311845,1497.0157696761228,1500.0,1500.0,0.4806218749999999,0.5,0.5,0.4966095199999999,0.48722432,0.4672,-1.0,25.44,1.248402118921552,[]
Guy Gen Ouden,2026-02-09,1493.218400040432,1500.0,1500.0,1500.0,1494.7250003896297,0.5,0.5,0.425,0.47,0.44,0.4,-1.0,20.0,1.0,"[{""result"": ""L"", ""date"": ""2026-02-09""}]"
Hiroki Moriya,2022-10-03,1493.1089900605637,1498.8153326899542,1500.0,1500.0,1494.9533776858775,0.5,0.5,0.4345624999999999,0.471692,0.446336,0.416,-1.0,16.83,2.778800783071405,[]
Thomas Faurel,2026-05-25,1493.028385399404,1500.0,1491.04677416642,1500.0,1500.0,0.425,0.5,0.5,0.47,0.44,0.4,-1.0,20.0,1.0,"[{""result"": ""L"", ""date"": ""5/25/2026""}]"
Jan Zielinski,2022-01-03,1492.9248750043191,1500.0,1500.0,1500.0,1492.9940579483407,0.5,0.5,0.425,0.47,0.44,0.4,-1.0,20.0,1.0,[]
Felix Gill,2026-06-29,1492.816379768819,1500.0,1500.0,1491.0,1500.0,0.5,0.425,0.5,0.47,0.44,0.4,-1.0,20.0,1.0,"[{""result"": ""L"", ""date"": ""2026-06-29""}]"
Alejandro Gonzalez,2022-03-04,1492.651641326084,1500.0,1500.0,1500.0,1493.5881571134046,0.5,0.5,0.425,0.47,0.44,0.4,-1.0,20.0,1.0,[]
James Trotter,2025-10-01,1492.5042185839072,1500.0,1500.0,1500.0,1493.8408226970362,0.5,0.5,0.425,0.47,0.44,0.4,-1.0,20.0,1.0,"[{""result"": ""L"", ""date"": ""2025-10-01""}]"
Yosuke Watanuki,2025-09-24,1492.2937101603716,1540.267166505843,1494.738809879827,1508.8278500735098,1482.8405983848702,0.3917917683593749,0.5197723437499999,0.2858331419120141,0.3634339977842086,0.2935621704024255,0.2401207685892368,-2.0,28.16900569532232,1.1671635504535436,"[{""result"": ""L"", ""date"": ""2025-07-27""}, {""result"": ""L"", ""date"": ""2025-09-24""}]"
Adria Soriano Barrera,2024-09-14,1492.2300820171592,1501.8082718628589,1500.4725793253378,1500.0,1492.0766351177488,0.51125,0.5,0.425,0.471692,0.446336,0.416,-1.0,22.2,1.2346383321885015,[]
Michael Agwi,2024-09-13,1492.1400209831825,1492.1400209831825,1518.013834397953,1500.0,1473.9153502371255,0.6387499999999999,0.5,0.3070624999999999,0.4833520111999999,0.4894659584,0.5238400000000001,2.0,22.896,2.248402118921552,[]
Max Purcell,2024-08-26,1492.058127100733,1536.455049546494,1472.553675567818,1489.0743413632626,1459.955641920931,0.3616625286310375,0.4272177621438993,0.3835934158586974,0.4224774722552539,0.4413790124752983,0.4277439211751108,-1.0,6.739322599453516,5.333117351251567,[]
Carlos Gimeno Valero,2022-05-02,1491.9843679548223,1500.0,1490.6030740096685,1500.0,1500.0,0.425,0.5,0.5,0.47,0.44,0.4,-1.0,20.0,1.0,[]
Ivan Gakhov,2024-04-15,1491.7875336453665,1503.6373131043604,1487.7991427519523,1500.0,1500.0,0.3693781249999999,0.5,0.5,0.44339048,0.39277568,0.3328,-2.0,25.44,1.248402118921552,[]
Martin Damm,2026-09-01,1491.6492296393103,1532.4253051753146,1500.6955054510572,1490.894460016117,1490.2441034346336,0.4887499999999999,0.4345624999999999,0.2521410265148241,0.3693403823417847,0.274928036952445,0.1883758539676058,-4.0,20.748061422281086,1.9289258222139312,"[{""result"": ""W"", ""date"": ""2026-06-29""}, {""result"": ""L"", ""date"": ""2026-07-01""}, {""result"": ""L"", ""date"": ""2026-07-28""}, {""result"": ""L"", ""date"": ""2026-08-02""}, {""result"": ""L"", ""date"": ""2026-09-01""}]"
Nick Hardt,2024-07-15,1491.4200478531673,1511.5217929101798,1493.310022560804,1500.0,1499.9907475632606,0.4154374999999999,0.5,0.5031218749999999,0.4684820239596797,0.4347709285990401,0.3876864000000001,-2.0,25.42542,1.2653954176182436,[]
Michael Geerts,2022-10-17,1491.4164192523708,1511.2411833029842,1509.028109253038,1500.0,1483.4262233502025,0.575,0.5,0.3612499999999999,0.4683079999999999,0.433664,0.3840000000000001,-2.0,24.6,1.3827028815441191,[]
Miroslav Topo,2026-04-14,1491.339777834747,1500.0,1500.0,1500.0,1491.7700041793787,0.5,0.5,0.425,0.47,0.44,0.4,-1.0,20.0,1.0,"[{""result"": ""L"", ""date"": ""2026-04-14""}]"
Thiago Monteiro,2026-02-16,1491.327100681864,1572.156930099888,1504.7310175031223,1465.62400137772,1461.045427356822,0.3761378080763957,0.2668756953125,0.3203287933604395,0.3608018954091326,0.2668639636691685,0.1825148184621815,-1.0,17.57783474382665,1.2543375586500547,"[{""result"": ""L"", ""date"": ""2026-02-16""}]"
Omni Kumar,2024-08-19,1491.3182547187555,1513.6414300458366,1500.0,1500.0,1495.0767422047468,0.5,0.5,0.42234640625,0.4698030512,0.4385705983999999,0.3942400000000001,-2.0,20.6529,1.407375148341144,[]
Ye Cong Mo,2023-09-20,1491.317571791201,1500.0,1500.0,1500.0,1493.102763819801,0.5,0.5,0.425,0.47,0.44,0.4,-1.0,20.0,1.0,[]
Maxime Janvier,2024-07-01,1491.0982408287384,1500.0,1500.0,1490.7138163475577,1500.0,0.5,0.425,0.5,0.47,0.44,0.4,-1.0,20.0,1.0,[]
Duncan Chan,2026-08-02,1491.0498646323886,1500.0,1500.0,1500.0,1491.0521850399157,0.5,0.5,0.425,0.47,0.44,0.4,-1.0,20.0,1.0,"[{""result"": ""L"", ""date"": ""2026-08-02""}]"
Joao Lucas Reis da Silva,2026-02-16,1491.0437472821202,1500.0,1491.6846232883502,1500.0,1500.0,0.425,0.5,0.5,0.47,0.44,0.4,-1.0,20.0,1.0,"[{""result"": ""L"", ""date"": ""2026-02-16""}]"
Andreja Petrovic,2023-02-03,1491.015532189825,1500.0,1500.0,1500.0,1492.2590848793427,0.5,0.5,0.425,0.47,0.44,0.4,-1.0,20.0,1.0,[]
Gabi Adrian Boitan,2024-09-13,1490.9288431293865,1503.7933713332754,1490.926682925896,1500.0,1499.5455787401363,0.425,0.5,0.4887499999999999,0.471692,0.446336,0.416,-1.0,21.6,2.1173191660942505,[]
Gianluca Cadenasso,2026-05-11,1490.8936049530855,1500.0,1492.231075331776,1500.0,1500.0,0.425,0.5,0.5,0.47,0.44,0.4,-1.0,20.0,1.0,"[{""result"": ""L"", ""date"": ""2026-05-11""}]"
Lloyd Harris,2026-09-03,1490.879802369053,1613.902991228823,1446.2264356040057,1500.7131464910944,1503.7270991945804,0.1666026220991536,0.4775616075879355,0.3859238722454297,0.4022131631377737,0.4220203793658608,0.4510413391738066,-1.0,22.434044688984667,2.1828595669241184,"[{""result"": ""L"", ""date"": ""2025-06-30""}, {""result"": ""W"", ""date"": ""2025-08-25""}, {""result"": ""L"", ""date"": ""2025-08-25""}, {""result"": ""W"", ""date"": ""2026-09-01""}, {""result"": ""L"", ""date"": ""2026-09-03""}]"
Henry Bernet,2025-10-20,1490.847828008926,1500.0,1500.0,1500.0,1492.4358374886583,0.5,0.5,0.425,0.47,0.44,0.4,-1.0,20.0,1.0,"[{""result"": ""L"", ""date"": ""2025-10-20""}]"
Brandon Perez,2021-09-18,1490.6792503716265,1500.0,1500.0,1500.0,1492.552512784425,0.5,0.5,0.425,0.47,0.44,0.4,-1.0,20.0,1.0,[]
Nikolas Sanchez Izquierdo,2024-05-20,1490.6434800984962,1500.0,1492.473352345177,1500.0,1500.0,0.425,0.5,0.5,0.47,0.44,0.4,-1.0,20.0,1.0,[]
Louis Wessels,2023-06-19,1490.6186642395191,1500.0,1500.0,1490.5400092234986,1500.0,0.5,0.425,0.5,0.47,0.44,0.4,-1.0,20.0,1.0,[]
Alexander Zgirovsky,2021-09-18,1490.5467890074426,1500.0,1491.6687306040062,1500.0,1500.0,0.425,0.5,0.5,0.47,0.44,0.4,-1.0,20.0,1.0,[]
Oriol Roca Batalla,2023-05-22,1490.4460520521498,1500.0,1491.935461437218,1500.0,1500.0,0.425,0.5,0.5,0.47,0.44,0.4,-1.0,20.0,1.0,[]
Evan Furness,2022-09-19,1490.4029185686131,1500.0,1500.0,1500.0,1492.2343352869943,0.5,0.5,0.425,0.47,0.44,0.4,-1.0,20.0,1.0,[]
Yshai Oliel,2024-09-13,1490.2988036525885,1490.2988036525885,1500.0,1500.0,1492.3992682506707,0.5,0.5,0.5519830200166015,0.4967666824583082,0.528943660930433,0.5950448640000001,2.0,32.4073116,2.146675769961245,[]
Joao Faria,2025-06-30,1490.0918463905034,1500.0,1500.0,1491.5817441399863,1500.0,0.5,0.425,0.5,0.47,0.44,0.4,-1.0,20.0,1.0,"[{""result"": ""L"", ""date"": ""2025-06-30""}]"
Adam Neff,2024-02-05,1490.032360659976,1500.0,1500.0,1500.0,1491.2582141721618,0.5,0.5,0.425,0.47,0.44,0.4,-1.0,20.0,1.0,[]
Yousaf Khalil,2024-09-14,1490.0144442496842,1500.0,1500.0,1500.0,1492.221740144442,0.5,0.5,0.425,0.47,0.44,0.4,-1.0,20.0,1.0,[]
Nikolai Budov Kjaer,2025-10-20,1489.9651952108395,1500.0,1500.0,1500.0,1491.1345114174155,0.5,0.5,0.425,0.47,0.44,0.4,-1.0,20.0,1.0,"[{""result"": ""L"", ""date"": ""2025-10-20""}]"
Heve Kelley,2024-02-02,1489.9164478644889,1500.0,1500.0,1500.0,1491.905787335129,0.5,0.5,0.425,0.47,0.44,0.4,-1.0,20.0,1.0,[]
Francisco Llanes,2021-09-18,1489.8833737652828,1500.0,1491.0089735067204,1500.0,1500.0,0.425,0.5,0.5,0.47,0.44,0.4,-1.0,20.0,1.0,[]
Toby Samuel,2026-09-03,1489.7052809980812,1494.981446494662,1493.11908292135,1481.471308712931,1505.1748425157214,0.425,0.3612499999999999,0.4887499999999999,0.4233520111999999,0.3694659584,0.3238400000000001,-1.0,21.3788,2.140250811380437,"[{""result"": ""L"", ""date"": ""5/25/2026""}, {""result"": ""L"", ""date"": ""2026-06-16""}, {""result"": ""L"", ""date"": ""2026-06-29""}, {""result"": ""W"", ""date"": ""2026-09-01""}, {""result"": ""L"", ""date"": ""2026-09-03""}]"
Nicholas David Ionel,2024-02-03,1489.6198133279938,1509.6972413552044,1502.2581669149606,1500.0,1491.4916092696626,0.4887499999999999,0.5,0.4345624999999999,0.4701969487999998,0.4414294016000001,0.4057600000000001,-1.0,23.982,1.2621659056546024,[]
Sebastian Fanselow,2024-05-20,1489.5068518802748,1500.0,1491.36920610326,1500.0,1500.0,0.425,0.5,0.5,0.47,0.44,0.4,-1.0,20.0,1.0,[]
Isaac Becroft,2022-09-16,1489.426276756816,1500.0,1500.0,1500.0,1492.2900924054725,0.5,0.5,0.425,0.47,0.44,0.4,-1.0,20.0,1.0,[]
Matthew Forbes,2024-08-26,1489.4166845260895,1500.0,1500.0,1500.0,1491.4077410101436,0.5,0.5,0.425,0.47,0.44,0.4,-1.0,20.0,1.0,[]
Viacheslav Bielinskyi,2024-02-01,1489.3337966004362,1500.4755551633657,1500.0,1500.0,1489.9244225303548,0.5,0.5,0.4345624999999999,0.471692,0.446336,0.416,-1.0,27.6,1.1310829528273012,[]
Javier Barranco Cosano,2024-05-20,1489.2152765604892,1500.0,1490.433852035094,1500.0,1500.0,0.425,0.5,0.5,0.47,0.44,0.4,-1.0,20.0,1.0,[]
Patrick Kaukovalta,2023-11-21,1489.2025002360456,1500.0,1500.0,1500.0,1491.692449878423,0.5,0.5,0.425,0.47,0.44,0.4,-1.0,20.0,1.0,[]
Alex Rybakov,2023-02-06,1489.202232326808,1500.0,1500.0,1500.0,1491.4916144148035,0.5,0.5,0.425,0.47,0.44,0.4,-1.0,20.0,1.0,[]
Thijs Boogaard,2026-02-09,1489.1343554524794,1500.0,1500.0,1500.0,1491.3992982956363,0.5,0.5,0.425,0.47,0.44,0.4,-1.0,20.0,1.0,"[{""result"": ""L"", ""date"": ""2026-02-09""}]"
William Blumberg,2022-07-11,1489.0070094918394,1500.0,1500.0,1491.4424545227105,1500.0,0.5,0.425,0.5,0.47,0.44,0.4,-1.0,20.0,1.0,[]
Theo Papamalamis,2024-11-04,1488.9172508200309,1500.0,1500.0,1500.0,1489.6386974995771,0.5,0.5,0.425,0.47,0.44,0.4,-1.0,20.0,1.0,[]
Illia Biloborodko,2022-09-15,1488.9115887760877,1500.0,1500.0,1500.0,1490.922354731823,0.5,0.5,0.425,0.47,0.44,0.4,-1.0,20.0,1.0,[]
Igor Marcondes,2026-02-16,1488.8405696369011,1500.0,1491.5882103735914,1500.0,1500.0,0.425,0.5,0.5,0.47,0.44,0.4,-1.0,20.0,1.0,"[{""result"": ""L"", ""date"": ""2026-02-16""}]"
Jesse Flores,2024-02-02,1488.8121751694011,1500.0,1500.0,1500.0,1491.4655913042338,0.5,0.5,0.425,0.47,0.44,0.4,-1.0,20.0,1.0,[]
Karam Hatamleh,2023-02-03,1488.8109872991158,1500.0,1500.0,1500.0,1491.4660046631104,0.5,0.5,0.425,0.47,0.44,0.4,-1.0,20.0,1.0,[]
Trent Bryde,2021-07-26,1488.7820699307338,1500.0,1500.0,1500.0,1491.4945235618272,0.5,0.5,0.425,0.47,0.44,0.4,-1.0,20.0,1.0,[]
Manuel Guinard,2024-11-04,1488.772896134608,1509.1038486606008,1493.7951363791872,1500.0,1492.823688399393,0.42234640625,0.5,0.4085285937499999,0.4446512866114729,0.3963391457457549,0.3391045632000001,-2.0,19.870660968000003,1.45620968880122,[]
Simon Carr,2023-02-03,1488.771559218185,1512.0,1500.0,1500.0,1491.4420648674652,0.5,0.5,0.4154374999999999,0.4683079999999999,0.433664,0.3840000000000001,-2.0,22.2,1.2346383321885015,[]
Gonzalo Villanueva,2022-08-01,1488.745425625268,1500.0,1500.0,1500.0,1490.908297056828,0.5,0.5,0.425,0.47,0.44,0.4,-1.0,20.0,1.0,[]
Maxim Shin,2024-02-02,1488.7354129801447,1500.0,1500.0,1500.0,1491.6261681456465,0.5,0.5,0.425,0.47,0.44,0.4,-1.0,20.0,1.0,[]
Daniil Glinka,2021-09-17,1488.6794191240422,1500.0,1500.0,1500.0,1491.0124582422989,0.5,0.5,0.425,0.47,0.44,0.4,-1.0,20.0,1.0,[]
Evgenii Tiurnev,2021-10-25,1488.6793846148296,1500.0,1500.0,1500.0,1491.4973745557932,0.5,0.5,0.425,0.47,0.44,0.4,-1.0,20.0,1.0,[]
Kevin Krawietz,2024-02-02,1488.600191860442,1500.0,1500.0,1500.0,1491.2670035717322,0.5,0.5,0.425,0.47,0.44,0.4,-1.0,20.0,1.0,[]
Rodrigo Crespo Piedra,2024-02-02,1488.5522516167075,1500.0,1500.0,1500.0,1491.0646907305186,0.5,0.5,0.425,0.47,0.44,0.4,-1.0,20.0,1.0,[]
Diego Duran,2024-02-02,1488.5184433292045,1488.5184433292045,1490.7669153919285,1500.0,1500.2330846080715,0.425,0.5,0.51125,0.4752919999999999,0.460736,0.456,1.0,27.6,1.1310829528273012,[]
Daniel Masur,2021-06-28,1488.4883512391275,1500.0,1500.0,1491.2400521591735,1500.0,0.5,0.425,0.5,0.47,0.44,0.4,-1.0,20.0,1.0,[]
Dustin Brown,2021-06-07,1488.4468488923987,1500.0,1500.0,1491.0,1500.0,0.5,0.425,0.5,0.47,0.44,0.4,-1.0,20.0,1.0,[]
Sam Riffice,2021-08-30,1488.4299747629198,1500.0,1500.0,1500.0,1491.6882763181673,0.5,0.5,0.425,0.47,0.44,0.4,-1.0,20.0,1.0,[]
Lucky Candra Kurniawan,2022-09-16,1488.414300586377,1500.0,1500.0,1500.0,1491.2330846080715,0.5,0.5,0.425,0.47,0.44,0.4,-1.0,20.0,1.0,[]
Jack Cheng,2024-09-14,1488.4000076259508,1500.0,1500.0,1500.0,1491.0,0.5,0.5,0.425,0.47,0.44,0.4,-1.0,20.0,1.0,[]
Vladimir Ivanov,2021-09-17,1488.3364098183729,1500.0,1500.0,1500.0,1491.0,0.5,0.5,0.425,0.47,0.44,0.4,-1.0,20.0,1.0,[]
Oliver Crawford,2025-06-30,1488.3183742968165,1500.0,1500.0,1491.0432093497243,1500.0,0.5,0.425,0.5,0.47,0.44,0.4,-1.0,20.0,1.0,"[{""result"": ""L"", ""date"": ""2025-06-30""}]"
Mattias Siimar,2021-09-17,1488.275135822193,1500.0,1500.0,1500.0,1490.7735021256092,0.5,0.5,0.425,0.47,0.44,0.4,-1.0,20.0,1.0,[]
Mees Rottgering,2026-02-09,1488.2620518790948,1500.0,1500.0,1500.0,1489.8111605342224,0.5,0.5,0.425,0.47,0.44,0.4,-1.0,20.0,1.0,"[{""result"": ""L"", ""date"": ""2026-02-09""}]"
Raphael Collingnon,2025-10-20,1488.2146302521585,1500.0,1500.0,1500.0,1490.89777960455,0.5,0.5,0.425,0.47,0.44,0.4,-1.0,20.0,1.0,"[{""result"": ""L"", ""date"": ""2025-10-20""}]"
Luca Darderi,2025-10-27,1488.0713650910134,1500.0,1500.0,1500.0,1491.1855963028097,0.5,0.5,0.425,0.47,0.44,0.4,-1.0,20.0,1.0,"[{""result"": ""L"", ""date"": ""2025-10-27""}]"
Federico Zeballos,2022-09-16,1488.0143094285309,1500.0,1500.0,1500.0,1491.0060378419637,0.5,0.5,0.425,0.47,0.44,0.4,-1.0,20.0,1.0,[]
Alan Fernando Rubio Fierros,2024-09-14,1488.0084254590042,1499.6269751896848,1490.7853280049342,1500.0,1500.1965857744608,0.425,0.5,0.4887499999999999,0.471692,0.446336,0.416,-1.0,21.6,2.1173191660942505,[]
Min Kyu Song,2024-09-13,1488.0,1500.0,1500.0,1500.0,1491.0,0.5,0.5,0.425,0.47,0.44,0.4,-1.0,20.0,1.0,[]
Siim Troost,2021-09-17,1488.0,1500.0,1500.0,1500.0,1491.0,0.5,0.5,0.425,0.47,0.44,0.4,-1.0,20.0,1.0,[]
Roey Tabet,2021-09-18,1488.0,1500.0,1491.0,1500.0,1500.0,0.425,0.5,0.5,0.47,0.44,0.4,-1.0,20.0,1.0,[]
Raul Garcia,2023-02-02,1488.0,1500.0,1500.0,1500.0,1491.0,0.5,0.5,0.425,0.47,0.44,0.4,-1.0,20.0,1.0,[]
Kwok Shun Dasson Chan,2024-02-03,1488.0,1500.0,1500.0,1500.0,1491.0,0.5,0.5,0.425,0.47,0.44,0.4,-1.0,20.0,1.0,[]
Luis Patino,2021-03-05,1488.0,1500.0,1500.0,1500.0,1491.0,0.5,0.5,0.425,0.47,0.44,0.4,-1.0,20.0,1.0,[]
Blake Mott,2021-02-01,1488.0,1500.0,1500.0,1500.0,1491.0,0.5,0.5,0.425,0.47,0.44,0.4,-1.0,20.0,1.0,[]
Michael Vrbensky,2021-01-05,1488.0,1500.0,1500.0,1500.0,1491.0,0.5,0.5,0.425,0.47,0.44,0.4,-1.0,20.0,1.0,[]
Andrea Arnaboldi,2021-01-05,1488.0,1500.0,1500.0,1500.0,1491.0,0.5,0.5,0.425,0.47,0.44,0.4,-1.0,20.0,1.0,[]
Marsel Ilhan,2021-01-05,1488.0,1500.0,1500.0,1500.0,1491.0,0.5,0.5,0.425,0.47,0.44,0.4,-1.0,20.0,1.0,[]
Matthias Bachinger,2021-01-05,1488.0,1500.0,1500.0,1500.0,1491.0,0.5,0.5,0.425,0.47,0.44,0.4,-1.0,20.0,1.0,[]
Ryan Harrison,2021-01-04,1488.0,1500.0,1500.0,1500.0,1491.0,0.5,0.5,0.425,0.47,0.44,0.4,-1.0,20.0,1.0,[]
Donald Young,2021-01-04,1488.0,1500.0,1500.0,1500.0,1491.0,0.5,0.5,0.425,0.47,0.44,0.4,-1.0,20.0,1.0,[]
Kevin King,2021-01-04,1488.0,1500.0,1500.0,1500.0,1491.0,0.5,0.5,0.425,0.47,0.44,0.4,-1.0,20.0,1.0,[]
Jc Aragone,2021-01-04,1488.0,1500.0,1500.0,1500.0,1491.0,0.5,0.5,0.425,0.47,0.44,0.4,-1.0,20.0,1.0,[]
Hamid Reza Nadaf,2024-03-15,1488.0,1500.0,1491.0,1500.0,1500.0,0.425,0.5,0.5,0.47,0.44,0.4,-1.0,20.0,1.0,[]
Gastao Elias,2021-09-18,1488.0,1500.0,1500.0,1500.0,1491.0,0.5,0.5,0.425,0.47,0.44,0.4,-1.0,20.0,1.0,[]
Devin Badenhorst,2023-02-04,1488.0,1500.0,1500.0,1500.0,1491.0,0.5,0.5,0.425,0.47,0.44,0.4,-1.0,20.0,1.0,[]
Alexis Klegou,2022-03-04,1488.0,1500.0,1500.0,1500.0,1491.0,0.5,0.5,0.425,0.47,0.44,0.4,-1.0,20.0,1.0,[]
Jacob Bicknell,2023-02-04,1488.0,1500.0,1500.0,1500.0,1491.0,0.5,0.5,0.425,0.47,0.44,0.4,-1.0,20.0,1.0,[]
Thanapet Chanta,2024-02-03,1488.0,1500.0,1491.0,1500.0,1500.0,0.425,0.5,0.5,0.47,0.44,0.4,-1.0,20.0,1.0,[]
Luca Preda,2024-02-03,1488.0,1500.0,1500.0,1500.0,1491.0,0.5,0.5,0.425,0.47,0.44,0.4,-1.0,20.0,1.0,[]
Dac Tien Nguyen,2023-02-04,1488.0,1500.0,1500.0,1500.0,1491.0,0.5,0.5,0.425,0.47,0.44,0.4,-1.0,20.0,1.0,[]
Ricardo Rodriguez,2021-09-18,1488.0,1500.0,1500.0,1500.0,1491.0,0.5,0.5,0.425,0.47,0.44,0.4,-1.0,20.0,1.0,[]
Matavao Fanguna,2024-02-02,1488.0,1500.0,1500.0,1500.0,1491.0,0.5,0.5,0.425,0.47,0.44,0.4,-1.0,20.0,1.0,[]
Dimitri Badra,2021-09-18,1488.0,1500.0,1500.0,1500.0,1491.0,0.5,0.5,0.425,0.47,0.44,0.4,-1.0,20.0,1.0,[]
Matthew Foster Estwick,2022-09-16,1488.0,1500.0,1500.0,1500.0,1491.0,0.5,0.5,0.425,0.47,0.44,0.4,-1.0,20.0,1.0,[]
Daniel Dutra Da Silva,2022-07-25,1488.0,1500.0,1491.0,1500.0,1500.0,0.425,0.5,0.5,0.47,0.44,0.4,-1.0,20.0,1.0,[]
Delmas Ntcha,2022-03-04,1488.0,1500.0,1500.0,1500.0,1491.0,0.5,0.5,0.425,0.47,0.44,0.4,-1.0,20.0,1.0,[]
Daniel Azar,2023-09-15,1488.0,1500.0,1491.0,1500.0,1500.0,0.425,0.5,0.5,0.47,0.44,0.4,-1.0,20.0,1.0,[]
Jose  Flores,2023-09-16,1488.0,1500.0,1491.0,1500.0,1500.0,0.425,0.5,0.5,0.47,0.44,0.4,-1.0,20.0,1.0,[]
Walid Ahouda,2023-09-16,1488.0,1500.0,1500.0,1500.0,1491.0,0.5,0.5,0.425,0.47,0.44,0.4,-1.0,20.0,1.0,[]
Courtney John Lock,2024-02-03,1487.9911464218574,1500.0,1500.0,1500.0,1490.9468915963273,0.5,0.5,0.425,0.47,0.44,0.4,-1.0,20.0,1.0,[]
Thomas Fancutt,2021-02-01,1487.9856905714691,1500.0,1500.0,1500.0,1490.9939621580363,0.5,0.5,0.425,0.47,0.44,0.4,-1.0,20.0,1.0,[]
Ki Lung Ng,2024-09-14,1487.9856720626378,1499.9851594895667,1500.0,1500.0,1490.993956064593,0.5,0.5,0.4345624999999999,0.471692,0.446336,0.416,-1.0,27.6,1.1310829528273012,[]
Lleyton Cronje,2022-09-16,1487.9697208730147,1500.0,1491.0,1500.0,1500.0,0.425,0.5,0.5,0.47,0.44,0.4,-1.0,20.0,1.0,[]
Alvaro Lopez San Martin,2023-05-22,1487.964964251225,1500.0,1491.8303175552844,1500.0,1500.0,0.425,0.5,0.5,0.47,0.44,0.4,-1.0,20.0,1.0,[]
Juan Borba,2023-02-03,1487.9628083573623,1500.0,1500.0,1500.0,1490.5607890902372,0.5,0.5,0.425,0.47,0.44,0.4,-1.0,20.0,1.0,[]
Mischa Zverev,2021-03-22,1487.9613972242582,1500.0,1500.0,1500.0,1490.983267975193,0.5,0.5,0.425,0.47,0.44,0.4,-1.0,20.0,1.0,[]
Roberto Marcora,2021-10-04,1487.9487714817867,1512.0,1500.0,1500.0,1490.404116794122,0.5,0.5,0.4154374999999999,0.4683079999999999,0.433664,0.3840000000000001,-2.0,22.2,1.2346383321885015,[]
Kenneth Raisma,2023-02-04,1487.948345758927,1500.0,1500.0,1500.0,1491.0,0.5,0.5,0.425,0.47,0.44,0.4,-1.0,20.0,1.0,[]
Aleksander Vukic,2026-03-18,1487.92322935999,1500.0,1500.0,1500.0,1490.7281162102113,0.5,0.5,0.425,0.47,0.44,0.4,-1.0,20.0,1.0,"[{""result"": ""L"", ""date"": ""2026-03-18""}]"
Amr Elsayed Abdou Ahmed Mohamed,2024-09-13,1487.8771346084366,1512.2514176306206,1499.3203319466882,1500.0,1491.794594357999,0.4806218749999999,0.5,0.4345624999999999,0.4688759215596799,0.43762973179904,0.3992064000000001,-1.0,34.36836000000001,1.134524131773135,[]
Jan Engel,2026-04-14,1487.815277734402,1500.0,1500.0,1500.0,1490.8702489035627,0.5,0.5,0.425,0.47,0.44,0.4,-1.0,20.0,1.0,"[{""result"": ""L"", ""date"": ""2026-04-14""}]"
Lorenzo Darderi,2026-03-18,1487.7738862048848,1500.0,1500.0,1500.0,1491.4194408134442,0.5,0.5,0.425,0.47,0.44,0.4,-1.0,20.0,1.0,"[{""result"": ""L"", ""date"": ""2026-03-18""}]"
Orel Kimhi,2024-02-03,1487.7646079817812,1500.0,1500.0,1500.0,1490.8716657197567,0.5,0.5,0.425,0.47,0.44,0.4,-1.0,20.0,1.0,[]
Finn Reynolds,2021-09-17,1487.7643961064236,1500.0,1500.0,1491.2160555800667,1500.0,0.5,0.425,0.5,0.47,0.44,0.4,-1.0,20.0,1.0,[]
Zhe Li,2023-09-20,1487.6574637928466,1500.0,1500.0,1500.0,1490.739795953482,0.5,0.5,0.425,0.47,0.44,0.4,-1.0,20.0,1.0,[]
Marcos Lee Chan Baratau,2024-09-14,1487.6565309248326,1500.0,1500.0,1500.0,1490.943775891384,0.5,0.5,0.425,0.47,0.44,0.4,-1.0,20.0,1.0,[]
Tegar Abdi Satrio Wibowo,2022-09-16,1487.6394118989151,1500.0,1500.0,1500.0,1491.137445701728,0.5,0.5,0.425,0.47,0.44,0.4,-1.0,20.0,1.0,[]
Philip Hjorth,2024-09-14,1487.6187628508137,1500.0,1500.0,1500.0,1490.7336953804172,0.5,0.5,0.425,0.47,0.44,0.4,-1.0,20.0,1.0,[]
Ming Zheng,2026-03-04,1487.6131098173294,1500.0,1500.0,1500.0,1490.7877448007305,0.5,0.5,0.425,0.47,0.44,0.4,-1.0,20.0,1.0,"[{""result"": ""L"", ""date"": ""2026-03-04""}]"
Mahammad Abid,2023-02-03,1487.585699413623,1500.0,1500.0,1500.0,1490.7669153919285,0.5,0.5,0.425,0.47,0.44,0.4,-1.0,20.0,1.0,[]
Edgars Manusis,2021-09-18,1487.585699413623,1500.0,1500.0,1500.0,1490.7669153919285,0.5,0.5,0.425,0.47,0.44,0.4,-1.0,20.0,1.0,[]
Minhtuan Pham,2023-02-04,1487.585699413623,1500.0,1500.0,1500.0,1490.7669153919285,0.5,0.5,0.425,0.47,0.44,0.4,-1.0,20.0,1.0,[]
Hamza Karmoussi,2024-02-03,1487.585699413623,1500.0,1500.0,1500.0,1491.0,0.5,0.5,0.425,0.47,0.44,0.4,-1.0,20.0,1.0,[]
Lluis Miralles,2021-03-05,1487.573873849281,1500.0,1500.0,1500.0,1490.761662859656,0.5,0.5,0.425,0.47,0.44,0.4,-1.0,20.0,1.0,[]
Thabo Ncube,2021-11-26,1487.5714076300158,1500.0,1491.0,1500.0,1500.0,0.425,0.5,0.5,0.47,0.44,0.4,-1.0,20.0,1.0,[]
Wojciech Marek,2021-03-05,1487.5714076300158,1500.0,1500.0,1500.0,1490.7608817045066,0.5,0.5,0.425,0.47,0.44,0.4,-1.0,20.0,1.0,[]
Marcelo Demoliner,2023-09-15,1487.5528992640202,1500.0,1500.0,1500.0,1490.7525615922464,0.5,0.5,0.425,0.47,0.44,0.4,-1.0,20.0,1.0,[]
Jack Kennedy,2026-09-01,1487.4927185767644,1500.0,1500.0,1500.0,1491.020968960925,0.5,0.5,0.425,0.47,0.44,0.4,-1.0,20.0,1.0,"[{""result"": ""L"", ""date"": ""2026-09-01""}]"
Johannes Ingildsen,2022-09-17,1487.37816849864,1487.37816849864,1500.0,1491.2330846080715,1500.006033687422,0.5,0.425,0.51125,0.4752919999999999,0.460736,0.456,1.0,27.6,1.1310829528273012,[]
Martin Cuevas,2022-09-16,1487.3183804563275,1499.898529556714,1491.0063224098617,1500.0,1500.0,0.4345624999999999,0.5,0.5,0.471692,0.446336,0.416,-1.0,21.6,2.1173191660942505,[]
Cayetano March,2022-03-04,1487.3103327114884,1500.0,1500.0,1500.0,1490.7490448229605,0.5,0.5,0.425,0.47,0.44,0.4,-1.0,20.0,1.0,[]
Hernan Casanova,2022-07-25,1487.3020315770095,1500.0,1491.0,1500.0,1500.0,0.425,0.5,0.5,0.47,0.44,0.4,-1.0,20.0,1.0,[]
Zura Tkemaladze,2024-02-03,1487.2662492671932,1512.0,1500.0,1500.0,1491.3057939598564,0.5,0.5,0.4154374999999999,0.4683079999999999,0.433664,0.3840000000000001,-2.0,21.6,2.1173191660942505,[]
Nathan Anthony Barki,2022-09-16,1487.1983455875568,1500.0,1500.0,1500.0,1490.901779228658,0.5,0.5,0.425,0.47,0.44,0.4,-1.0,20.0,1.0,[]
Patrik Niklas Salminen,2021-09-17,1487.1979385095267,1500.0,1500.0,1500.0,1490.564989892716,0.5,0.5,0.425,0.47,0.44,0.4,-1.0,20.0,1.0,[]
Leonardo Mayer,2021-03-08,1487.1750531232926,1500.0,1490.7669153919285,1500.0,1500.0,0.425,0.5,0.5,0.47,0.44,0.4,-1.0,20.0,1.0,[]
Maximus Jones,2024-02-03,1487.1717827711186,1500.0,1491.0,1500.0,1500.0,0.425,0.5,0.5,0.47,0.44,0.4,-1.0,20.0,1.0,[]
Gillian Osmont,2024-02-02,1487.1613801235096,1500.0,1500.0,1500.0,1490.7669153919285,0.5,0.5,0.425,0.47,0.44,0.4,-1.0,20.0,1.0,[]
Mehluli Don Ayanda Sibanda,2021-11-26,1487.125145829283,1500.0,1491.0,1500.0,1500.0,0.425,0.5,0.5,0.47,0.44,0.4,-1.0,20.0,1.0,[]
Antoine Escoffier,2024-01-29,1487.0872426111816,1500.0,1500.0,1500.0,1490.175631936856,0.5,0.5,0.425,0.47,0.44,0.4,-1.0,20.0,1.0,[]
Luka Mikrut,2024-07-22,1487.0621737346282,1500.0,1490.4159548163302,1500.0,1500.0,0.425,0.5,0.5,0.47,0.44,0.4,-1.0,20.0,1.0,[]
Tao Mu,2023-09-20,1487.0538277092303,1500.0,1500.0,1500.0,1491.2693600057758,0.5,0.5,0.425,0.47,0.44,0.4,-1.0,20.0,1.0,[]
Petros Chrysochos,2024-02-03,1486.9805999667262,1512.0,1500.0,1500.0,1490.611337734602,0.4887499999999999,0.5,0.4154374999999999,0.4668129487999999,0.4287574016,0.3737600000000001,-2.0,23.982,1.2621659056546024,[]
Facundo Diaz Acosta,2026-09-01,1486.9589251963812,1561.2485993468483,1539.532359935968,1491.987774642423,1440.934768341923,0.5172782323031225,0.425,0.1745233026215281,0.3964049615146713,0.3263184306343354,0.2640132185476092,-2.0,19.984737872213756,1.2565714239345351,"[{""result"": ""W"", ""date"": ""5/25/2026""}, {""result"": ""L"", ""date"": ""2026-05-27""}, {""result"": ""L"", ""date"": ""2026-09-01""}]"
Joris De Loore,2024-02-03,1486.9584082938356,1500.0,1500.0,1500.0,1490.8077305890515,0.5,0.5,0.425,0.47,0.44,0.4,-1.0,20.0,1.0,[]
Stefan Dostanic,2025-08-25,1486.881982448966,1500.0,1500.0,1500.0,1490.5097389865032,0.5,0.5,0.425,0.47,0.44,0.4,-1.0,20.0,1.0,"[{""result"": ""L"", ""date"": ""2025-08-25""}]"
Sandro Ehrat,2021-07-19,1486.8797111666474,1500.0,1491.0,1500.0,1500.0,0.425,0.5,0.5,0.47,0.44,0.4,-1.0,20.0,1.0,[]
Vasek Pospisil,2024-08-05,1486.8521891681394,1502.002204333015,1500.0,1491.874300221392,1477.0908893286935,0.5,0.4135202785156249,0.4413994764127565,0.4289022814921446,0.4383242058753019,0.443996422349022,-1.0,31.313432595767303,1.1352641277486628,[]
Johan Nikles,2022-05-16,1486.8496341757614,1500.101063145013,1490.862962856269,1500.0,1500.0,0.4345624999999999,0.5,0.5,0.471692,0.446336,0.416,-1.0,21.6,2.1173191660942505,[]
Faris Zakaryia,2024-09-13,1486.8235164707569,1500.0,1490.7899168902154,1500.0,1500.0,0.425,0.5,0.5,0.47,0.44,0.4,-1.0,20.0,1.0,[]
Siddharth Vishwakarma,2024-09-14,1486.8204299287888,1500.0,1500.0,1500.0,1491.1352269100346,0.5,0.5,0.425,0.47,0.44,0.4,-1.0,20.0,1.0,[]
Lukas Hellum Lilleengen,2022-09-16,1486.8089532577037,1500.0,1500.0,1500.0,1490.636327408963,0.5,0.5,0.425,0.47,0.44,0.4,-1.0,20.0,1.0,[]
Corentin Moutet,2026-09-01,1486.7749721281898,1564.4510791100568,1471.3544981441091,1479.272123561933,1489.1770495107123,0.253993643466844,0.3945567518777642,0.3824679879214159,0.3340635759725679,0.2894189711399725,0.2488708398442595,-2.0,13.35214711308745,2.078976171482606,"[{""result"": ""L"", ""date"": ""2026-06-17""}, {""result"": ""L"", ""date"": ""2026-06-29""}, {""result"": ""W"", ""date"": ""2026-08-02""}, {""result"": ""L"", ""date"": ""2026-08-06""}, {""result"": ""L"", ""date"": ""2026-09-01""}]"
Luis Miguel,2026-02-16,1486.766490458383,1500.0,1490.6667809031908,1500.0,1500.0,0.425,0.5,0.5,0.47,0.44,0.4,-1.0,20.0,1.0,"[{""result"": ""L"", ""date"": ""2026-02-16""}]"
Yanki Erel,2024-09-13,1486.66236968516,1499.5670628930986,1482.039084352656,1500.0,1508.759574598229,0.3612499999999999,0.5,0.575,0.471692,0.446336,0.416,-1.0,27.6,1.1310829528273012,[]
Riccardo Bonadio,2023-04-03,1486.6380889475074,1511.260086147065,1490.5307884479714,1500.0,1500.0,0.4154374999999999,0.5,0.5,0.4683079999999999,0.433664,0.3840000000000001,-2.0,19.7,1.5730095937203803,[]
James Ward,2021-06-21,1486.5431873004657,1500.0,1500.0,1490.7669153919285,1500.0,0.5,0.425,0.5,0.47,0.44,0.4,-1.0,20.0,1.0,[]
Otto Virtanen,2026-09-01,1486.5047582140562,1518.5663888435572,1481.0785438600496,1502.610884420034,1480.0232863461306,0.3070624999999999,0.4806218749999999,0.2747145775750921,0.3584251372767246,0.284571892195471,0.2308514334036133,-2.0,30.731618628078404,1.2424733534523829,"[{""result"": ""L"", ""date"": ""2026-02-23""}, {""result"": ""L"", ""date"": ""2026-04-13""}, {""result"": ""W"", ""date"": ""2026-06-29""}, {""result"": ""L"", ""date"": ""2026-07-01""}, {""result"": ""L"", ""date"": ""2026-09-01""}]"
Diego Dedura,2026-05-17,1486.4946498560791,1500.0,1491.4301114775087,1500.0,1493.244561984088,0.425,0.5,0.425,0.4417999999999999,0.3872,0.32,-2.0,21.3,1.3077180219268003,"[{""result"": ""L"", ""date"": ""2026-04-14""}, {""result"": ""L"", ""date"": ""2026-05-17""}]"
Juan Martin del Potro,2022-02-07,1486.366621638963,1500.0,1492.506464078709,1500.0,1500.0,0.425,0.5,0.5,0.47,0.44,0.4,-1.0,20.0,1.0,[]
Raul Brancaccio,2021-05-24,1486.3578260178383,1500.0,1490.392729253084,1500.0,1500.0,0.425,0.5,0.5,0.47,0.44,0.4,-1.0,20.0,1.0,[]
Danilo Petrovic,2021-04-19,1486.3452844773735,1500.0,1491.0289738186286,1500.0,1500.0,0.425,0.5,0.5,0.47,0.44,0.4,-1.0,20.0,1.0,[]
Prajnesh Gunneswaran,2023-02-03,1486.172957127063,1489.5453292901082,1500.0,1500.0,1488.3431676963305,0.5,0.5,0.4306935078124999,0.4547699305279998,0.433978683392,0.4334720000000001,1.0,31.087860000000006,1.134624801557764,[]
Alex Bolt,2025-06-30,1486.1660015722257,1525.1332853576814,1500.0,1477.0004572843104,1488.630198447955,0.5,0.3571758018974609,0.370872842576867,0.396211273737027,0.3579046416525096,0.3377905956313069,-1.0,25.58223637676467,1.4419188597506467,"[{""result"": ""L"", ""date"": ""2025-06-30""}]"
Alexander Sarkissian,2021-07-19,1486.1083657489355,1500.0,1500.0,1500.0,1490.5460169777164,0.5,0.5,0.425,0.47,0.44,0.4,-1.0,20.0,1.0,[]
Christian Sigsgaard,2022-09-17,1486.0999269117287,1512.0,1500.0,1491.0,1500.0001522484015,0.5,0.425,0.4887499999999999,0.4683079999999999,0.433664,0.3840000000000001,-2.0,27.6,1.1310829528273012,[]
Liam Krall,2023-02-06,1486.0196339427348,1500.0,1500.0,1500.0,1490.7794933438731,0.5,0.5,0.425,0.47,0.44,0.4,-1.0,20.0,1.0,[]
Caleb Chakravarthi,2022-02-07,1485.9712009339798,1500.0,1500.0,1500.0,1489.731340466347,0.5,0.5,0.425,0.47,0.44,0.4,-1.0,20.0,1.0,[]
Clement Chidekh,2023-02-06,1485.7412304921668,1500.0,1500.0,1500.0,1489.7443555671607,0.5,0.5,0.425,0.47,0.44,0.4,-1.0,20.0,1.0,[]
Manas Dhamne,2023-01-02,1485.708081494112,1500.0,1500.0,1500.0,1490.0782527475733,0.5,0.5,0.425,0.47,0.44,0.4,-1.0,20.0,1.0,[]
Francisco Comesana,2026-09-01,1485.691734135501,1524.4133331086975,1462.6035917318334,1501.9927059985034,1496.4039268682127,0.319546621844807,0.461496875,0.2867755399059728,0.338296334181731,0.2970583232771294,0.2789526020886878,-2.0,19.303274390952964,1.4707143832304306,"[{""result"": ""L"", ""date"": ""2026-05-11""}, {""result"": ""W"", ""date"": ""5/25/2026""}, {""result"": ""W"", ""date"": ""2026-05-27""}, {""result"": ""L"", ""date"": ""2026-05-28""}, {""result"": ""L"", ""date"": ""2026-09-01""}]"
Conor Gannon,2024-09-13,1485.686654236315,1511.143212796064,1490.5476561927308,1500.0,1500.0,0.4154374999999999,0.5,0.5,0.4683079999999999,0.433664,0.3840000000000001,-2.0,21.6,2.1173191660942505,[]
Branko Djuric,2024-11-04,1485.6649436206258,1500.0,1500.0,1500.0,1489.7171768909727,0.5,0.5,0.425,0.47,0.44,0.4,-1.0,20.0,1.0,[]
Erik Arutiunian,2021-09-18,1485.6505232017196,1500.0,1489.9822684004776,1500.0,1500.0,0.425,0.5,0.5,0.47,0.44,0.4,-1.0,20.0,1.0,[]
Joel Schwaerzler,2024-10-21,1485.586072232766,1500.0,1490.431107518095,1500.0,1496.6508724882194,0.425,0.5,0.425,0.4417999999999999,0.3872,0.32,-2.0,24.0,1.1173191660942507,[]
Federico Agustin Gomez,2025-08-25,1485.5440685787387,1499.5494910851655,1490.6533557780936,1500.0,1495.4396636638016,0.425,0.5,0.4154374999999999,0.44339048,0.39277568,0.3328,-1.0,25.44,1.248402118921552,"[{""result"": ""L"", ""date"": ""2025-08-25""}]"
Amir Milushev,2023-02-03,1485.529648853187,1500.0,1500.0,1500.0,1489.6814791787922,0.5,0.5,0.425,0.47,0.44,0.4,-1.0,20.0,1.0,[]
Gonzalo Bueno,2024-09-13,1485.4131517183966,1512.027602002009,1491.0,1500.0,1499.7783668744669,0.425,0.5,0.4887499999999999,0.4683079999999999,0.433664,0.3840000000000001,-2.0,27.6,1.1310829528273012,[]
Rei Sakamoto,2026-09-30,1485.075317779028,1499.6925375119606,1500.0,1500.0,1484.1030568325743,0.5,0.5,0.346964481640625,0.4240997346963198,0.36922924138496,0.3147776,-2.0,25.717140000000004,1.8253815303929373,"[{""result"": ""W"", ""date"": ""2026-03-18""}, {""result"": ""L"", ""date"": ""2026-03-18""}, {""result"": ""W"", ""date"": ""2026-09-01""}, {""result"": ""L"", ""date"": ""2026-09-03""}, {""result"": ""L"", ""date"": ""2026-09-30""}]"
Tommy Robredo,2022-04-18,1485.060464593078,1500.0,1490.1271126778158,1500.0,1500.0,0.425,0.5,0.5,0.47,0.44,0.4,-1.0,20.0,1.0,[]
Marton Fucsovics,2026-09-01,1484.9266113948718,1643.6098515889385,1492.206671396534,1535.389883340924,1462.4094570693544,0.2105228812549082,0.5380011685380804,0.243705806943709,0.2953709828410583,0.2346864444118928,0.1839525638383498,-4.0,13.998512900801954,2.330050120221325,"[{""result"": ""W"", ""date"": ""2026-07-01""}, {""result"": ""L"", ""date"": ""2026-07-02""}, {""result"": ""L"", ""date"": ""2026-08-02""}, {""result"": ""L"", ""date"": ""2026-08-14""}, {""result"": ""L"", ""date"": ""2026-09-01""}]"
Saba Purtseladze,2024-09-14,1484.885560271002,1522.92055028222,1500.0,1500.0,1489.5536357621163,0.5,0.5,0.39227234375,0.4636319887999999,0.4176060416,0.3481600000000001,-3.0,22.896,2.248402118921552,[]
Denis Yevseyev,2024-09-18,1484.8626613787278,1503.4769061043562,1501.1217073702524,1500.0,1482.4985955062714,0.4887499999999999,0.5,0.3612499999999999,0.44339048,0.39277568,0.3328,-2.0,25.44,1.248402118921552,[]
Calvin Hemery,2023-11-06,1484.809215354467,1500.0,1500.0,1500.0,1489.9384981586622,0.5,0.5,0.425,0.47,0.44,0.4,-1.0,20.0,1.0,[]
Gerardo Lopez Villasenor,2022-09-16,1484.7958271180198,1524.0130170840755,1490.7608931201275,1500.0,1498.605873919927,0.425,0.5,0.461496875,0.4636319887999999,0.4176060416,0.3481600000000001,-3.0,25.332,1.1503432400021083,[]
Max Basing,2026-06-29,1484.698915522668,1500.0,1500.0,1490.367883909552,1500.0,0.5,0.425,0.5,0.47,0.44,0.4,-1.0,20.0,1.0,"[{""result"": ""L"", ""date"": ""2026-06-29""}]"
Darwin Blanch,2026-09-01,1484.6129859895832,1492.5900907808289,1495.129733199782,1500.0,1484.338509800367,0.425,0.5,0.3302276562499999,0.3979508905279998,0.325130043392,0.2590720000000001,-2.0,29.34015,1.250479510237923,"[{""result"": ""L"", ""date"": ""2025-08-25""}, {""result"": ""W"", ""date"": ""2026-03-18""}, {""result"": ""L"", ""date"": ""2026-03-18""}, {""result"": ""L"", ""date"": ""2026-09-01""}]"
Guido Andreozzi,2024-07-22,1484.449865447816,1507.8118945177878,1492.3035948190134,1500.0,1494.322979978154,0.4154374999999999,0.5,0.425,0.44339048,0.39277568,0.3328,-2.0,25.44,1.248402118921552,[]
Maks Kasnikowski,2024-09-13,1484.4332928138897,1511.5892552809144,1500.0,1500.0,1487.7689298933865,0.5,0.5,0.4154374999999999,0.4683079999999999,0.433664,0.3840000000000001,-2.0,23.4,1.5874730369937555,[]
Luka Pavlovic,2026-05-25,1484.3651730641416,1500.0,1491.4587302333782,1500.0,1492.2294826214634,0.425,0.5,0.425,0.4417999999999999,0.3872,0.32,-2.0,24.0,1.1173191660942507,"[{""result"": ""L"", ""date"": ""2026-02-09""}, {""result"": ""L"", ""date"": ""5/25/2026""}]"
Arjun Kadhe,2022-01-31,1484.2244571100969,1500.0,1500.0,1500.0,1490.4527598347122,0.5,0.5,0.425,0.47,0.44,0.4,-1.0,20.0,1.0,[]
Facundo Mena,2022-09-19,1483.9410426309787,1500.0,1500.0,1500.0,1490.146125276684,0.5,0.5,0.425,0.47,0.44,0.4,-1.0,20.0,1.0,[]
Sergiy Stakhovsky,2021-11-26,1483.6335131712992,1512.0,1500.0,1500.0,1485.300833207273,0.5,0.5,0.3826305546874999,0.4453691318719999,0.401129873408,0.3566080000000001,-1.0,20.3451,1.357506371014684,[]
Max Schoenhaus,2026-06-16,1483.57218727659,1500.0,1491.7770452431728,1491.0080933230886,1500.0,0.425,0.425,0.5,0.4417999999999999,0.3872,0.32,-2.0,21.0,1.3425188550930456,"[{""result"": ""L"", ""date"": ""2026-05-17""}, {""result"": ""L"", ""date"": ""2026-06-16""}]"
Stefanos Sakellaridis,2024-01-01,1483.3871440960086,1509.2698871992905,1500.0,1500.0,1483.6286122756396,0.5,0.5,0.353121875,0.4402095199999999,0.3816243200000001,0.3072000000000001,-3.0,20.58,1.3519574982827525,[]
Ivo Karlovic,2021-08-30,1483.1912503907772,1512.0,1500.0,1499.9561216095385,1485.443455189319,0.5,0.4887499999999999,0.353121875,0.4388041718719999,0.377306513408,0.2990080000000001,-3.0,21.0138,1.6114520753183514,[]
Martins Rocens,2024-02-02,1482.6597899943242,1500.0,1500.0,1500.0,1485.225780776249,0.5,0.5,0.3612499999999999,0.4417999999999999,0.3872,0.32,-2.0,24.0,1.1173191660942507,[]
Jurij Rodionov,2026-09-03,1482.5693650838216,1536.1275949217445,1492.35743499253,1490.3990970524926,1479.94569827534,0.4112526480989847,0.3617177058593749,0.3536927564555734,0.401065759077568,0.3717111059871595,0.352768775704841,-1.0,31.921520269159345,2.0551250176528164,"[{""result"": ""L"", ""date"": ""2025-10-20""}, {""result"": ""L"", ""date"": ""5/25/2026""}, {""result"": ""W"", ""date"": ""2026-09-01""}, {""result"": ""L"", ""date"": ""2026-09-03""}]"
Mubarak Shannan Zayid,2026-02-16,1482.3925054379056,1500.0,1500.0,1500.0,1485.61740327062,0.5,0.5,0.3612499999999999,0.4417999999999999,0.3872,0.32,-1.0,24.0,1.1173191660942507,"[{""result"": ""L"", ""date"": ""2026-02-16""}]"
Jack Sock,2023-04-03,1482.3257453482463,1536.412905908534,1482.702049003674,1516.069180311626,1479.0129580514742,0.3612499999999999,0.5388239406054687,0.323052116832579,0.372798366793322,0.3052765178741927,0.2578905680346177,-2.0,16.081760286170873,2.2137850947406235,[]
Kyrian Jacquet,2026-10-03,1482.223007924355,1490.2858914442193,1490.5213394954026,1501.5750980402136,1485.86418904632,0.425,0.4887499999999999,0.3961635441406249,0.4201157439108097,0.3935069784187811,0.3941158912,-1.0,22.25045594,3.1841470825245985,"[{""result"": ""L"", ""date"": ""2026-08-02""}, {""result"": ""L"", ""date"": ""2026-08-14""}, {""result"": ""W"", ""date"": ""2026-09-30""}, {""result"": ""W"", ""date"": ""2026-10-01""}, {""result"": ""L"", ""date"": ""2026-10-03""}]"
Yuki Bhambri,2023-02-03,1482.1491088663945,1489.1778979373275,1500.0,1509.0,1477.4570848720712,0.5,0.575,0.3302276562499999,0.4511699305279998,0.419578683392,0.393472,-1.0,26.441610000000004,1.1986096183939086,[]
Benjamin Hassan,2026-02-23,1482.1342953684289,1505.035737777455,1512.5686272955895,1500.0,1468.255700231934,0.590086213727539,0.5,0.2626327632617187,0.4407499535978805,0.4110239934559953,0.3787100700173927,-1.0,31.142157010418977,1.2137989728073628,"[{""result"": ""L"", ""date"": ""2026-02-23""}]"
Nishesh Basavareddy,2026-09-01,1481.610234941122,1504.1428738008535,1502.2142590801411,1490.769024095841,1480.894226300495,0.4887499999999999,0.425,0.3203176898632812,0.3903798317583197,0.3352224752636009,0.3001932185600001,-2.0,27.902308002000005,1.2547495841636211,"[{""result"": ""W"", ""date"": ""2026-01-19""}, {""result"": ""L"", ""date"": ""2026-01-19""}, {""result"": ""W"", ""date"": ""5/25/2026""}, {""result"": ""L"", ""date"": ""2026-05-27""}, {""result"": ""L"", ""date"": ""2026-09-01""}]"
Osgar Ohoisin,2024-02-03,1481.0632751222283,1500.7990299293624,1500.2330846080715,1500.0,1483.3511536256633,0.51125,0.5,0.3693781249999999,0.4481798281279999,0.409765486592,0.372992,-1.0,27.0438,1.2516316308851931,[]
Tristan Boyer,2026-06-29,1480.9736099115164,1490.5882932738764,1500.0,1489.895557173014,1489.900542764601,0.5,0.425,0.4110031249999999,0.4233520111999999,0.3694659584,0.3238400000000001,-2.0,21.3819,1.3379684504109512,"[{""result"": ""L"", ""date"": ""2025-07-27""}, {""result"": ""L"", ""date"": ""2025-08-07""}, {""result"": ""W"", ""date"": ""2025-08-25""}, {""result"": ""L"", ""date"": ""2025-08-25""}, {""result"": ""L"", ""date"": ""2026-06-29""}]"
Trevor Svajda,2026-07-28,1480.7890754662644,1500.0,1500.0,1500.0,1484.1067094535774,0.5,0.5,0.3612499999999999,0.4417999999999999,0.3872,0.32,-2.0,24.0,1.1173191660942507,"[{""result"": ""L"", ""date"": ""2026-02-09""}, {""result"": ""L"", ""date"": ""2026-07-28""}]"
Antoine Hoang,2021-09-20,1480.7621369622382,1512.0,1500.0,1500.268388570656,1482.816341015641,0.5,0.4887499999999999,0.3612499999999999,0.4402095199999999,0.3816243200000001,0.3072000000000001,-3.0,22.08,1.5832018528577982,[]
Lucas Catarina,2023-09-15,1480.6991624206,1480.6991624206,1490.898291588394,1500.0,1491.0,0.4570624999999999,0.5,0.425,0.4503744799999999,0.41984768,0.4048,1.0,30.840000000000003,1.1326977088091217,[]
Joao Menezes,2021-07-24,1480.4854411806011,1500.0,1491.0,1500.0,1491.1762048787307,0.425,0.5,0.425,0.4417999999999999,0.3872,0.32,-2.0,24.0,1.1173191660942507,[]
Luke Saville,2023-09-20,1480.4559472830183,1500.0,1500.0,1500.0,1483.103911155508,0.5,0.5,0.3612499999999999,0.4417999999999999,0.3872,0.32,-2.0,24.0,1.1173191660942507,[]
Gregoire Barrere,2024-11-04,1480.2077142621072,1555.0132767127943,1473.1212323311115,1503.2966139042053,1454.724558703281,0.3312114092252548,0.5037862653012207,0.2600388750575143,0.3547390230383085,0.2854694796138812,0.2074428858922749,-5.0,21.54857560222261,1.167269364171151,[]
Marius Copil,2024-02-03,1480.111642970909,1520.3749601501331,1478.1188372322208,1500.0,1504.2101236664346,0.3070624999999999,0.5,0.461496875,0.4096652253036798,0.32339411861504,0.2228224000000001,-5.0,26.32542,1.2209240527230407,[]
Matteo Martineau,2024-06-10,1480.09516847273,1500.0,1500.0,1491.6750373961263,1491.5008546621198,0.5,0.425,0.425,0.4417999999999999,0.3872,0.32,-2.0,24.0,1.1173191660942507,[]
Robin Haase,2024-07-29,1480.086980691081,1512.0,1507.3452041770104,1491.6019738013883,1484.6393492630086,0.5429375,0.425,0.3826305546874999,0.4475824241251667,0.405447167040165,0.3559866368000002,-2.0,31.91278371,1.250255392662987,[]
Alexandre Muller,2026-06-29,1480.0844793891226,1548.5169687283876,1479.632869653474,1492.5740034084415,1478.2208682478408,0.2192653445440152,0.3472493046874999,0.3502969930891703,0.2707576300013631,0.1833277312127001,0.1133312824869423,-7.0,20.44992963214086,1.6296044475554436,"[{""result"": ""L"", ""date"": ""2026-04-05""}, {""result"": ""L"", ""date"": ""4/22/2026""}, {""result"": ""L"", ""date"": ""2026-05-11""}, {""result"": ""L"", ""date"": ""5/25/2026""}, {""result"": ""L"", ""date"": ""2026-06-29""}]"
Alexander Ritschard,2024-04-01,1479.655639995886,1515.8450852288497,1480.9283914379628,1491.8042100553746,1505.567379700935,0.3472493046874999,0.425,0.4968781249999999,0.4227902599656796,0.3613507956936808,0.2901580185600001,-3.0,29.831076708900003,1.1489627590738212,[]
Kris Van Wyk,2024-02-02,1479.1768173722426,1489.626775893638,1500.0,1500.0,1483.8136759448855,0.5,0.5,0.3885031249999999,0.4467744799999999,0.40544768,0.3648,-1.0,19.98,2.234638332188501,[]
Alexandar Lazarov,2023-11-06,1479.0867276487256,1511.410309656338,1509.0,1500.0,1473.0517678631709,0.575,0.5,0.31397140625,0.4416148681279999,0.3859421265919999,0.3153920000000001,-3.0,27.87540000000001,1.1556066835627972,[]
J.J. Wolf,2026-09-01,1479.0787684699858,1500.0,1500.0,1500.0,1482.6488217967803,0.5,0.5,0.3612499999999999,0.4417999999999999,0.3872,0.32,-2.0,19.8,1.5257880244257798,"[{""result"": ""L"", ""date"": ""2026-08-14""}, {""result"": ""L"", ""date"": ""2026-09-01""}]"
Mate Valkusz,2024-09-13,1479.0040270825286,1511.076496016972,1501.0985709458384,1500.0,1478.6118706335308,0.51125,0.5,0.353121875,0.4489691318719999,0.415529873408,0.3966080000000001,1.0,23.0418,2.193477847132203,[]
Matteo Gigante,2025-07-27,1478.9571691791534,1498.2803877970705,1492.7246863425655,1500.0,1491.190705192823,0.4345624999999999,0.5,0.425,0.44339048,0.39277568,0.3328,-1.0,23.415000000000003,1.2682508360381417,"[{""result"": ""L"", ""date"": ""2025-07-27""}]"
Francesco Maestrelli,2026-05-11,1478.9339790824292,1500.4454790027776,1490.7760393541255,1500.0,1489.7730908149758,0.425,0.5,0.3885031249999999,0.4199680111999999,0.3567939584,0.29184,-3.0,27.456000000000003,1.1689242559828323,"[{""result"": ""W"", ""date"": ""2026-01-19""}, {""result"": ""L"", ""date"": ""2026-01-19""}, {""result"": ""L"", ""date"": ""2026-03-04""}, {""result"": ""L"", ""date"": ""2026-05-11""}]"
Alexis Galarneau,2026-08-02,1478.913327742262,1504.009398290267,1491.2418195820346,1500.0,1482.0011529461783,0.425,0.5,0.3307082316406249,0.4014644468705406,0.3335573456027648,0.26820608,-3.0,35.203794,1.1345861054141269,"[{""result"": ""L"", ""date"": ""2025-07-27""}, {""result"": ""L"", ""date"": ""2026-03-04""}, {""result"": ""L"", ""date"": ""2026-08-02""}]"
Duje Ajdukovic,2024-11-04,1478.8502561669188,1512.0,1486.9242689355506,1500.0,1491.3861614755644,0.3919974699959154,0.5,0.4414714062499999,0.430492925995685,0.4123452389352713,0.4024702597332993,-1.0,28.04751975487138,1.2567012264319133,[]
Jacob Fearnley,2026-09-03,1478.6071456099692,1511.145237159804,1481.5913083917458,1486.7286693776846,1492.345642296475,0.3612499999999999,0.3943756953125,0.3752429967951625,0.3730922740025144,0.3555253531784172,0.3678050010280601,-1.0,21.801257712047725,2.86349006117128,"[{""result"": ""L"", ""date"": ""2026-07-01""}, {""result"": ""W"", ""date"": ""2026-08-02""}, {""result"": ""L"", ""date"": ""2026-08-06""}, {""result"": ""W"", ""date"": ""2026-09-01""}, {""result"": ""L"", ""date"": ""2026-09-03""}]"
Christopher Eubanks,2025-06-30,1478.3354183827364,1613.3409020215709,1448.489527477987,1528.599082010175,1478.4622688745694,0.1566820518974608,0.4317244428938311,0.4305619431235524,0.3759146158911462,0.3654913408167015,0.3331286426098617,-1.0,12.185291555111066,1.6827878447308344,"[{""result"": ""L"", ""date"": ""2025-06-30""}]"
Juan Carlos Prado Angelo,2026-05-25,1478.0256181033087,1488.8106880224998,1499.1605787132623,1500.0,1481.995751098991,0.4887499999999999,0.5,0.3612499999999999,0.4467744799999999,0.40544768,0.3648,-1.0,25.98,1.1448467395603517,"[{""result"": ""L"", ""date"": ""5/25/2026""}]"
Dalibor Svrcina,2026-09-03,1477.946134103324,1502.4224023419122,1491.1903839913052,1491.0182869039943,1484.2872985737406,0.425,0.425,0.4198835078602779,0.387893486891821,0.3482753374721017,0.3282411374111622,-1.0,29.36826155969624,2.067537703306288,"[{""result"": ""L"", ""date"": ""2026-03-04""}, {""result"": ""L"", ""date"": ""2026-05-11""}, {""result"": ""L"", ""date"": ""2026-06-29""}, {""result"": ""W"", ""date"": ""2026-09-01""}, {""result"": ""L"", ""date"": ""2026-09-03""}]"
Charles Broom,2024-07-01,1477.669704362096,1500.0,1500.0,1482.7326802688358,1500.0,0.5,0.3612499999999999,0.5,0.4417999999999999,0.3872,0.32,-2.0,18.7,1.778800783071405,[]
Matic Kriznik,2024-02-02,1477.5615953415504,1511.5861725846826,1508.767347015412,1500.0,1473.960281980875,0.575,0.5,0.3070624999999999,0.4402095199999999,0.3816243200000001,0.3072000000000001,-3.0,24.840000000000003,2.131082952827301,[]
Menelaos Efstathiou,2024-02-03,1477.5396268949066,1489.8572694206848,1491.0,1500.0,1491.5302998988336,0.425,0.5,0.4345624999999999,0.4467744799999999,0.40544768,0.3648,-1.0,25.44,1.248402118921552,[]
Jason Kubler,2026-01-19,1477.4381393334645,1570.3300624496746,1502.842833554047,1516.9080209914268,1478.8540590812863,0.4480296631636179,0.4592108551760545,0.2627977789020401,0.3552162906113388,0.2579919126482022,0.1895243660647,-1.0,19.30167124091451,1.2795876046685382,"[{""result"": ""L"", ""date"": ""2026-01-19""}]"
Fajing Sun,2024-09-18,1477.2535997521147,1500.0,1491.0,1500.0,1490.7798995357523,0.425,0.5,0.425,0.4417999999999999,0.3872,0.32,-2.0,24.0,1.1173191660942507,[]
Eduardo Nava,2023-05-29,1477.007166753986,1500.0,1491.547088979015,1500.0,1491.6510661491593,0.425,0.5,0.425,0.4417999999999999,0.3872,0.32,-2.0,24.0,1.1173191660942507,[]
Sebastian Baez,2026-10-01,1476.8325334503938,1669.7532477722682,1588.7767929737795,1451.6525599127065,1432.0117006198684,0.3552245598328624,0.1790514703061961,0.2964016812767077,0.2954611530918808,0.268710125375946,0.2318964233763922,-3.0,15.109245275042197,2.0305164342413278,"[{""result"": ""L"", ""date"": ""2026-08-06""}, {""result"": ""W"", ""date"": ""2026-08-14""}, {""result"": ""L"", ""date"": ""2026-08-15""}, {""result"": ""L"", ""date"": ""2026-09-01""}, {""result"": ""L"", ""date"": ""2026-10-01""}]"
Noah Rubin,2021-08-23,1476.7993847170949,1500.0,1500.0,1500.0,1482.1031078515284,0.5,0.5,0.3612499999999999,0.4417999999999999,0.3872,0.32,-2.0,24.0,1.1173191660942507,[]
Clement Mainguy,2023-02-03,1476.739285033702,1500.0,1500.0,1500.0,1482.428733817216,0.5,0.5,0.3612499999999999,0.4417999999999999,0.3872,0.32,-2.0,18.0,2.0,[]
Dominic Thiem,2024-10-21,1476.656425251702,1596.1795318283337,1494.620550583172,1465.8758187360609,1500.0373465246068,0.3458403922145987,0.2610031249999999,0.2917708734870243,0.3231530473871579,0.2080228061181405,0.1126921589301231,-7.0,23.6299554906771,1.2225397881061817,[]
Strong Kirchheimer,2024-08-19,1476.5703395308471,1500.0,1500.0,1500.0,1482.9966934593654,0.5,0.5,0.3612499999999999,0.4417999999999999,0.3872,0.32,-2.0,24.0,1.1173191660942507,[]
Adam Moundir,2023-09-16,1476.4990631077912,1500.0,1491.0013724246344,1500.0,1490.756664832638,0.425,0.5,0.425,0.4417999999999999,0.3872,0.32,-2.0,24.0,1.1173191660942507,[]
Michael Bassem Sobhy,2024-02-02,1476.414300586377,1500.0,1491.0,1500.0,1491.0,0.425,0.5,0.425,0.4417999999999999,0.3872,0.32,-2.0,24.0,1.1173191660942507,[]
Frederico Ferreira Silva,2021-02-08,1476.413805398902,1500.0,1500.0,1500.0,1482.2329280316162,0.5,0.5,0.3612499999999999,0.4417999999999999,0.3872,0.32,-2.0,18.7,1.778800783071405,[]
Mikael Torpegaard,2022-03-04,1476.312868929279,1512.0,1500.0,1491.0,1491.463016691254,0.5,0.425,0.4154374999999999,0.4402095199999999,0.3816243200000001,0.3072000000000001,-3.0,21.21,1.3000556829412242,[]
Kimmer Coppejans,2023-09-20,1476.2641872138322,1484.2337207890491,1500.0,1492.9847302922506,1485.9394953233757,0.5,0.425,0.3885031249999999,0.4233520111999999,0.3694659584,0.3238400000000001,-1.0,23.8923,2.1418022007130286,[]
Bradley Klahn,2023-07-31,1476.2408621632644,1500.0,1500.0,1500.0,1482.3801276753345,0.5,0.5,0.3612499999999999,0.4417999999999999,0.3872,0.32,-2.0,24.0,1.1173191660942507,[]
Liam Broady,2024-07-01,1476.2178831724157,1513.321444786828,1491.0068223077617,1471.8394382368715,1493.0856375085252,0.4154374999999999,0.3341570305283972,0.3804047101748208,0.3805134276746724,0.3141176552096237,0.2301667441148062,-4.0,21.172104153868688,1.923254819433939,[]
Philip Henning,2024-09-14,1476.1722440382375,1512.0,1473.51844959684,1500.0,1508.9764936613328,0.3070624999999999,0.5,0.5654374999999999,0.4419851318719998,0.3884578734080001,0.3246080000000001,-2.0,25.52040000000001,2.2500168749033724,[]
John Patrick Smith,2021-02-22,1476.074933624294,1500.0,1500.0,1500.0,1482.031305833551,0.5,0.5,0.3612499999999999,0.4417999999999999,0.3872,0.32,-2.0,20.1,1.4723665527410148,[]
Yunseong Chung,2023-07-17,1476.0725652732149,1500.0,1500.0,1491.285035004306,1490.9973926027983,0.5,0.425,0.425,0.4417999999999999,0.3872,0.32,-2.0,24.0,1.1173191660942507,[]
David Agung Susanto,2023-09-16,1476.041760795204,1500.0,1500.0,1482.2452925354494,1500.0,0.5,0.3612499999999999,0.5,0.4417999999999999,0.3872,0.32,-2.0,18.0,2.0,[]
Murkel Alejandro Dellien Velasco,2024-09-13,1476.0323007009058,1512.0240306770474,1499.0909631571576,1500.0,1482.4717222368342,0.4806218749999999,0.5,0.3612499999999999,0.4453691318719999,0.401129873408,0.3566080000000001,-1.0,27.5838,1.1480762515239928,[]
Paolo Lorenzi,2021-07-12,1475.9764800606936,1500.0,1500.0,1491.0,1491.0,0.5,0.425,0.425,0.4417999999999999,0.3872,0.32,-2.0,24.0,1.1173191660942507,[]
Thomaz Bellucci,2023-02-20,1475.9731108972103,1500.0,1493.020859377839,1500.0,1491.0,0.425,0.5,0.425,0.4417999999999999,0.3872,0.32,-2.0,24.0,1.1173191660942507,[]
Ernests Gulbis,2023-02-04,1475.9410723491562,1475.9410723491562,1490.290208744468,1500.0,1490.988405749833,0.425,0.5,0.4570624999999999,0.4503744799999999,0.41984768,0.4048,1.0,30.3,1.1363728206222663,[]
Bor Artnak,2023-09-15,1475.926334771647,1512.3834040508646,1491.1281663431666,1500.0,1490.4055976089824,0.4085285937499999,0.5,0.425,0.4388041718719999,0.377306513408,0.2990080000000001,-3.0,30.3804,2.1328871506343545,[]
Ilya Snitari,2024-02-03,1475.9250510073712,1500.0,1481.9785706276168,1500.0,1500.0,0.3612499999999999,0.5,0.5,0.4417999999999999,0.3872,0.32,-2.0,18.0,2.0,[]
Mili Poljicak,2024-07-22,1475.8764724933037,1500.0,1481.76533285432,1500.0,1500.0,0.3612499999999999,0.5,0.5,0.4417999999999999,0.3872,0.32,-2.0,24.0,1.1173191660942507,[]
Mathias Bourgue,2023-11-06,1475.833030111679,1500.0,1490.6956715982096,1500.0,1490.6213676346745,0.425,0.5,0.425,0.4417999999999999,0.3872,0.32,-2.0,24.0,1.1173191660942507,[]
Alec Beckley,2024-09-14,1475.7573468436458,1500.0,1490.870844035171,1500.0,1491.0,0.425,0.5,0.425,0.4417999999999999,0.3872,0.32,-2.0,24.0,1.1173191660942507,[]
Giovanni Mpetshi Perricard,2026-09-01,1475.7376677918337,1609.953633945075,1525.269827615051,1479.7903416724027,1462.471628577283,0.5163265058871582,0.3259743623194164,0.1513627992068615,0.2546857627282858,0.1574360885876184,0.1008699366968789,-6.0,18.963249937026426,1.5810387259282623,"[{""result"": ""L"", ""date"": ""5/25/2026""}, {""result"": ""L"", ""date"": ""2026-06-16""}, {""result"": ""L"", ""date"": ""2026-06-29""}, {""result"": ""L"", ""date"": ""2026-08-02""}, {""result"": ""L"", ""date"": ""2026-09-01""}]"
Andres Martin,2026-07-28,1475.7011475109189,1514.36010117274,1500.0,1500.0,1478.3074712831246,0.5,0.5,0.3001535937499999,0.4137969487999999,0.3358294016000001,0.2457600000000001,-1.0,29.382,1.1343124647909424,"[{""result"": ""L"", ""date"": ""2026-07-28""}]"
Lukas Rosol,2022-10-17,1475.6578352629474,1500.0,1500.0,1491.2359225427988,1490.8974107662152,0.5,0.425,0.425,0.4417999999999999,0.3872,0.32,-2.0,24.0,1.1173191660942507,[]
Gilles Arnaud Bailly,2024-10-14,1475.6546561158143,1500.0,1500.0,1500.0,1479.2243899537496,0.5,0.5,0.3612499999999999,0.4417999999999999,0.3872,0.32,-2.0,24.0,1.1173191660942507,[]
Davis Rolis,2024-09-14,1475.6083295992453,1500.0,1500.0,1500.0,1482.22162944483,0.5,0.5,0.3612499999999999,0.4417999999999999,0.3872,0.32,-2.0,24.0,1.1173191660942507,[]
Lorenzo Giustino,2023-04-17,1475.5144459824107,1500.0,1490.757884462476,1500.0,1491.2545658431775,0.425,0.5,0.425,0.4417999999999999,0.3872,0.32,-2.0,24.0,1.1173191660942507,[]
Bjorn Fratangelo,2023-07-31,1475.4206967904252,1512.0,1485.7364332970394,1500.0,1490.2397225257066,0.3612499999999999,0.5,0.403536908984375,0.414298764290133,0.3389004643051766,0.2554920960000001,-3.0,31.2169902,1.1471978087787422,[]
Karl Friberg,2024-02-02,1475.3234369898646,1500.0,1500.0,1500.0,1482.261449668147,0.5,0.5,0.3612499999999999,0.4417999999999999,0.3872,0.32,-2.0,24.0,1.1173191660942507,[]
Thai Son Kwiatkowski,2023-08-21,1475.2313847533842,1500.0,1500.0,1500.0,1481.0027163091345,0.5,0.5,0.3612499999999999,0.4417999999999999,0.3872,0.32,-2.0,24.0,1.1173191660942507,[]
Linh Giang Trinh,2024-02-02,1475.2284815715047,1500.0,1500.0,1500.0,1481.7968925839398,0.5,0.5,0.3612499999999999,0.4417999999999999,0.3872,0.32,-2.0,18.0,2.0,[]
Rigele Te,2024-09-13,1475.1868875179,1511.1241717058788,1517.3143370394432,1500.0,1463.6682786631936,0.6387499999999999,0.5,0.2610031249999999,0.4419851318719998,0.3884578734080001,0.3246080000000001,-2.0,28.0464,1.200028626803274,[]
Martin Antonio Vergara Del Puerto,2024-02-03,1475.1104250889528,1500.0,1481.5266717411482,1500.0,1500.0,0.3612499999999999,0.5,0.5,0.4417999999999999,0.3872,0.32,-2.0,24.0,1.1173191660942507,[]
Nicolas Alvarez,2022-09-17,1474.9962281133344,1500.213832083812,1482.5919838953084,1500.0,1500.0,0.3693781249999999,0.5,0.5,0.44339048,0.39277568,0.3328,-2.0,19.98,2.234638332188501,[]
Nick Chappell,2023-02-27,1474.825196002458,1500.0,1500.0,1500.0,1482.085519120155,0.5,0.5,0.3612499999999999,0.4417999999999999,0.3872,0.32,-2.0,24.0,1.1173191660942507,[]
Adrian Andreev,2021-09-27,1474.697456804401,1512.030971269607,1500.0,1500.0,1481.6134256000391,0.5,0.5,0.3472493046874999,0.4388041718719999,0.377306513408,0.2990080000000001,-3.0,22.299000000000003,1.3042578818442174,[]
Andrea Collarini,2024-07-22,1474.6887250802995,1500.0,1481.8402127622935,1500.0,1500.0,0.3612499999999999,0.5,0.5,0.4417999999999999,0.3872,0.32,-2.0,24.0,1.1173191660942507,[]
Jie Cui,2023-09-20,1474.584472827857,1500.0,1500.0,1500.0,1480.269308286376,0.5,0.5,0.3612499999999999,0.4417999999999999,0.3872,0.32,-2.0,24.0,1.1173191660942507,[]
Nicolas Kicker,2022-02-21,1474.5300638391254,1500.0,1481.3834359374769,1500.0,1500.0,0.3612499999999999,0.5,0.5,0.4417999999999999,0.3872,0.32,-2.0,24.0,1.1173191660942507,[]
Younes Lalami Laaroussi,2024-09-14,1474.5028221814111,1500.0,1481.6821236389435,1500.0,1500.0,0.3612499999999999,0.5,0.5,0.4417999999999999,0.3872,0.32,-2.0,24.0,1.1173191660942507,[]
Lukas Klein,2024-11-04,1474.4517663887034,1510.4480053501618,1490.5711615571608,1490.6007312788877,1470.5667380881212,0.4099137862724608,0.4154374999999999,0.4189789949335625,0.4095513240763921,0.4178607825618928,0.4386952035521334,-1.0,17.008480234824358,3.735801325283873,[]
Oleksandr Ovcharenko,2024-09-13,1474.3995554020962,1500.0,1500.0,1500.0,1481.3070309849252,0.5,0.5,0.3612499999999999,0.4417999999999999,0.3872,0.32,-2.0,24.0,1.1173191660942507,[]
Aleksandr Shevchenko,2026-09-01,1474.3128537205962,1574.5616981460323,1467.1698741312564,1465.6442033969092,1496.4766087761882,0.2756220532780684,0.2668756953125,0.360649630928664,0.3049626361180497,0.2367939015510226,0.1708094960550782,-5.0,19.039260909368803,1.718475684878901,"[{""result"": ""L"", ""date"": ""2026-05-11""}, {""result"": ""L"", ""date"": ""5/25/2026""}, {""result"": ""L"", ""date"": ""2026-06-29""}, {""result"": ""L"", ""date"": ""2026-08-14""}, {""result"": ""L"", ""date"": ""2026-09-01""}]"
Federico Cina,2026-09-01,1474.1394712245326,1494.1714786051402,1484.6184274431089,1500.0,1493.4994951638282,0.3885031249999999,0.5,0.425,0.4199680111999999,0.3567939584,0.29184,-2.0,21.8211,1.3264154379924236,"[{""result"": ""L"", ""date"": ""4/22/2026""}, {""result"": ""L"", ""date"": ""2026-05-11""}, {""result"": ""W"", ""date"": ""5/25/2026""}, {""result"": ""L"", ""date"": ""2026-05-27""}, {""result"": ""L"", ""date"": ""2026-09-01""}]"
Gian Marco Moroni,2022-04-18,1474.136426779744,1500.0,1490.3138509382345,1500.0,1490.545834261954,0.425,0.5,0.425,0.4417999999999999,0.3872,0.32,-2.0,24.0,1.1173191660942507,[]
Nikola Milojevic,2022-01-31,1474.126166628995,1499.053164355924,1490.9140220394447,1500.0,1490.8831919314478,0.4414714062499999,0.5,0.425,0.4481798281279999,0.409765486592,0.372992,-1.0,18.84834,2.79200531139025,[]
Stefano Napolitano,2024-07-15,1474.0681800601376,1503.4911867993396,1494.0487349225846,1492.8289883849511,1490.6263769488064,0.42234640625,0.425,0.425,0.4209187746963198,0.35807788138496,0.2891776000000001,-3.0,24.758360000000003,1.543519736734332,[]
Sergey Fomin,2024-09-13,1473.915725717693,1499.7885107436111,1500.0,1500.0,1479.5395294752734,0.5,0.5,0.3307082316406249,0.4209187746963198,0.35807788138496,0.2891776000000001,-3.0,30.82542,1.134691348441408,[]
Gerald Melzer,2022-07-25,1473.8579482096598,1500.0,1491.1046178117522,1500.0,1490.3330134767025,0.425,0.5,0.425,0.4417999999999999,0.3872,0.32,-2.0,24.0,1.1173191660942507,[]
Coleman Wong,2026-09-01,1473.8105962993243,1527.218878525132,1492.8485988168684,1491.4002261962837,1486.1318759099968,0.425,0.425,0.3003977098235113,0.3696871386916733,0.2812803949433464,0.2041585770897515,-5.0,30.29719113460872,1.5978695076162583,"[{""result"": ""L"", ""date"": ""2025-08-25""}, {""result"": ""L"", ""date"": ""2026-02-23""}, {""result"": ""L"", ""date"": ""5/25/2026""}, {""result"": ""L"", ""date"": ""2026-08-14""}, {""result"": ""L"", ""date"": ""2026-09-01""}]"
Daniel Evans,2025-06-30,1473.6851111216615,1601.7401068492184,1440.0869345382562,1471.9332884271598,1499.1662129172164,0.2143651012759423,0.3029554552925796,0.3412225760564671,0.3350084290694438,0.3636030044605516,0.4057441435055571,-1.0,12.663585177426738,2.5265429759891185,"[{""result"": ""W"", ""date"": ""2025-06-30""}, {""result"": ""L"", ""date"": ""2025-06-30""}]"
Steve Johnson,2024-02-05,1473.273509582899,1558.4194659123652,1498.0951317710544,1510.1701340173513,1461.7649116716875,0.4735718910434081,0.5157814605818529,0.1803698287605467,0.3702210777553045,0.2848719540120775,0.2197591734484732,-3.0,23.59943791290479,1.1769987464310274,[]
Gustavo Heide,2026-02-16,1473.2028987423548,1511.9656464683178,1476.2854126007192,1500.0,1499.677095647661,0.3307082316406249,0.5,0.4887499999999999,0.4197515150267731,0.3551354170910966,0.2849832960000001,-1.0,25.770405300000004,1.4102981796672722,"[{""result"": ""L"", ""date"": ""2026-02-16""}]"
Rowland Phillips,2024-02-03,1473.0855942723572,1510.456970736068,1490.3131185452014,1500.0,1491.1583389065834,0.4154374999999999,0.5,0.4154374999999999,0.4388041718719999,0.377306513408,0.2990080000000001,-3.0,26.443800000000003,2.134312464790942,[]
Laurent Lokoli,2023-07-03,1473.0806276068956,1500.0,1500.0,1490.747401084192,1482.3346424491426,0.5,0.425,0.3612499999999999,0.4152919999999999,0.340736,0.256,-3.0,25.35,1.150931669943891,[]
Marcos Giron,2026-09-01,1472.9761158810218,1607.3695904901313,1427.932243188956,1530.606232066251,1466.6186920867449,0.1298225848086449,0.5851890903028767,0.138281412764815,0.2659020369329636,0.1984599883549453,0.1645578265965741,-4.0,15.512222852517342,2.1015591754331147,"[{""result"": ""W"", ""date"": ""2026-07-01""}, {""result"": ""L"", ""date"": ""2026-07-02""}, {""result"": ""L"", ""date"": ""2026-07-28""}, {""result"": ""L"", ""date"": ""2026-08-02""}, {""result"": ""L"", ""date"": ""2026-09-01""}]"
Stefan Kozlov,2022-09-19,1472.6563230821878,1520.7689317781903,1500.0,1482.0529184820132,1485.448277004498,0.5,0.3612499999999999,0.301374091873225,0.3664064517071931,0.2611670508383399,0.1574944374784,-6.0,20.26644037536001,1.8068846569837496,[]
John Millman,2023-01-16,1472.619653742788,1544.684163532697,1474.4110741582092,1482.669255225399,1479.8236665974512,0.264967591811773,0.3592626226367187,0.4001870306466552,0.384978363872383,0.3742511958538322,0.3786081388192367,-1.0,11.962191044362738,3.877046830903864,[]
Nicolas Moreno De Alboran,2024-07-22,1472.3464020437154,1485.9865847032477,1498.1138406835207,1500.0,1466.534235838007,0.4403927517821459,0.5,0.2969497578124999,0.418986604290322,0.4053371636395653,0.4110012974261863,-1.0,15.14365375962127,4.259716476228072,[]
Jason Jung,2023-07-31,1472.1984897156888,1511.412961591155,1500.0,1509.166402368592,1469.6576831834443,0.5,0.5429375,0.3160747578124999,0.4231982436292266,0.3686087528929034,0.321480704,-1.0,21.8023956,2.906912164333571,[]
Rodrigo Pacheco Mendez,2026-02-23,1471.696567874517,1500.135570717584,1517.7669153919285,1500.0,1454.3370083548723,0.6387499999999999,0.5,0.2637452625195312,0.4111339852548097,0.363906808434781,0.3316518912000001,-1.0,31.66176714,1.2660348166579731,"[{""result"": ""L"", ""date"": ""2026-02-23""}]"
George Loffhagen,2025-06-30,1471.516056450038,1500.0,1500.0,1472.8880045015544,1500.0,0.5,0.3070624999999999,0.5,0.4152919999999999,0.340736,0.256,-1.0,22.83,1.2086874245177377,"[{""result"": ""L"", ""date"": ""2025-06-30""}]"
Oleksii Krutykh,2024-09-13,1471.110409624743,1489.6497145482165,1491.253797425754,1500.0,1484.6850669651994,0.425,0.5,0.3890685078124999,0.4270898370963198,0.37904243818496,0.3352576000000001,-2.0,32.143695,1.1467426398843663,[]
Nino Serdarusic,2023-05-22,1471.09585465215,1482.3865459684023,1481.834292351803,1500.0,1493.4277235584705,0.3612499999999999,0.5,0.4570624999999999,0.4233520111999999,0.3694659584,0.3238400000000001,-1.0,26.43,1.2136732012537446,[]
Elliot Benchetrit,2024-09-14,1470.933307267847,1492.9760700102104,1465.6437127646652,1500.0,1509.0141022259,0.2610031249999999,0.5,0.575,0.4199680111999999,0.3567939584,0.29184,-2.0,33.57600000000001,1.134039826483073,[]
Petros Tsitsipas,2024-07-29,1470.867492776338,1477.5781274638332,1491.36277908056,1500.0,1482.187287996152,0.4345624999999999,0.5,0.3612499999999999,0.4233520111999999,0.3694659584,0.3238400000000001,-1.0,28.356000000000005,1.2500168749033724,[]
Valentin Royer,2026-09-01,1470.4043519992458,1518.0002147993273,1488.4397473652375,1503.0762266252566,1464.6956630546863,0.3885031249999999,0.4968781249999999,0.2108944143450169,0.3189441791936395,0.2662156279829419,0.2302231229716407,-3.0,15.412115442285623,2.5695939926787537,"[{""result"": ""L"", ""date"": ""2026-07-01""}, {""result"": ""W"", ""date"": ""2026-08-02""}, {""result"": ""L"", ""date"": ""2026-08-06""}, {""result"": ""L"", ""date"": ""2026-08-14""}, {""result"": ""L"", ""date"": ""2026-09-01""}]"
Rudolf Molleker,2024-07-15,1470.3312026708552,1486.8563979312958,1481.5740398986998,1491.0,1500.0,0.3693781249999999,0.425,0.5,0.4199680111999999,0.3567939584,0.29184,-2.0,28.356000000000005,1.2500168749033724,[]
Ethan Quinn,2026-07-01,1470.299440584958,1511.5527917357574,1460.2572721069307,1501.8473987105244,1477.6376774469218,0.2385894816406249,0.4791859948550293,0.5049411801816368,0.3592911118880684,0.3483583503839779,0.3444231592720281,-1.0,10.81838802722142,4.104741324298095,"[{""result"": ""L"", ""date"": ""5/25/2026""}, {""result"": ""W"", ""date"": ""2026-06-16""}, {""result"": ""L"", ""date"": ""2026-06-17""}, {""result"": ""W"", ""date"": ""2026-06-29""}, {""result"": ""L"", ""date"": ""2026-07-01""}]"
Sebastian Dominko,2024-02-02,1470.1698002354597,1470.1698002354597,1482.2330846080715,1500.0,1492.6160444653103,0.3612499999999999,0.5,0.4570624999999999,0.4269520111999998,0.3838659584,0.36384,1.0,27.756000000000004,2.132697708809122,[]
Titouan Droguet,2026-08-14,1469.85828941186,1517.6365380211869,1473.4162470736003,1491.845857931341,1494.7215700752945,0.3070624999999999,0.425,0.4364797214843749,0.3917010504702967,0.3433371865652652,0.3268245094400001,-2.0,23.46236646200001,3.4225813397551863,"[{""result"": ""L"", ""date"": ""2026-06-29""}, {""result"": ""W"", ""date"": ""2026-08-02""}, {""result"": ""W"", ""date"": ""2026-08-06""}, {""result"": ""L"", ""date"": ""2026-08-06""}, {""result"": ""L"", ""date"": ""2026-08-14""}]"
Henri Squire,2024-09-14,1469.703967634288,1499.399156371203,1501.255187921245,1474.2597735332135,1491.9307986812228,0.4887499999999999,0.3070624999999999,0.425,0.3917798281279999,0.304165486592,0.212992,-4.0,23.5104,1.326024277126275,[]
Daniel Michalski,2023-01-02,1469.488152867721,1500.0,1500.0,1500.0,1475.3290366335034,0.5,0.5,0.3070624999999999,0.4152919999999999,0.340736,0.256,-3.0,16.2,3.0,[]
Harry Wendelken,2026-09-01,1469.482021967492,1500.0,1500.0,1482.0602586350112,1490.594060712785,0.5,0.3612499999999999,0.425,0.4152919999999999,0.340736,0.256,-3.0,23.37,1.1910641089808216,"[{""result"": ""L"", ""date"": ""2026-06-16""}, {""result"": ""L"", ""date"": ""2026-06-29""}, {""result"": ""L"", ""date"": ""2026-09-01""}]"
Mackenzie McDonald,2026-07-28,1469.2297355528776,1634.856333489952,1432.75266580095,1483.0099009970804,1505.8483938555948,0.1243938752020551,0.3449124159595693,0.2125603936483019,0.2660587978715175,0.1934915241630808,0.1515471408591693,-3.0,27.29628492157306,1.4483452398082708,"[{""result"": ""L"", ""date"": ""2026-01-19""}, {""result"": ""W"", ""date"": ""2026-03-04""}, {""result"": ""L"", ""date"": ""2026-03-04""}, {""result"": ""L"", ""date"": ""2026-06-29""}, {""result"": ""L"", ""date"": ""2026-07-28""}]"
Patrick Kypson,2026-07-01,1469.1249054477892,1505.5350922714388,1468.463974642553,1502.993853062627,1495.9453893453988,0.2610031249999999,0.4887499999999999,0.4039531410434082,0.3767461145071233,0.324307468790549,0.3022075969404929,-1.0,23.32937903333277,2.205674925107367,"[{""result"": ""L"", ""date"": ""2026-02-23""}, {""result"": ""L"", ""date"": ""4/22/2026""}, {""result"": ""L"", ""date"": ""2026-05-11""}, {""result"": ""W"", ""date"": ""2026-06-29""}, {""result"": ""L"", ""date"": ""2026-07-01""}]"
Gilles Simon,2022-10-31,1468.905061106902,1512.0,1463.2308098674011,1467.8562607914744,1484.601485718179,0.3490777824959154,0.3160747578124999,0.4513172966825081,0.4199119004891769,0.4735064724550837,0.5043349802502289,-1.0,15.891936322040932,3.5614756097928124,[]
J J Wolf,2024-07-29,1468.847222601992,1598.6051845181228,1491.2959169463534,1502.6978991024164,1475.0112933126754,0.3140080616305972,0.4864944453124999,0.2381467551116262,0.3206313142421482,0.2531414845024575,0.2383896279850056,-1.0,17.420741100040388,2.970283316291729,[]
Eero Vasa,2024-09-14,1468.7377541997091,1511.622002112704,1500.0,1500.0,1474.8123072429562,0.5,0.5,0.3001535937499999,0.4137969487999999,0.3358294016000001,0.2457600000000001,-4.0,22.646000000000004,2.9472246747465367,[]
Andrey Kuznetsov,2023-08-21,1468.643403620778,1500.0,1484.3632683739668,1500.0,1491.11522531507,0.3612499999999999,0.5,0.425,0.4152919999999999,0.340736,0.256,-3.0,27.6,1.1310829528273012,[]
Daniel Rincon,2024-04-15,1468.3335626120545,1500.0,1475.1538151067,1500.0,1500.0,0.3070624999999999,0.5,0.5,0.4152919999999999,0.340736,0.256,-3.0,25.35,1.150931669943891,[]
Cem Ilkel,2024-09-13,1468.2404408555744,1500.4860247413624,1481.5672610222032,1500.0,1488.0830020945918,0.3612499999999999,0.5,0.4360191540629444,0.416105169230257,0.36961246642542,0.3191445599027201,-3.0,31.681879235115908,1.1605905778084722,[]
Yi Zhou,2025-10-01,1468.0984645724477,1494.3915348864844,1490.7726379255578,1500.0,1479.1907060634253,0.425,0.5,0.3475625607178539,0.4104931907151498,0.3562886224678944,0.3033932103680001,-1.0,19.822771900140005,1.5471411167131122,"[{""result"": ""L"", ""date"": ""2025-10-01""}]"
Cedrik Marcel Stebe,2022-02-07,1467.9976736622198,1512.0,1490.7221115882132,1491.4372214955094,1491.5187406266036,0.425,0.425,0.4276535937499999,0.4220309839596798,0.36566628859904,0.3172864000000001,-1.0,25.72209,2.135212855255344,[]
Kaipo Marshall,2024-09-14,1467.74728174922,1479.4251285599826,1500.0,1500.0,1475.6808122739487,0.5,0.5,0.3799072941406249,0.4304738370963198,0.39171443818496,0.3672576000000001,-1.0,28.968360000000004,1.2639701034616555,[]
Viktor Troicki,2021-06-14,1467.5750558523905,1478.3158336239878,1490.5807467384366,1500.0,1482.0,0.425,0.4887499999999999,0.3612499999999999,0.4233520111999999,0.3694659584,0.3238400000000001,-1.0,23.532300000000003,2.16357805494164,[]
Mark Lajal,2026-08-14,1467.54329510055,1490.895706608704,1482.2493265202747,1493.9272546584618,1488.5880441748686,0.3612499999999999,0.425,0.4085285937499999,0.4018347106145406,0.3360730924187648,0.27742208,-1.0,28.342878,1.2520105145356588,"[{""result"": ""L"", ""date"": ""2026-08-14""}]"
Philipp Kohlschreiber,2022-04-25,1467.4167071332454,1528.936834677976,1491.7999030082894,1500.6686853878457,1476.9614501068363,0.4135202785156249,0.461496875,0.338825833258789,0.3928374481181853,0.3122081391476737,0.2352671554762755,-3.0,22.126217793217396,1.2450935224857116,[]
Aleksandre Metreveli,2022-01-03,1467.06199783582,1500.0,1500.0,1500.0,1473.5347179995406,0.5,0.5,0.3070624999999999,0.4152919999999999,0.340736,0.256,-3.0,16.2,3.0,[]
Mirza Basic,2024-09-14,1467.0579062076226,1500.9001080385538,1492.5660870376034,1500.0,1482.4449244541834,0.4345624999999999,0.5,0.3885031249999999,0.4246730384403199,0.37326562820096,0.3303936,-1.0,28.80576,2.1345019066161752,[]
Filip Krajinovic,2023-05-29,1467.0422875211411,1588.4611641899337,1476.4741442950356,1523.641247404364,1466.8264857599868,0.1912086845568137,0.5572931742382812,0.2472990186449983,0.2737475517964141,0.1391083582246366,0.0533384944433082,-10.0,11.55059460475367,3.11673446813942,[]
Kacper Zuk,2023-01-02,1467.03634807114,1500.414300586377,1490.5262762883,1500.0,1485.4822842902597,0.425,0.5,0.3693781249999999,0.4167870512,0.3456425984,0.26624,-3.0,33.6831,1.1328940386825557,[]
Henry Searle,2025-06-30,1466.868191789771,1500.0,1500.0,1473.7505968514358,1500.0,0.5,0.3070624999999999,0.5,0.4152919999999999,0.340736,0.256,-1.0,22.83,1.2086874245177377,"[{""result"": ""L"", ""date"": ""2025-06-30""}]"
Dimitar Kuzmanov,2024-02-03,1466.5807767217336,1526.441749646557,1488.1119994005126,1500.0,1487.093142440898,0.39227234375,0.5,0.4111425385955249,0.4254392235257428,0.3405647331193597,0.2360369943150592,-5.0,31.632098601147096,1.1603164620160524,[]
Kevin Anderson,2023-07-31,1466.5347523598296,1557.0206797271996,1498.9660706430816,1549.7408419972062,1426.0560453062951,0.461496875,0.7106892190737792,0.1854681146086843,0.3961030033979141,0.3423505823344527,0.3119692099096938,-2.0,16.082469807049524,2.95674582849293,[]
Harold Mayot,2024-11-04,1466.336338103998,1531.8593688414935,1485.910303476142,1490.214100716385,1494.2910359922091,0.353121875,0.4154374999999999,0.3447230650243334,0.3794094986655947,0.2816390457558071,0.1962219628532859,-3.0,22.08027403548721,1.3965489360773944,[]
Skander Mansouri,2024-09-13,1466.2853849767962,1466.2853849767962,1500.2272577747528,1500.0,1470.908521712804,0.51125,0.5,0.2610031249999999,0.4049348905279998,0.352202043392,0.331072,1.0,26.443800000000003,2.134312464790942,[]
Muzammil Murtaza,2022-09-16,1466.2524203817543,1500.0,1483.080429841201,1491.0,1500.0,0.3612499999999999,0.425,0.5,0.4152919999999999,0.340736,0.256,-3.0,21.6,2.1173191660942505,[]
Edas Butvilas,2024-09-13,1466.1348748046064,1488.8814961696178,1491.7732500478778,1490.7669153919285,1490.7684706431326,0.425,0.425,0.4345624999999999,0.4199680111999999,0.3567939584,0.29184,-2.0,33.756,1.1328871506343543,[]
Illya Marchenko,2023-08-21,1465.9550895980126,1523.9842623238285,1500.0,1482.2273592634335,1488.02490674165,0.5,0.3612499999999999,0.3474934500692553,0.4130590769429712,0.3384461633193977,0.2599019872256001,-3.0,24.21842718642001,1.2085244733793568,[]
Benjamin Lock,2024-02-03,1465.9186380293356,1500.0,1491.0,1500.0,1482.7971728713394,0.425,0.5,0.3612499999999999,0.4152919999999999,0.340736,0.256,-3.0,27.6,1.1310829528273012,[]
Jose Rubin Statham,2024-09-14,1465.5756782176556,1500.0,1500.0,1482.675501107736,1491.6524721585922,0.5,0.3612499999999999,0.425,0.4152919999999999,0.340736,0.256,-3.0,22.2,1.2346383321885015,[]
Marco Trungelliti,2026-09-03,1465.5310920676768,1501.8409838621642,1484.6498574957843,1482.0104264416725,1482.7072559954845,0.340031400087033,0.3612499999999999,0.3763008018974609,0.3732954301217713,0.3486707625619,0.3513388102983232,-1.0,21.209615945564234,3.110813633260917,"[{""result"": ""L"", ""date"": ""2026-06-29""}, {""result"": ""W"", ""date"": ""2026-08-14""}, {""result"": ""L"", ""date"": ""2026-08-15""}, {""result"": ""W"", ""date"": ""2026-09-01""}, {""result"": ""L"", ""date"": ""2026-09-03""}]"
Alexey Vatutin,2024-10-14,1465.2830496286747,1500.0,1490.142434580801,1500.0,1480.4048850165163,0.425,0.5,0.3612499999999999,0.4152919999999999,0.340736,0.256,-3.0,27.6,1.1310829528273012,[]
Anthony Susanto,2024-02-03,1464.800983439718,1500.0,1500.0,1500.0,1473.4544095953672,0.5,0.5,0.3070624999999999,0.4152919999999999,0.340736,0.256,-3.0,21.6,2.1173191660942505,[]
Wishaya Trongcharoenchaikul,2024-02-03,1464.8008464017755,1500.0,1490.98830070269,1500.0,1482.4658567560411,0.425,0.5,0.3612499999999999,0.4152919999999999,0.340736,0.256,-3.0,22.2,1.2346383321885015,[]
Andrej Nedic,2024-02-03,1464.704895555326,1500.0,1481.6811688033072,1500.0,1491.0,0.3612499999999999,0.5,0.425,0.4152919999999999,0.340736,0.256,-3.0,27.6,1.1310829528273012,[]
Gonzalo Lama,2023-07-31,1464.4812887962937,1500.0,1482.426106181252,1500.0,1491.0,0.3612499999999999,0.5,0.425,0.4152919999999999,0.340736,0.256,-3.0,27.6,1.1310829528273012,[]
Sasi Kumar Mukund,2023-09-16,1464.338237310934,1500.0,1500.0,1491.0,1481.8327689172368,0.5,0.425,0.3612499999999999,0.4152919999999999,0.340736,0.256,-3.0,27.6,1.1310829528273012,[]
Ji Sung Nam,2022-09-26,1464.0979427585503,1489.227672723766,1500.0,1509.0,1464.0591847845228,0.5,0.575,0.2610031249999999,0.4199680111999999,0.3567939584,0.29184,-2.0,31.4232,1.1332917443373425,[]
Edan Leshem,2023-02-04,1463.465314286848,1511.5443473441455,1500.0,1500.0,1473.0999838399002,0.5,0.5,0.3252359714843749,0.4186469839596798,0.35299428859904,0.2852864000000001,-2.0,21.37542,1.418068616611106,[]
Alessandro Giannessi,2023-04-03,1463.3762510657396,1500.623114405953,1473.3862689418147,1500.0,1500.0,0.31397140625,0.5,0.5,0.4167870512,0.3456425984,0.26624,-3.0,28.0941,1.1472385270577647,[]
Gunawan Trismuwantara,2023-09-16,1463.234144004029,1500.0,1500.0,1481.7613264652396,1491.0,0.5,0.3612499999999999,0.425,0.4152919999999999,0.340736,0.256,-3.0,21.6,2.1173191660942505,[]
Hugo Gaston,2026-09-01,1463.0819212142314,1571.790628986484,1506.4803554577793,1482.9065513810478,1434.8619949996703,0.4729574070306339,0.3192051906054687,0.2269070614014438,0.3062376391076928,0.2307515910764291,0.1657562012459204,-3.0,26.18920329392516,1.2157993974358314,"[{""result"": ""L"", ""date"": ""2026-05-17""}, {""result"": ""W"", ""date"": ""5/25/2026""}, {""result"": ""L"", ""date"": ""2026-05-27""}, {""result"": ""L"", ""date"": ""2026-06-29""}, {""result"": ""L"", ""date"": ""2026-09-01""}]"
Renzo Olivo,2022-02-21,1463.0083876940678,1500.0,1482.3800987427978,1500.0,1490.5811079108237,0.3612499999999999,0.5,0.425,0.4152919999999999,0.340736,0.256,-3.0,27.6,1.1310829528273012,[]
Yuichi Sugita,2021-08-30,1462.7007637061697,1512.0,1500.0,1492.0947583261625,1474.7587221297722,0.5,0.4345624999999999,0.3001535937499999,0.393528164922099,0.3106349739671552,0.2282291200000001,-3.0,19.716481,1.7513267003333253,[]
Liam Draxl,2026-08-02,1462.4597590487476,1500.0,1500.0,1500.0,1470.2681466606173,0.5,0.5,0.3070624999999999,0.4152919999999999,0.340736,0.256,-3.0,27.42,1.1321020432890905,"[{""result"": ""L"", ""date"": ""2026-01-19""}, {""result"": ""L"", ""date"": ""2026-03-18""}, {""result"": ""L"", ""date"": ""2026-08-02""}]"
Dmitry Popko,2024-02-03,1462.4434426911816,1500.0,1487.1501907682027,1500.0,1482.2113510860725,0.3612499999999999,0.5,0.3612499999999999,0.3903744799999999,0.29984768,0.2048,-4.0,24.840000000000003,2.131082952827301,[]
Nicola Kuhn,2022-07-18,1462.1334901482214,1512.0,1485.9225601748,1482.2582421601005,1500.0,0.3612499999999999,0.3612499999999999,0.4887499999999999,0.3889691318719999,0.2955298734080001,0.1966080000000001,-5.0,25.38480000000001,1.5601038789944857,[]
Mitchell Krueger,2024-09-18,1462.039726563539,1481.285020058565,1500.6352328892044,1493.3055797683248,1464.6801744274708,0.4887499999999999,0.4345624999999999,0.3345184158057196,0.3977166575915283,0.3583963334961634,0.3182756781190075,-2.0,24.428501347099008,2.22722514330295,[]
Vilius Gaubas,2026-06-29,1460.9820367162065,1500.414300586377,1492.4115278126817,1491.0,1483.8393715657344,0.3890685078124999,0.425,0.3752506953124999,0.3873145543101162,0.3212012378047961,0.2625420918784,-3.0,29.20476928076,1.4862470403556225,"[{""result"": ""L"", ""date"": ""2026-02-16""}, {""result"": ""W"", ""date"": ""4/22/2026""}, {""result"": ""L"", ""date"": ""4/22/2026""}, {""result"": ""L"", ""date"": ""5/25/2026""}, {""result"": ""L"", ""date"": ""2026-06-29""}]"
Felipe Meligeni Alves,2024-07-15,1460.2736306778354,1512.0,1487.6811681249972,1490.3285499768897,1485.7721464091778,0.3472493046874999,0.425,0.4124364398632812,0.3780664440008103,0.2937865957755899,0.211471380250624,-4.0,29.4198797774156,1.827751041490837,[]
Jiri Vesely,2024-01-15,1460.1146459267306,1524.800492464106,1445.29445002979,1507.3735380053372,1479.3188708780954,0.1929836089671746,0.4968233354705247,0.358480981871367,0.3743771274564176,0.3446647775198714,0.2949058931357306,-3.0,23.364465341892515,1.2884811001501224,[]
Radu Albot,2024-08-26,1459.7748161113625,1525.7394663446812,1487.4315288655455,1439.3169944963693,1478.8247470141002,0.5114147062212554,0.1465237654125488,0.2986940581887618,0.3596414443610994,0.3173111686535961,0.268126269494439,-2.0,18.54779694986124,2.1342937955674355,[]
Thomas Fabbiano,2022-02-14,1458.9470086157555,1500.0,1481.7851342861456,1500.0,1483.75804957589,0.3612499999999999,0.5,0.3612499999999999,0.3903744799999999,0.29984768,0.2048,-4.0,22.344,1.2641050745761293,[]
Federico Gaio,2022-01-31,1458.4140882582028,1486.390479867375,1491.498127337484,1500.0,1474.4555511589645,0.4345624999999999,0.5,0.3070624999999999,0.3947699305279998,0.313978683392,0.233472,-3.0,25.148940000000003,1.15825831237945,[]
Max Hans Rehberg,2024-04-15,1458.2491849564667,1500.0,1465.174366269099,1500.0,1500.0,0.2610031249999999,0.5,0.5,0.3903744799999999,0.29984768,0.2048,-4.0,30.840000000000003,1.1326977088091217,[]
Aleksandar Kovacevic,2026-09-01,1458.226271847207,1537.6268560528824,1465.0240963150345,1468.86124898227,1454.8505158085914,0.3906622588188842,0.2811019968945312,0.3333703200384878,0.3303170562143334,0.3056902460727527,0.2562268316956994,-2.0,13.740406258156035,2.7245229432806024,"[{""result"": ""L"", ""date"": ""2026-06-29""}, {""result"": ""L"", ""date"": ""2026-08-02""}, {""result"": ""W"", ""date"": ""2026-08-14""}, {""result"": ""L"", ""date"": ""2026-08-15""}, {""result"": ""L"", ""date"": ""2026-09-01""}]"
Muhammad Shoaib,2024-09-14,1456.9870974040286,1477.3751740549865,1490.9897880878384,1490.5575177107896,1483.7945897733491,0.425,0.4345624999999999,0.3612499999999999,0.3979508905279998,0.325130043392,0.2590720000000001,-2.0,36.3804,1.1329093757913142,[]
Jan Choinski,2026-09-01,1456.314904548758,1494.9678894500375,1492.4330068378342,1477.0735808308443,1469.2075594603125,0.4345624999999999,0.3660894816406249,0.2610031249999999,0.3270486638323541,0.2378503575774112,0.17512453373952,-3.0,29.625476036357703,1.750292913609735,"[{""result"": ""L"", ""date"": ""2026-02-16""}, {""result"": ""W"", ""date"": ""2026-06-29""}, {""result"": ""L"", ""date"": ""2026-07-01""}, {""result"": ""L"", ""date"": ""2026-08-14""}, {""result"": ""L"", ""date"": ""2026-09-01""}]"
Malek Jaziri,2023-02-27,1456.302244513867,1499.214596477785,1508.442152145274,1500.0,1455.0073097490294,0.5429375,0.5,0.230450833258789,0.4039014419092854,0.3406676680246323,0.2829250068480001,-2.0,29.2500956094,1.283995304934304,[]
Andrej Martin,2022-01-31,1454.9149809730268,1481.9047571059773,1480.89517494415,1500.0,1474.1602367738749,0.3741343212330975,0.5,0.3070624999999999,0.402384731283973,0.3704053308967091,0.3321337710819411,-2.0,18.393124256447276,1.3341015103183371,[]
Ajeet Rai,2024-09-14,1454.5419049205402,1500.0,1500.0,1500.0,1466.2271451246768,0.5,0.5,0.2610031249999999,0.3903744799999999,0.29984768,0.2048,-4.0,25.44,1.248402118921552,[]
Roberto Quiroz,2022-09-17,1454.170868417452,1524.0,1500.0,1500.0,1466.2806098200947,0.5,0.5,0.2409042531054687,0.385085311785459,0.2845868243812352,0.17825792,-6.0,23.835438000000003,2.1490381614803504,[]
Daniels Tens,2024-09-14,1454.019653045529,1500.0,1500.0,1500.0,1465.1446480285315,0.5,0.5,0.2610031249999999,0.3903744799999999,0.29984768,0.2048,-4.0,24.840000000000003,2.131082952827301,[]
Zhizhen Zhang,2026-10-01,1453.4638106953146,1628.1089931809672,1520.504849316727,1490.0079823767535,1441.9398650936253,0.3116309366835031,0.4349466436887426,0.1345291974570589,0.2304260692023991,0.1139859989040168,0.055097922612254,-8.0,20.317948688807697,1.275333259998678,"[{""result"": ""L"", ""date"": ""2026-04-14""}, {""result"": ""L"", ""date"": ""4/22/2026""}, {""result"": ""L"", ""date"": ""2026-05-11""}, {""result"": ""L"", ""date"": ""5/25/2026""}, {""result"": ""L"", ""date"": ""2026-10-01""}]"
Dragos Nicolae Madaras,2023-07-17,1453.3797931300037,1500.0,1490.9524187526258,1500.0,1472.0200962417348,0.425,0.5,0.3070624999999999,0.3903744799999999,0.29984768,0.2048,-4.0,25.98,1.1448467395603517,[]
Ignacio Carou,2023-09-16,1453.102855221353,1500.0,1465.659161472773,1500.0,1500.0,0.2610031249999999,0.5,0.5,0.3903744799999999,0.29984768,0.2048,-4.0,25.44,1.248402118921552,[]
Cesar Cruz,2024-09-14,1452.483279855532,1500.0,1481.955969069295,1500.0,1481.7670798922654,0.3612499999999999,0.5,0.3612499999999999,0.3903744799999999,0.29984768,0.2048,-4.0,25.98,1.1448467395603517,[]
Viktor Durasovic,2024-02-02,1451.9176255605769,1511.6034492579622,1500.7051060600454,1500.0,1453.8357183150729,0.4887499999999999,0.5,0.3111779422287462,0.3882712147497134,0.367049303803223,0.4020487795310593,1.0,28.408801892577976,1.2715532972716987,[]
Camilo Ugo Carabelli,2026-09-01,1451.82241795729,1517.4515563007635,1483.2718568909806,1482.8141926982248,1449.087681982148,0.445137394071647,0.3612499999999999,0.2276716350558295,0.3170414252696182,0.2647567106924491,0.1873045388857206,-5.0,14.618289923051954,2.154351729495059,"[{""result"": ""L"", ""date"": ""2026-05-27""}, {""result"": ""L"", ""date"": ""2026-06-29""}, {""result"": ""L"", ""date"": ""2026-08-02""}, {""result"": ""L"", ""date"": ""2026-08-14""}, {""result"": ""L"", ""date"": ""2026-09-01""}]"
Maximilian Marterer,2024-10-14,1451.492329417729,1529.2755812692674,1472.3378329858706,1493.027795150673,1454.2952757256317,0.3896956849215484,0.3872806589843748,0.3347831862547084,0.3601562082263211,0.364642847283633,0.3742054727287245,-1.0,12.091872558169085,3.794314634372528,[]
Lucas Pouille,2024-07-01,1451.039325478565,1506.6213151290185,1444.070259976211,1494.921275853449,1477.6098673180886,0.2356242449262765,0.4577276562499999,0.3809765334355708,0.3760677782682713,0.3964261580235246,0.4215928018657806,-1.0,20.60246666499148,3.219407026016333,[]
Elias Ymer,2026-02-23,1450.6457866453377,1540.0329124612565,1463.448899888373,1484.0764104834368,1488.5231008892176,0.207405990301402,0.3612499999999999,0.3321765789414106,0.3329821074882899,0.2830375096415138,0.247065291181436,-2.0,26.99609875297418,1.3476154623014178,"[{""result"": ""L"", ""date"": ""2026-01-19""}, {""result"": ""L"", ""date"": ""2026-02-23""}]"
Pablo Cuevas,2022-05-23,1449.920638850589,1548.1489965492638,1475.1211295301732,1490.7672239456124,1490.2068836481071,0.3738646291499952,0.425,0.3755355183593749,0.37947414293343,0.3407534849107084,0.3500896045958912,-1.0,14.78411536375092,3.2066022693803813,[]
Pierre-Hugues Herbert,2026-05-25,1449.7700835787916,1531.4622448364994,1455.8212112786048,1481.671635317604,1498.385607325386,0.1812663073550292,0.3612499999999999,0.4427486398959208,0.3577432861170249,0.2968793740959487,0.2337193075870588,-2.0,30.278588143522647,1.147919214783113,"[{""result"": ""L"", ""date"": ""2026-02-16""}, {""result"": ""L"", ""date"": ""5/25/2026""}]"
Kiranpal Pannu,2024-09-14,1449.7525243284952,1459.7906238356395,1500.0,1500.0,1459.2236572422885,0.5,0.5,0.2877885441406249,0.3806387970963198,0.30993779818496,0.2648576,-1.0,32.049420000000005,1.1718119181358226,[]
Attila Balazs,2023-08-28,1449.1615253462537,1500.0,1483.5065698430428,1492.25213329531,1479.7476770455846,0.3612499999999999,0.425,0.3070624999999999,0.3449348905279998,0.2322020433919999,0.131072,-6.0,30.87807,1.1358492798446551,[]
Evgeny Donskoy,2021-10-18,1449.1142187753617,1500.1790297261234,1500.0,1491.0,1466.2132344278746,0.5,0.425,0.2551305546874999,0.3682730384403199,0.26766562820096,0.1703936,-5.0,19.077463,1.699186252075514,[]
James Duckworth,2026-09-03,1448.91864196513,1551.9955160945494,1484.4756689642188,1487.8883533753758,1420.729127822733,0.4039505757617186,0.3830082285454078,0.3312519373479653,0.3391403844539564,0.3742440633030487,0.4068848996374077,-1.0,15.331603093272603,3.875626915352537,"[{""result"": ""L"", ""date"": ""2026-08-06""}, {""result"": ""W"", ""date"": ""2026-08-14""}, {""result"": ""L"", ""date"": ""2026-08-15""}, {""result"": ""W"", ""date"": ""2026-09-01""}, {""result"": ""L"", ""date"": ""2026-09-03""}]"
Enzo Couacaud,2024-07-22,1448.8717675673852,1511.2931798663926,1482.4694458040435,1482.018422685461,1489.5811106022888,0.353121875,0.3612499999999999,0.3693781249999999,0.3505321827811666,0.249191337024165,0.1624506368000001,-4.0,36.66025059,1.1371702654588811,[]
Nikoloz Basilashvili,2026-06-16,1448.4929531897385,1615.6959417356263,1491.5365001504351,1509.32946580535,1423.1727713669284,0.5248599384634175,0.452767752180325,0.1403845907145388,0.3484656739744816,0.3837776797232892,0.4425309023528101,-2.0,19.9480134224638,2.292245989568672,"[{""result"": ""W"", ""date"": ""2026-05-11""}, {""result"": ""W"", ""date"": ""2026-05-11""}, {""result"": ""W"", ""date"": ""2026-05-11""}, {""result"": ""L"", ""date"": ""2026-05-11""}, {""result"": ""L"", ""date"": ""2026-06-16""}]"
Emilio Gomez,2024-02-02,1447.383550828054,1512.0,1482.714807660299,1500.0,1463.990029832864,0.3943756953125,0.5,0.3226168387857837,0.3632252266660742,0.3263885217644709,0.3021302579213138,-1.0,25.13837748903532,1.26601687072641,[]
Guido Pella,2023-08-28,1447.3408964191103,1512.0,1452.2563075849375,1478.807652457961,1474.1570909415611,0.3334707861876166,0.4299844106416015,0.3269221697693385,0.3886676884911421,0.3630285151263802,0.3029546986633492,-3.0,11.162940271999943,2.7150997549875147,[]
Geoffrey Blancaneaux,2023-02-20,1446.5670952327002,1500.0,1490.954398168633,1500.0,1465.7035411367085,0.425,0.5,0.2610031249999999,0.3669520111999999,0.2638659584,0.16384,-5.0,25.997,1.7152442256923353,[]
Juan Pablo Varillas,2024-09-13,1445.6911479195744,1542.9888599427306,1508.6337984574463,1490.6874349579602,1446.02344126354,0.3746426638451531,0.425,0.2055523600906114,0.324709517915607,0.2584923963841764,0.2254840779528055,-2.0,19.037543440578872,1.2686121920923203,[]
Marc Polmans,2024-07-15,1445.6873339896813,1480.5898768736174,1501.0050052975257,1490.7996995714072,1460.4272340686282,0.4887499999999999,0.4154374999999999,0.2686635441406249,0.3657615205829513,0.2884968513015841,0.2227429703680001,-3.0,30.47210487447,1.1470411762941872,[]
Denis Istomin,2022-09-16,1445.555627731462,1464.1372629465527,1490.7555064807982,1500.0,1465.0791099737885,0.425,0.5,0.2969497578124999,0.3772547970963198,0.2972657981849599,0.2328576,-2.0,32.07681600000001,1.2508960802448827,[]
Yasutaka Uchiyama,2024-09-18,1445.435735007224,1488.0276479983245,1491.1662432546912,1482.0297399628682,1474.763502149326,0.425,0.3612499999999999,0.3951904265035522,0.3767511826426332,0.3503997756613128,0.3637420274378343,-1.0,19.18216490048619,3.170927314403153,[]
Aljaz Bedene,2022-09-16,1445.1558200289564,1536.9866765028503,1494.1877291721382,1475.5638372630972,1480.6506868135075,0.4310923396781676,0.3307082316406249,0.3085593923991478,0.3585346697008247,0.3092801661678673,0.3081710770914805,1.0,15.059910625684587,1.947641399620025,[]
Giulio Zeppieri,2025-06-30,1444.9004848661175,1510.7439679315,1471.0090342656997,1490.1136265690436,1479.3584287457393,0.3623330536148903,0.425,0.31397140625,0.3426008211368255,0.2719270648110116,0.2240136600972218,-1.0,27.66231266691042,1.3048014258535434,"[{""result"": ""L"", ""date"": ""2025-06-30""}]"
James McCabe,2025-06-30,1444.7516151108075,1500.0,1500.0,1481.1736124106933,1471.8531911194464,0.5,0.3612499999999999,0.3070624999999999,0.3669520111999999,0.2638659584,0.16384,-1.0,29.8923,1.133955282032233,"[{""result"": ""L"", ""date"": ""2025-06-30""}]"
Marko Topo,2024-04-15,1444.3140906142708,1500.0,1456.782515989467,1500.0,1500.0,0.2218526562499999,0.5,0.5,0.3669520111999999,0.2638659584,0.16384,-5.0,33.756,1.1328871506343543,[]
Brandon Holt,2025-08-25,1443.2940123141002,1518.6759309468248,1500.0,1490.4988052876345,1457.3194770629143,0.5,0.425,0.1897521714565917,0.324374666121855,0.2050016181296556,0.10636754944,-2.0,34.058440343,1.1534589743130708,"[{""result"": ""L"", ""date"": ""2025-06-30""}, {""result"": ""L"", ""date"": ""2025-08-25""}]"
Steven Diez,2024-01-01,1443.1492169552944,1500.0,1473.1985916648537,1500.0,1478.3205532757802,0.3070624999999999,0.5,0.3070624999999999,0.3449348905279998,0.2322020433919999,0.131072,-6.0,23.657400000000003,2.199416539486477,[]
Yen Hsun Lu,2021-07-24,1442.5079002976836,1488.8404428522344,1491.1814311792864,1482.2330846080715,1477.6479044031107,0.425,0.3612499999999999,0.3302276562499999,0.3488187106145406,0.2431450924187648,0.14942208,-5.0,21.786004700000003,1.820998927825208,[]
Roman Andres Burruchaga,2026-09-01,1442.2519194966042,1512.4947604880542,1476.9066108656084,1494.093516672361,1477.8886728350303,0.3389806816128417,0.425,0.3070624999999999,0.3177118784969258,0.2127667185815879,0.13207578083328,-5.0,21.991285483047008,2.0744566313648534,"[{""result"": ""L"", ""date"": ""2026-05-27""}, {""result"": ""L"", ""date"": ""2026-06-29""}, {""result"": ""L"", ""date"": ""2026-08-02""}, {""result"": ""L"", ""date"": ""2026-08-14""}, {""result"": ""L"", ""date"": ""2026-09-01""}]"
Leo Borg,2024-10-14,1442.1039790383822,1494.1818591618794,1495.282162064755,1500.0,1450.3220106710191,0.4154374999999999,0.5,0.2637452625195312,0.3461232399370675,0.2712965724208005,0.23650410496,-1.0,30.59913669600001,1.392383493753086,[]
Seong Chan Hong,2024-09-13,1441.7964526507542,1457.3593867535642,1500.0,1500.0,1445.499846118,0.5,0.5,0.4171504537691403,0.3809550922627442,0.3927932528371778,0.4659485853155329,1.0,23.09930085337758,1.620582406601756,[]
Kristjan Tamm,2024-09-13,1441.3751168213105,1500.0,1481.84963048917,1500.0,1473.3496623160877,0.3612499999999999,0.5,0.3070624999999999,0.3669520111999999,0.2638659584,0.16384,-5.0,28.896,1.146461495542172,[]
Brayden Schnur,2022-01-03,1441.0574355859949,1500.0,1500.0,1491.0,1465.506318840287,0.5,0.425,0.2610031249999999,0.3669520111999999,0.2638659584,0.16384,-5.0,27.565200000000004,1.318785404293566,[]
Adam Walton,2026-09-01,1440.6377818198694,1481.7733425367203,1495.1198840189577,1480.853003789127,1440.9180388024693,0.4414714062499999,0.3472493046874999,0.3389619013628607,0.3446628037096378,0.3461117620577279,0.3340084601861707,-2.0,15.527190990411352,3.1889976836707974,"[{""result"": ""L"", ""date"": ""2026-08-02""}, {""result"": ""W"", ""date"": ""2026-08-14""}, {""result"": ""W"", ""date"": ""2026-08-15""}, {""result"": ""L"", ""date"": ""2026-08-17""}, {""result"": ""L"", ""date"": ""2026-09-01""}]"
Luca Van Assche,2026-09-30,1440.4699690022562,1515.3062478011689,1478.4448503361104,1473.707573347781,1459.917846345635,0.3089043324227831,0.3001535937499999,0.2634247328129744,0.295829278963428,0.2527402055506514,0.2199881825229512,-2.0,18.30895433612296,2.107287920771284,"[{""result"": ""L"", ""date"": ""2026-08-02""}, {""result"": ""L"", ""date"": ""2026-08-14""}, {""result"": ""W"", ""date"": ""2026-09-01""}, {""result"": ""L"", ""date"": ""2026-09-03""}, {""result"": ""L"", ""date"": ""2026-09-30""}]"
Marco Cecchinato,2023-08-28,1440.1894236278358,1524.073516907201,1494.1237002860996,1473.1609553789403,1433.1854635338343,0.3468843678218461,0.3070624999999999,0.2041132073239454,0.3444874809589874,0.2424174028112994,0.151291460660954,-4.0,10.16857031385896,3.385795623088085,[]
Tristan Schoolkate,2026-09-03,1439.848187991113,1480.3692882367372,1500.0,1491.6761064310367,1450.3658212986547,0.5,0.425,0.2740563347777314,0.3403706887939909,0.2782564790693632,0.2558938690355201,-1.0,27.877024630154,2.146611987477174,"[{""result"": ""L"", ""date"": ""2026-01-19""}, {""result"": ""L"", ""date"": ""2026-02-23""}, {""result"": ""L"", ""date"": ""2026-03-04""}, {""result"": ""W"", ""date"": ""2026-09-01""}, {""result"": ""L"", ""date"": ""2026-09-03""}]"
Peter Gojowczyk,2022-08-29,1439.0182466212975,1569.0172735783374,1474.008212411049,1500.974969621153,1468.876597339508,0.3070624999999999,0.4566885601367186,0.2682869079863189,0.3242294107407286,0.2519350381445894,0.2185275407478948,-2.0,13.63570256864726,3.706723992257938,[]
Nicolas Mejia,2026-08-14,1438.9033249300087,1485.8958096773645,1510.528487806603,1500.0423877331343,1423.5509797116686,0.54227234375,0.4887499999999999,0.1688277467828731,0.3335614916439119,0.2896457462187249,0.2690302488230023,-2.0,23.921802096973813,2.8608244587447165,"[{""result"": ""W"", ""date"": ""2026-06-29""}, {""result"": ""L"", ""date"": ""2026-07-01""}, {""result"": ""W"", ""date"": ""2026-08-02""}, {""result"": ""L"", ""date"": ""2026-08-06""}, {""result"": ""L"", ""date"": ""2026-08-14""}]"
Michail Pervolarakis,2023-01-02,1438.7456563059122,1478.120406029338,1491.0,1500.0,1458.2708440939514,0.425,0.5,0.3098642700166015,0.3670997439108097,0.300578978418781,0.2661158912,-1.0,31.29083718,1.1730749802947589,[]
Kyle Edmund,2023-05-08,1438.657626915861,1512.9616349926448,1473.666110539678,1500.0,1469.8861816820825,0.3070624999999999,0.5,0.2132544792412109,0.3027177379757959,0.1752226867968973,0.078383153152,-9.0,20.1578617787,2.3060785948770963,[]
Francesco Passaro,2026-09-01,1436.8237815128412,1500.4398264428594,1477.59626610437,1500.0,1462.939527481829,0.4407164627787957,0.5,0.2488008018974608,0.3683390461231844,0.3338176089527456,0.319171851703482,-2.0,28.16478938921338,1.2541827556480531,"[{""result"": ""L"", ""date"": ""2025-08-25""}, {""result"": ""W"", ""date"": ""2026-02-16""}, {""result"": ""L"", ""date"": ""2026-02-16""}, {""result"": ""L"", ""date"": ""2026-09-01""}]"
Shintaro Mochizuki,2026-09-01,1436.6903898018768,1450.5373426683984,1493.4339730060967,1499.5926911505294,1405.826954026048,0.425,0.5221031606416014,0.1218091091307862,0.3090098290674779,0.3118960844003357,0.2985832444340217,-3.0,26.433218914130908,1.805481381622998,"[{""result"": ""W"", ""date"": ""2026-07-01""}, {""result"": ""W"", ""date"": ""2026-07-02""}, {""result"": ""L"", ""date"": ""2026-07-04""}, {""result"": ""L"", ""date"": ""2026-08-02""}, {""result"": ""L"", ""date"": ""2026-09-01""}]"
Gianluca Mager,2022-01-31,1435.9474486730655,1524.0,1490.739813461582,1500.0339994837022,1452.012014749739,0.471795608876862,0.4887499999999999,0.2581888115346927,0.3549683448180264,0.2878241808148498,0.2272582388021557,-3.0,9.994776696266571,3.488635564532051,[]
Andreas Seppi,2022-06-06,1435.399161872199,1495.0248571837246,1490.9501073126817,1499.328861674866,1450.380534626969,0.4345624999999999,0.4418064921874999,0.3288514815312288,0.3497760321470375,0.2994721818663426,0.2675137132450211,-2.0,16.92305057834961,1.4984960734337385,[]
Pedro Martinez,2026-04-13,1435.1746521109026,1580.341843476194,1499.7931891297487,1481.2397341971166,1416.2123062983765,0.3257868628291932,0.4252640756626005,0.1057837381529309,0.2579982785504001,0.1783666912711247,0.117669544618261,-7.0,24.32002519028696,1.1940958799504533,"[{""result"": ""L"", ""date"": ""2025-08-25""}, {""result"": ""L"", ""date"": ""2025-10-01""}, {""result"": ""L"", ""date"": ""2026-01-19""}, {""result"": ""L"", ""date"": ""2026-02-16""}, {""result"": ""L"", ""date"": ""2026-04-13""}]"
Sho Shimabukuro,2026-09-30,1434.8905536036982,1510.4899145658403,1500.0,1484.6938807453005,1444.2531497989655,0.5,0.3693781249999999,0.1759348334996117,0.2904699654153248,0.1949445870310998,0.1198428381280724,-6.0,20.98101251059687,1.7535261419920527,"[{""result"": ""L"", ""date"": ""2026-06-29""}, {""result"": ""L"", ""date"": ""2026-08-02""}, {""result"": ""L"", ""date"": ""2026-08-14""}, {""result"": ""L"", ""date"": ""2026-09-01""}, {""result"": ""L"", ""date"": ""2026-09-30""}]"
Jay Clarke,2025-06-30,1433.3274168407856,1500.0,1500.0,1456.3403089549763,1491.192476327725,0.5,0.2218526562499999,0.425,0.3449348905279998,0.2322020433919999,0.131072,-1.0,28.133070000000004,1.2216436446375043,"[{""result"": ""L"", ""date"": ""2025-06-30""}]"
Facundo Bagnis,2025-07-27,1433.1278464968627,1554.6089296070252,1477.2977203090825,1481.8076535273365,1443.9347297897727,0.43252081380579,0.3612499999999999,0.2353949499997786,0.362276083499055,0.3702267657879829,0.3451624804415021,-1.0,20.503924140196094,1.2908402151554488,"[{""result"": ""L"", ""date"": ""2025-07-27""}]"
Abedallah Shelbayh,2024-04-01,1432.1737564512832,1503.534809687229,1482.3233516263736,1482.4604795335024,1468.8445340262688,0.353121875,0.3612499999999999,0.2849364398632812,0.3245704072253506,0.230392924997147,0.15959716790272,-4.0,23.237726444021607,1.615248028467088,[]
Egor Gerasimov,2024-10-02,1431.4444820240924,1536.0677491409306,1475.8550441679608,1499.5519409824403,1438.841145285364,0.3736951112517748,0.4806218749999999,0.2171762569964539,0.331238522838595,0.3052767489575348,0.2901141582402538,-2.0,19.150413511839915,1.2884191215184142,[]
Emilio Nava,2026-06-29,1430.496498536736,1469.2326169086905,1479.3353029270488,1482.8101170787124,1437.1406414947974,0.3961635441406249,0.3612499999999999,0.1934007387178405,0.2671934545443641,0.2543629305345468,0.2650125808133181,-3.0,20.21048046756077,1.7194122599268509,"[{""result"": ""W"", ""date"": ""4/22/2026""}, {""result"": ""W"", ""date"": ""4/22/2026""}, {""result"": ""L"", ""date"": ""4/22/2026""}, {""result"": ""L"", ""date"": ""5/25/2026""}, {""result"": ""L"", ""date"": ""2026-06-29""}]"
Oscar Otte,2024-06-17,1429.1200236779346,1597.214735453785,1488.9957720613677,1513.7226505995657,1423.2019871699235,0.384512169256491,0.3853538054605271,0.2197977778288432,0.2843311845681141,0.2449805023971082,0.2196256141945109,-2.0,15.203204670462586,1.439856664686386,[]
Diego Schwartzman,2024-08-26,1428.6921359711785,1685.6598477010978,1486.7567675692733,1493.164041590931,1480.5233648447102,0.1889871979340429,0.4341198713133958,0.1879465643618283,0.2235014121048252,0.1331952224225046,0.05984229190076,-10.0,18.988602777945463,1.223573026793997,[]
Vitaliy Sachko,2026-04-13,1428.3146729779523,1500.0,1482.3411941753836,1500.0,1460.701747369195,0.3612499999999999,0.5,0.2218526562499999,0.3242387970963198,0.2043377981849599,0.1048576,-1.0,38.41836,1.1331928582723714,"[{""result"": ""L"", ""date"": ""2026-04-13""}]"
Sam Querrey,2022-08-29,1426.697681487924,1530.1814223546316,1483.1770886336735,1502.8474083172514,1419.879000214405,0.3885031249999999,0.3451042225094001,0.1664848250153694,0.3080148093044433,0.246324272856876,0.1956146078439621,-4.0,18.053416397758333,1.5248430267018995,[]
Ernesto Escobedo,2024-02-26,1426.4287135320858,1526.7364290757607,1482.4315261316658,1500.0,1455.718775874076,0.3693781249999999,0.5,0.1883594152887943,0.3240879141580391,0.2133941188136375,0.1335699985194287,-4.0,26.53468214746427,2.772514349853983,[]
Richard Gasquet,2024-11-04,1426.2164002517334,1631.2936697942444,1451.9232001876908,1480.740067261588,1471.8035573708023,0.2304973462831345,0.294966710038618,0.2442783861953411,0.2496491467743916,0.227268923173925,0.2327236516813807,-1.0,16.499184218478312,3.355650863084953,[]
Hugo Grenier,2026-02-09,1425.9044833854718,1512.0,1471.548569547395,1499.7814340130133,1447.9859926253118,0.2811019968945312,0.4887499999999999,0.2105815472758881,0.293156336779628,0.2025138154963571,0.1325715862257919,-1.0,28.980197681526136,1.1402330080074017,"[{""result"": ""L"", ""date"": ""2026-02-09""}]"
Li Tu,2024-10-02,1425.0211577917776,1475.8332469364166,1500.0,1481.9390230410413,1453.2133028390272,0.5,0.3693781249999999,0.1885747578124999,0.3106997439108097,0.194978978418781,0.1061158912,-6.0,32.686144327,1.3343240714024955,[]
Federico Coria,2024-08-26,1424.0287810861348,1530.4385001495837,1501.001133487907,1465.316124684545,1390.8080399110693,0.2057292661305128,0.2610031249999999,0.0677608943543813,0.2755631425140455,0.1637131635999901,0.0737960839556156,-8.0,13.490324162417606,2.533230153055996,[]
Sumit Nagal,2024-11-04,1423.7377203608423,1519.621861858482,1471.7277893624478,1490.1939300360566,1452.7581481500952,0.3128781843578922,0.425,0.1758363824522776,0.2719422755946977,0.1682731338196384,0.0911322120970649,-7.0,16.866781507476997,2.059044073636705,[]
Taro Daniel,2024-10-14,1422.479128137577,1539.3338319028448,1455.493600852566,1452.2184321771158,1453.6489528509053,0.2094408626041436,0.1885747578124999,0.2620893919452167,0.248936537503167,0.2183688867147796,0.2226227510881682,-2.0,10.059949439392106,3.664387830328791,[]
Luca Nardi,2026-05-11,1422.401701168843,1497.819365057142,1446.1085589474303,1477.2189457645643,1465.5021638310318,0.2041132073239454,0.3001535937499999,0.2743674248732656,0.2589285051568545,0.2196141187610376,0.1854650315260971,-4.0,27.85729601626789,1.1617069830583124,"[{""result"": ""W"", ""date"": ""2025-10-01""}, {""result"": ""L"", ""date"": ""2025-10-01""}, {""result"": ""L"", ""date"": ""2026-01-19""}, {""result"": ""L"", ""date"": ""2026-02-23""}, {""result"": ""L"", ""date"": ""2026-05-11""}]"
Tennys Sandgren,2024-02-05,1421.0676660043243,1512.0,1476.1656447399764,1499.541800531532,1437.677575044112,0.31397140625,0.4747493046875,0.165328976973643,0.2860663483996103,0.1961493542933162,0.1254861791170898,-5.0,20.40046756614892,1.231305805080518,[]
Maxime Cressy,2024-07-29,1420.1540928526824,1599.142241541059,1427.948581277208,1510.8787863358168,1469.875355464443,0.1245452006006664,0.4094510510100492,0.1843821817939728,0.2522011836722386,0.2022180179246673,0.1908137406471958,-2.0,15.396532087568565,2.370594606471554,[]
Ramkumar Ramanathan,2024-10-02,1418.746459228328,1469.1220183385478,1500.0,1526.545742471916,1410.6900467542755,0.5,0.6929375,0.083671621844807,0.3387603870489602,0.2686330860752088,0.22548770455552,-2.0,36.535548414731394,1.5961105536913078,[]
Pedro Sousa,2023-04-03,1418.570987459073,1512.0,1465.2452464035448,1491.2850732881054,1474.305143074591,0.2668756953125,0.425,0.3001535937499999,0.3072467054936372,0.1862863525418238,0.093482647552,-7.0,25.9755620181,1.1474983296369148,[]
Federico Delbonis,2023-02-06,1417.3074184347306,1598.5619104909874,1500.9881330691444,1475.5614612803545,1402.5793992552165,0.3376674360517788,0.3070624999999999,0.1414655650199656,0.2921023956948009,0.267758866552026,0.2686445950085189,-1.0,13.953725585580292,2.2668073510921025,[]
Denis Kudla,2024-04-01,1416.1760765067377,1534.4847993090143,1475.897170541157,1495.3235684175083,1439.533728101114,0.3302276562499999,0.3796994120146484,0.318175618568482,0.330693673534826,0.2997060398715589,0.2516695132790308,-3.0,18.20694397506284,1.6919767915419648,[]
Pablo Andujar,2023-04-17,1415.54714317556,1514.0634559374146,1455.797014898668,1483.7201506402273,1467.6659853954015,0.2303340966141798,0.3693781249999999,0.2944913782506185,0.2886934453710998,0.1972023668094384,0.1301857415769778,-5.0,24.58137505058544,1.2473283375589832,[]
Norbert Gombos,2024-09-15,1414.8581288022592,1500.472922512476,1495.544107579009,1481.7848445917302,1428.0535060564853,0.3415999692762744,0.3612499999999999,0.1826581124598288,0.2851764251778673,0.198159305854088,0.1332675836477674,-4.0,25.70278762528357,1.2175428265047588,[]
Pedro Cachin,2024-07-15,1413.5979961510743,1539.2720496170762,1464.7674411332214,1484.7520938780465,1422.363264614093,0.1946563339117855,0.3612499999999999,0.0925703727399494,0.2417495982522867,0.167536968594096,0.1259074927008875,-5.0,14.342130388051102,1.647651617855372,[]
Marc-Andrea Huesler,2026-04-13,1412.9594664499236,1571.2283399671176,1427.4168526927451,1469.192215036698,1474.9528272776554,0.2557674006731967,0.2949198093945312,0.2392561778900128,0.284132212651584,0.2642268394740725,0.2480950068289957,-1.0,29.5834061981816,1.1625306951905736,"[{""result"": ""L"", ""date"": ""2026-04-13""}]"
Juan Ignacio Londero,2022-05-23,1407.9551270462164,1431.8722514496712,1444.5001256003557,1491.0,1482.0,0.2854642809921239,0.425,0.3612499999999999,0.3149440993931139,0.2796351017742287,0.2616908795230343,-2.0,17.433942435599572,1.630577081303214,[]
Damir Dzumhur,2026-09-01,1407.8516047797484,1506.2205441078358,1484.4610656456118,1481.4534231374414,1408.560775117512,0.3883391489921028,0.3612499999999999,0.2043196778422121,0.2668139703113383,0.2376076673570701,0.2056976197057203,-4.0,20.673035725517188,1.2299489149788712,"[{""result"": ""W"", ""date"": ""2026-05-11""}, {""result"": ""L"", ""date"": ""2026-05-11""}, {""result"": ""L"", ""date"": ""5/25/2026""}, {""result"": ""L"", ""date"": ""2026-06-29""}, {""result"": ""L"", ""date"": ""2026-09-01""}]"
Henri Laaksonen,2022-09-19,1407.6673823227409,1539.993405551808,1479.076454120943,1491.4369299237185,1447.6616658170688,0.3377604399623994,0.425,0.1722984664349746,0.2705597720897245,0.1514720447087246,0.0746323252581317,-7.0,16.75739968634784,2.616630704532605,[]
Carlos Taberner,2026-09-01,1405.751905629711,1500.3259689517415,1448.5912322880563,1490.105075250748,1469.62398561935,0.200629033333335,0.425,0.2539531410434081,0.2635792372181655,0.1425047519958496,0.0584615992741783,-2.0,33.509476680551955,1.1329413906667567,"[{""result"": ""L"", ""date"": ""2026-01-19""}, {""result"": ""L"", ""date"": ""2026-09-01""}]"
Albert Ramos,2024-08-26,1405.224882990768,1610.1187456259386,1484.219121966494,1441.733522116829,1386.4471788671235,0.2377167424842605,0.1602885441406249,0.1267115853398717,0.2699914337013003,0.2017623371178403,0.1279789411480357,-6.0,20.176074748014305,1.299084188624946,[]
Marcelo Tomas Barrios Vera,2026-09-01,1404.1879478665123,1478.0583822911244,1479.1214961340634,1491.5744078704668,1442.0134642392245,0.2940691280366748,0.4345624999999999,0.1602885441406249,0.2715504343257683,0.1690040904024124,0.0936041498540855,-4.0,35.29298128614949,1.1629352649226885,"[{""result"": ""L"", ""date"": ""2025-07-27""}, {""result"": ""L"", ""date"": ""2026-02-16""}, {""result"": ""L"", ""date"": ""2026-03-18""}, {""result"": ""L"", ""date"": ""2026-09-01""}]"
Joao Sousa,2024-04-01,1403.9384525763437,1490.5812803744602,1429.501733426993,1456.646203659977,1474.8498608855314,0.2600230406790717,0.2218526562499999,0.2887882043878774,0.3000192863418468,0.278132406938534,0.2661757678388777,-2.0,23.48684991029481,1.141670353771311,[]
Jo-Wilfried Tsonga,2022-05-23,1402.742193068099,1501.6529606300214,1454.5866155599865,1482.0,1472.1922974491297,0.1885747578124999,0.3612499999999999,0.3142415778012207,0.2670643567970165,0.1720836950470242,0.1137271307889541,-5.0,18.34886131665525,2.233295648427156,[]
Bernabe Zapata Miralles,2024-03-04,1402.2685223084463,1552.6149925331415,1509.6710184306569,1450.083402433488,1384.1605384562051,0.2491755527482674,0.1885747578124999,0.0995437530937968,0.2292486461700039,0.1413632144327542,0.0915164707652673,-5.0,10.710744966649065,4.222915114494679,[]
Mikhail Kukushkin,2024-10-14,1399.2611320393871,1512.0,1465.7383726234505,1474.0744225804935,1437.3226458839683,0.2610031249999999,0.3070624999999999,0.3251531660929813,0.2841177278452463,0.2831700550375757,0.2979613999686787,-2.0,24.22269178910284,2.2478578862978167,[]
Stefano Travaglia,2023-08-28,1396.0054888550378,1571.9660451497332,1438.690165667491,1481.7905858126585,1472.5276491650698,0.2257727297915505,0.3693781249999999,0.3124246216611954,0.2838915477350903,0.2351833902228808,0.1930273905950874,-4.0,22.607149043081176,1.1425196790742849,[]
Daniel Elahi Galan,2025-08-25,1395.243240361391,1542.1780037553035,1430.8173909293234,1511.3058398220137,1424.8179568101118,0.3209200599847838,0.4809576119939622,0.1946599443540936,0.280464097654817,0.2544711605246719,0.2278365968580238,-2.0,14.222757230690188,1.86553315551606,"[{""result"": ""L"", ""date"": ""2025-08-07""}, {""result"": ""L"", ""date"": ""2025-08-25""}]"
Dennis Novak,2023-09-15,1382.2287648725528,1512.5972047038613,1466.9377494363478,1482.462026380079,1435.2348120226925,0.2806935078124999,0.3693781249999999,0.1594996209647963,0.2364180254609729,0.1543278591886282,0.1007480725530902,-6.0,31.8940898069594,1.274181425256112,[]
Salvatore Caruso,2022-01-17,1373.6463311004463,1512.814308212328,1434.282743632842,1483.5192876746064,1460.1220170599065,0.1465237654125488,0.3612499999999999,0.2643339727432831,0.2319465631338037,0.1562941852242564,0.1436472137711837,-2.0,18.805426116938595,1.3766464032681471,[]
Constant Lestienne,2024-08-26,1371.927033740656,1565.314566616396,1459.914231723202,1456.5011336595244,1433.5337563563664,0.2218526562499999,0.2168609714843749,0.2197008087759715,0.2003419928823585,0.133348870745266,0.0812484865883984,-7.0,17.154463246008284,2.302883771484088,[]
Hugo Dellien,2026-05-25,1371.703189068827,1478.000652628638,1427.7937367647514,1474.1312053742615,1451.8444200215142,0.2255423040794902,0.3070624999999999,0.1885747578124999,0.2326939353263022,0.167451866172246,0.1263673416600454,-3.0,30.424931709831352,1.1375383592571449,"[{""result"": ""L"", ""date"": ""2025-06-30""}, {""result"": ""L"", ""date"": ""2025-08-25""}, {""result"": ""L"", ""date"": ""5/25/2026""}]"
Feliciano Lopez,2023-06-26,1370.122542312825,1512.0147860198142,1449.83079428448,1470.0642966388302,1425.3893760665549,0.2153968813773875,0.3588721472226321,0.2478198214300072,0.2752208431910807,0.292332198734137,0.3482562699758555,-1.0,22.919654946000318,3.7192419582122014,[]
Fernando Verdasco,2023-04-17,1359.6381090067648,1481.292522379339,1465.5753013161902,1482.56701638117,1421.1409114194591,0.3186634881286617,0.3612499999999999,0.149421816068086,0.2286815403306671,0.1384641594655127,0.0801425959076072,-6.0,21.208016611387254,1.9614527422342345,[]
Chun-Hsin Tseng,2026-03-04,1357.4867620766806,1486.6718102794634,1482.578447941632,1482.45139312318,1391.1730568872522,0.3885031249999999,0.3612499999999999,0.0829075821547197,0.198978685464764,0.1152969056963015,0.0684336022717436,-3.0,34.07719733860061,1.1387927293458828,"[{""result"": ""L"", ""date"": ""2025-06-30""}, {""result"": ""L"", ""date"": ""2025-08-25""}, {""result"": ""L"", ""date"": ""2026-03-04""}]"
Benoit Paire,2024-07-15,1331.9503520122678,1478.8600262127836,1387.0418786204896,1467.2728923529755,1417.7444480095403,0.0867079110308976,0.3160747578124999,0.2407653829701294,0.2059177198941764,0.2214568324566392,0.2589795079573018,-1.0,24.47828649816295,2.148360917267607,[]
